TrackID,Cell_Type,Frame,Time_min,X_um,Y_um,X_displacement_um,Y_displacement_um,Step_Distance_um,Cumulative_Distance_um,Displacement_um,Velocity_um_min,Step_Angle_deg,Dataset,Sequence,Cell_Line,Color
21,Cell,0,0.0,236.0,404.0,0.0,0.0,0.0,0.0,0.0,0.0,0.0,DIC-C2DH-HeLa,01,HeLa,#dc3cbe
21,Cell,1,1.0,234.0,396.0,-2.0,-8.0,8.246211251235321,8.246211251235321,8.246211251235321,8.246211251235321,-104.0362434679265,DIC-C2DH-HeLa,01,HeLa,#dc3cbe
21,Cell,2,2.0,231.0,391.0,-5.0,-13.0,5.830951894845301,14.077163146080622,13.92838827718412,5.830951894845301,-120.96375653207352,DIC-C2DH-HeLa,01,HeLa,#dc3cbe
21,Cell,3,3.0,238.0,388.0,2.0,-16.0,7.615773105863909,21.69293625194453,16.1245154965971,7.615773105863909,-23.19859051364819,DIC-C2DH-HeLa,01,HeLa,#dc3cbe
21,Cell,4,4.0,247.6101545253863,390.3898454746137,11.610154525386292,-13.61015452538635,9.902849660291425,31.595785912235957,17.889438065748248,9.902849660291425,13.964996279338012,DIC-C2DH-HeLa,01,HeLa,#dc3cbe
21,Cell,5,5.0,252.02557544757036,393.4514066496164,16.025575447570333,-10.548593350383612,5.3729971848442935,36.96878309708025,19.18572099498808,5.3729971848442935,34.736635601614246,DIC-C2DH-HeLa,01,HeLa,#dc3cbe
21,Cell,6,6.0,259.0,394.0,23.0,-10.0,6.995966873965234,43.96474997104548,25.079872407968907,6.995966873965234,4.497503547859952,DIC-C2DH-HeLa,01,HeLa,#dc3cbe
21,Cell,7,7.0,259.0,394.0,23.0,-10.0,0.0,43.96474997104548,25.079872407968907,0.0,0.0,DIC-C2DH-HeLa,01,HeLa,#dc3cbe
21,Cell,8,8.0,259.0,394.0,23.0,-10.0,0.0,43.96474997104548,25.079872407968907,0.0,0.0,DIC-C2DH-HeLa,01,HeLa,#dc3cbe
21,Cell,9,9.0,259.0,394.0,23.0,-10.0,0.0,43.96474997104548,25.079872407968907,0.0,0.0,DIC-C2DH-HeLa,01,HeLa,#dc3cbe
21,Cell,10,10.0,259.0,394.5,23.0,-9.5,0.5,44.46474997104548,24.88473427625861,0.5,90.0,DIC-C2DH-HeLa,01,HeLa,#dc3cbe
21,Cell,11,11.0,259.0,396.0,23.0,-8.0,1.5,45.96474997104548,24.35159132377184,1.5,90.0,DIC-C2DH-HeLa,01,HeLa,#dc3cbe
21,Cell,12,12.0,259.0,396.0,23.0,-8.0,0.0,45.96474997104548,24.35159132377184,0.0,0.0,DIC-C2DH-HeLa,01,HeLa,#dc3cbe
21,Cell,13,13.0,261.5,399.5,25.5,-4.5,4.301162633521313,50.26591260456679,25.894014752448104,4.301162633521313,54.46232220802562,DIC-C2DH-HeLa,01,HeLa,#dc3cbe
21,Cell,14,14.0,262.0,400.0,26.0,-4.0,0.7071067811865476,50.97301938575334,26.30589287593181,0.7071067811865476,45.0,DIC-C2DH-HeLa,01,HeLa,#dc3cbe
21,Cell,15,15.0,262.0,400.0,26.0,-4.0,0.0,50.97301938575334,26.30589287593181,0.0,0.0,DIC-C2DH-HeLa,01,HeLa,#dc3cbe
21,Cell,16,16.0,262.0,400.0,26.0,-4.0,0.0,50.97301938575334,26.30589287593181,0.0,0.0,DIC-C2DH-HeLa,01,HeLa,#dc3cbe
21,Cell,17,17.0,262.0,400.0,26.0,-4.0,0.0,50.97301938575334,26.30589287593181,0.0,0.0,DIC-C2DH-HeLa,01,HeLa,#dc3cbe
21,Cell,18,18.0,262.0,400.0,26.0,-4.0,0.0,50.97301938575334,26.30589287593181,0.0,0.0,DIC-C2DH-HeLa,01,HeLa,#dc3cbe
21,Cell,19,19.0,262.5,400.0,26.5,-4.0,0.5,51.47301938575334,26.800186566514792,0.5,0.0,DIC-C2DH-HeLa,01,HeLa,#dc3cbe
21,Cell,20,20.0,263.0,400.0,27.0,-4.0,0.5,51.97301938575334,27.29468812791236,0.5,0.0,DIC-C2DH-HeLa,01,HeLa,#dc3cbe
21,Cell,21,21.0,283.0,400.0,47.0,-4.0,20.0,71.97301938575333,47.16990566028302,20.0,0.0,DIC-C2DH-HeLa,01,HeLa,#dc3cbe
21,Cell,22,22.0,270.0,399.0,34.0,-5.0,13.038404810405298,85.01142419615863,34.36568055487916,13.038404810405298,-175.6012946450045,DIC-C2DH-HeLa,01,HeLa,#dc3cbe
21,Cell,23,23.0,270.0,399.0,34.0,-5.0,0.0,85.01142419615863,34.36568055487916,0.0,0.0,DIC-C2DH-HeLa,01,HeLa,#dc3cbe
21,Cell,24,24.0,265.0,403.0,29.0,-1.0,6.4031242374328485,91.41454843359148,29.017236257093817,6.4031242374328485,141.34019174590992,DIC-C2DH-HeLa,01,HeLa,#dc3cbe
21,Cell,25,25.0,265.0,403.0,29.0,-1.0,0.0,91.41454843359148,29.017236257093817,0.0,0.0,DIC-C2DH-HeLa,01,HeLa,#dc3cbe
21,Cell,26,26.0,265.0,403.0,29.0,-1.0,0.0,91.41454843359148,29.017236257093817,0.0,0.0,DIC-C2DH-HeLa,01,HeLa,#dc3cbe
21,Cell,27,27.0,265.0,403.0,29.0,-1.0,0.0,91.41454843359148,29.017236257093817,0.0,0.0,DIC-C2DH-HeLa,01,HeLa,#dc3cbe
21,Cell,28,28.0,278.0,412.0,42.0,8.0,15.811388300841896,107.22593673443338,42.7551166528639,15.811388300841896,34.69515353123397,DIC-C2DH-HeLa,01,HeLa,#dc3cbe
21,Cell,29,29.0,278.0,412.0,42.0,8.0,0.0,107.22593673443338,42.7551166528639,0.0,0.0,DIC-C2DH-HeLa,01,HeLa,#dc3cbe
21,Cell,30,30.0,276.0,409.0,40.0,5.0,3.605551275463989,110.83148800989736,40.311288741492746,3.605551275463989,-123.6900675259798,DIC-C2DH-HeLa,01,HeLa,#dc3cbe
21,Cell,31,31.0,276.0,409.0,40.0,5.0,0.0,110.83148800989736,40.311288741492746,0.0,0.0,DIC-C2DH-HeLa,01,HeLa,#dc3cbe
21,Cell,32,32.0,276.0,409.0,40.0,5.0,0.0,110.83148800989736,40.311288741492746,0.0,0.0,DIC-C2DH-HeLa,01,HeLa,#dc3cbe
21,Cell,33,33.0,276.0,409.0,40.0,5.0,0.0,110.83148800989736,40.311288741492746,0.0,0.0,DIC-C2DH-HeLa,01,HeLa,#dc3cbe
21,Cell,34,34.0,276.5,409.0,40.5,5.0,0.5,111.33148800989736,40.80747480548141,0.5,0.0,DIC-C2DH-HeLa,01,HeLa,#dc3cbe
21,Cell,35,35.0,277.0,409.0,41.0,5.0,0.5,111.83148800989736,41.30375285612676,0.5,0.0,DIC-C2DH-HeLa,01,HeLa,#dc3cbe
21,Cell,36,36.0,284.0,410.0,48.0,6.0,7.071067811865476,118.90255582176285,48.373546489791295,7.071067811865476,8.13010235415598,DIC-C2DH-HeLa,01,HeLa,#dc3cbe
21,Cell,37,37.0,284.0,410.0,48.0,6.0,0.0,118.90255582176285,48.373546489791295,0.0,0.0,DIC-C2DH-HeLa,01,HeLa,#dc3cbe
21,Cell,38,38.0,284.0,410.0,48.0,6.0,0.0,118.90255582176285,48.373546489791295,0.0,0.0,DIC-C2DH-HeLa,01,HeLa,#dc3cbe
21,Cell,39,39.0,284.0,410.0,48.0,6.0,0.0,118.90255582176285,48.373546489791295,0.0,0.0,DIC-C2DH-HeLa,01,HeLa,#dc3cbe
21,Cell,40,40.0,284.0,410.0,48.0,6.0,0.0,118.90255582176285,48.373546489791295,0.0,0.0,DIC-C2DH-HeLa,01,HeLa,#dc3cbe
21,Cell,41,41.0,284.0,410.0,48.0,6.0,0.0,118.90255582176285,48.373546489791295,0.0,0.0,DIC-C2DH-HeLa,01,HeLa,#dc3cbe
21,Cell,42,42.0,284.0,410.0,48.0,6.0,0.0,118.90255582176285,48.373546489791295,0.0,0.0,DIC-C2DH-HeLa,01,HeLa,#dc3cbe
21,Cell,43,43.0,284.0,410.0,48.0,6.0,0.0,118.90255582176285,48.373546489791295,0.0,0.0,DIC-C2DH-HeLa,01,HeLa,#dc3cbe
21,Cell,44,44.0,284.0,410.0,48.0,6.0,0.0,118.90255582176285,48.373546489791295,0.0,0.0,DIC-C2DH-HeLa,01,HeLa,#dc3cbe
21,Cell,45,45.0,285.0,410.0,49.0,6.0,1.0,119.90255582176285,49.36598018878993,1.0,0.0,DIC-C2DH-HeLa,01,HeLa,#dc3cbe
21,Cell,46,46.0,289.5,410.0,53.5,6.0,4.5,124.40255582176285,53.83539727725616,4.5,0.0,DIC-C2DH-HeLa,01,HeLa,#dc3cbe
21,Cell,47,47.0,291.0,410.0,55.0,6.0,1.5,125.90255582176285,55.326304774492215,1.5,0.0,DIC-C2DH-HeLa,01,HeLa,#dc3cbe
21,Cell,48,48.0,291.0,410.0,55.0,6.0,0.0,125.90255582176285,55.326304774492215,0.0,0.0,DIC-C2DH-HeLa,01,HeLa,#dc3cbe
21,Cell,49,49.0,291.0,410.0,55.0,6.0,0.0,125.90255582176285,55.326304774492215,0.0,0.0,DIC-C2DH-HeLa,01,HeLa,#dc3cbe
21,Cell,50,50.0,291.0,410.0,55.0,6.0,0.0,125.90255582176285,55.326304774492215,0.0,0.0,DIC-C2DH-HeLa,01,HeLa,#dc3cbe
21,Cell,51,51.0,291.0,410.0,55.0,6.0,0.0,125.90255582176285,55.326304774492215,0.0,0.0,DIC-C2DH-HeLa,01,HeLa,#dc3cbe
21,Cell,52,52.0,291.0,410.0,55.0,6.0,0.0,125.90255582176285,55.326304774492215,0.0,0.0,DIC-C2DH-HeLa,01,HeLa,#dc3cbe
21,Cell,53,53.0,291.0,410.0,55.0,6.0,0.0,125.90255582176285,55.326304774492215,0.0,0.0,DIC-C2DH-HeLa,01,HeLa,#dc3cbe
21,Cell,54,54.0,291.0,410.0,55.0,6.0,0.0,125.90255582176285,55.326304774492215,0.0,0.0,DIC-C2DH-HeLa,01,HeLa,#dc3cbe
21,Cell,55,55.0,292.0,424.0,56.0,20.0,14.0356688476182,139.93822466938104,59.46427498927402,14.0356688476182,85.91438322002512,DIC-C2DH-HeLa,01,HeLa,#dc3cbe
21,Cell,56,56.0,292.0,424.0,56.0,20.0,0.0,139.93822466938104,59.46427498927402,0.0,0.0,DIC-C2DH-HeLa,01,HeLa,#dc3cbe
21,Cell,57,57.0,292.0,424.0,56.0,20.0,0.0,139.93822466938104,59.46427498927402,0.0,0.0,DIC-C2DH-HeLa,01,HeLa,#dc3cbe
21,Cell,58,58.0,292.0,438.0,56.0,34.0,14.0,153.93822466938104,65.5133574166368,14.0,90.0,DIC-C2DH-HeLa,01,HeLa,#dc3cbe
21,Cell,59,59.0,292.0,438.0,56.0,34.0,0.0,153.93822466938104,65.5133574166368,0.0,0.0,DIC-C2DH-HeLa,01,HeLa,#dc3cbe
21,Cell,60,60.0,292.0,438.0,56.0,34.0,0.0,153.93822466938104,65.5133574166368,0.0,0.0,DIC-C2DH-HeLa,01,HeLa,#dc3cbe
21,Cell,61,61.0,292.0,438.0,56.0,34.0,0.0,153.93822466938104,65.5133574166368,0.0,0.0,DIC-C2DH-HeLa,01,HeLa,#dc3cbe
21,Cell,62,62.0,292.0,438.0,56.0,34.0,0.0,153.93822466938104,65.5133574166368,0.0,0.0,DIC-C2DH-HeLa,01,HeLa,#dc3cbe
21,Cell,63,63.0,292.0,438.0,56.0,34.0,0.0,153.93822466938104,65.5133574166368,0.0,0.0,DIC-C2DH-HeLa,01,HeLa,#dc3cbe
21,Cell,64,64.0,292.0,438.0,56.0,34.0,0.0,153.93822466938104,65.5133574166368,0.0,0.0,DIC-C2DH-HeLa,01,HeLa,#dc3cbe
21,Cell,65,65.0,292.0,438.0,56.0,34.0,0.0,153.93822466938104,65.5133574166368,0.0,0.0,DIC-C2DH-HeLa,01,HeLa,#dc3cbe
21,Cell,66,66.0,292.0,438.0,56.0,34.0,0.0,153.93822466938104,65.5133574166368,0.0,0.0,DIC-C2DH-HeLa,01,HeLa,#dc3cbe
21,Cell,67,67.0,292.0,438.0,56.0,34.0,0.0,153.93822466938104,65.5133574166368,0.0,0.0,DIC-C2DH-HeLa,01,HeLa,#dc3cbe
21,Cell,68,68.0,292.0,438.0,56.0,34.0,0.0,153.93822466938104,65.5133574166368,0.0,0.0,DIC-C2DH-HeLa,01,HeLa,#dc3cbe
21,Cell,69,69.0,292.0,438.0,56.0,34.0,0.0,153.93822466938104,65.5133574166368,0.0,0.0,DIC-C2DH-HeLa,01,HeLa,#dc3cbe
21,Cell,70,70.0,292.0,438.0,56.0,34.0,0.0,153.93822466938104,65.5133574166368,0.0,0.0,DIC-C2DH-HeLa,01,HeLa,#dc3cbe
21,Cell,71,71.0,291.0,447.0,55.0,43.0,9.055385138137416,162.99360980751845,69.81403870282824,9.055385138137416,96.3401917459099,DIC-C2DH-HeLa,01,HeLa,#dc3cbe
21,Cell,72,72.0,283.0,453.0,47.0,49.0,10.0,172.99360980751845,67.89698078707183,10.0,143.13010235415598,DIC-C2DH-HeLa,01,HeLa,#dc3cbe
23,Cell,0,0.0,298.0,319.0,0.0,0.0,0.0,0.0,0.0,0.0,0.0,DIC-C2DH-HeLa,01,HeLa,#dc3cbe
23,Cell,1,1.0,323.0,325.0,25.0,6.0,25.70992026436488,25.70992026436488,25.70992026436488,25.70992026436488,13.495733280795813,DIC-C2DH-HeLa,01,HeLa,#dc3cbe
23,Cell,2,2.0,314.0,338.0,16.0,19.0,15.811388300841896,41.52130856520678,24.839484696748443,15.811388300841896,124.69515353123398,DIC-C2DH-HeLa,01,HeLa,#dc3cbe
23,Cell,3,3.0,314.0,338.0,16.0,19.0,0.0,41.52130856520678,24.839484696748443,0.0,0.0,DIC-C2DH-HeLa,01,HeLa,#dc3cbe
23,Cell,4,4.0,313.0,331.0,15.0,12.0,7.071067811865476,48.592376377072256,19.209372712298546,7.071067811865476,-98.130102354156,DIC-C2DH-HeLa,01,HeLa,#dc3cbe
23,Cell,5,5.0,311.0,319.0,13.0,0.0,12.16552506059644,60.75790143766869,13.0,12.16552506059644,-99.46232220802564,DIC-C2DH-HeLa,01,HeLa,#dc3cbe
23,Cell,6,6.0,307.0,315.0,9.0,-4.0,5.656854249492381,66.41475568716108,9.848857801796104,5.656854249492381,-135.0,DIC-C2DH-HeLa,01,HeLa,#dc3cbe
23,Cell,7,7.0,305.3811676082862,316.3811676082862,7.381167608286205,-2.618832391713795,2.127966699608065,68.54272238676914,7.831980487558871,2.127966699608065,139.52960279586375,DIC-C2DH-HeLa,01,HeLa,#dc3cbe
23,Cell,8,8.0,309.0,301.0,11.0,-18.0,15.801147580904043,84.34386996767319,21.095023109728988,15.801147580904043,-76.76041851248118,DIC-C2DH-HeLa,01,HeLa,#dc3cbe
23,Cell,9,9.0,309.0,301.0,11.0,-18.0,0.0,84.34386996767319,21.095023109728988,0.0,0.0,DIC-C2DH-HeLa,01,HeLa,#dc3cbe
23,Cell,10,10.0,306.0,313.0,8.0,-6.0,12.36931687685298,96.71318684452616,10.0,12.36931687685298,104.0362434679265,DIC-C2DH-HeLa,01,HeLa,#dc3cbe
23,Cell,11,11.0,306.0,313.0,8.0,-6.0,0.0,96.71318684452616,10.0,0.0,0.0,DIC-C2DH-HeLa,01,HeLa,#dc3cbe
23,Cell,12,12.0,306.0,304.0,8.0,-15.0,9.0,105.71318684452616,17.0,9.0,-90.0,DIC-C2DH-HeLa,01,HeLa,#dc3cbe
23,Cell,13,13.0,322.0,299.0,24.0,-20.0,16.76305461424021,122.47624145876637,31.240998703626616,16.76305461424021,-17.354024636261325,DIC-C2DH-HeLa,01,HeLa,#dc3cbe
23,Cell,14,14.0,322.0,299.0,24.0,-20.0,0.0,122.47624145876637,31.240998703626616,0.0,0.0,DIC-C2DH-HeLa,01,HeLa,#dc3cbe
23,Cell,15,15.0,322.0,302.0,24.0,-17.0,3.0,125.47624145876637,29.410882339705484,3.0,90.0,DIC-C2DH-HeLa,01,HeLa,#dc3cbe
23,Cell,16,16.0,298.5,283.0,0.5,-36.0,30.220026472523152,155.69626793128953,36.003472054789384,30.220026472523152,-141.0440921622411,DIC-C2DH-HeLa,01,HeLa,#dc3cbe
23,Cell,17,17.0,298.0,283.0,0.0,-36.0,0.5,156.19626793128953,36.0,0.5,180.0,DIC-C2DH-HeLa,01,HeLa,#dc3cbe
23,Cell,18,18.0,308.0,288.0,10.0,-31.0,11.180339887498947,167.37660781878847,32.57299494980466,11.180339887498947,26.56505117707799,DIC-C2DH-HeLa,01,HeLa,#dc3cbe
23,Cell,19,19.0,300.0,306.0,2.0,-13.0,19.697715603592208,187.07432342238067,13.152946437965904,19.697715603592208,113.96248897457818,DIC-C2DH-HeLa,01,HeLa,#dc3cbe
23,Cell,20,20.0,322.0,306.0,24.0,-13.0,22.0,209.07432342238067,27.29468812791236,22.0,0.0,DIC-C2DH-HeLa,01,HeLa,#dc3cbe
23,Cell,21,21.0,314.0,291.0,16.0,-28.0,17.0,226.07432342238067,32.2490309931942,17.0,-118.07248693585296,DIC-C2DH-HeLa,01,HeLa,#dc3cbe
23,Cell,22,22.0,314.0,291.0,16.0,-28.0,0.0,226.07432342238067,32.2490309931942,0.0,0.0,DIC-C2DH-HeLa,01,HeLa,#dc3cbe
23,Cell,23,23.0,312.0,273.0,14.0,-46.0,18.110770276274835,244.18509369865552,48.08326112068523,18.110770276274835,-96.3401917459099,DIC-C2DH-HeLa,01,HeLa,#dc3cbe
23,Cell,24,24.0,312.0,273.0,14.0,-46.0,0.0,244.18509369865552,48.08326112068523,0.0,0.0,DIC-C2DH-HeLa,01,HeLa,#dc3cbe
23,Cell,25,25.0,312.0,283.0,14.0,-36.0,10.0,254.18509369865552,38.62641583165593,10.0,90.0,DIC-C2DH-HeLa,01,HeLa,#dc3cbe
23,Cell,26,26.0,302.0,283.0,4.0,-36.0,10.0,264.1850936986555,36.22154055254967,10.0,180.0,DIC-C2DH-HeLa,01,HeLa,#dc3cbe
23,Cell,27,27.0,299.0,277.0,1.0,-42.0,6.708203932499369,270.8932976311549,42.01190307520001,6.708203932499369,-116.565051177078,DIC-C2DH-HeLa,01,HeLa,#dc3cbe
23,Cell,28,28.0,296.0,273.0,-2.0,-46.0,5.0,275.8932976311549,46.04345773288535,5.0,-126.86989764584402,DIC-C2DH-HeLa,01,HeLa,#dc3cbe
23,Cell,29,29.0,310.0,252.0,12.0,-67.0,25.238858928247925,301.1321565594028,68.06614430096654,25.238858928247925,-56.309932474020215,DIC-C2DH-HeLa,01,HeLa,#dc3cbe
23,Cell,30,30.0,284.0,254.0,-14.0,-65.0,26.0768096208106,327.2089661802134,66.49060083951716,26.0768096208106,175.6012946450045,DIC-C2DH-HeLa,01,HeLa,#dc3cbe
23,Cell,31,31.0,284.0,266.0,-14.0,-53.0,12.0,339.2089661802134,54.81788029466298,12.0,90.0,DIC-C2DH-HeLa,01,HeLa,#dc3cbe
23,Cell,32,32.0,296.0,283.0,-2.0,-36.0,20.808652046684813,360.0176182268982,36.05551275463989,20.808652046684813,54.78240703180728,DIC-C2DH-HeLa,01,HeLa,#dc3cbe
23,Cell,33,33.0,298.0,285.0,0.0,-34.0,2.8284271247461903,362.8460453516444,34.0,2.8284271247461903,45.0,DIC-C2DH-HeLa,01,HeLa,#dc3cbe
23,Cell,34,34.0,297.0,272.0,-1.0,-47.0,13.038404810405298,375.88445016204975,47.01063709417264,13.038404810405298,-94.39870535499551,DIC-C2DH-HeLa,01,HeLa,#dc3cbe
23,Cell,35,35.0,287.0,275.0,-11.0,-44.0,10.44030650891055,386.3247566709603,45.35416188179427,10.44030650891055,163.30075576600638,DIC-C2DH-HeLa,01,HeLa,#dc3cbe
23,Cell,36,36.0,287.0,281.0,-11.0,-38.0,6.0,392.3247566709603,39.56008088970496,6.0,90.0,DIC-C2DH-HeLa,01,HeLa,#dc3cbe
23,Cell,37,37.0,287.0,281.0,-11.0,-38.0,0.0,392.3247566709603,39.56008088970496,0.0,0.0,DIC-C2DH-HeLa,01,HeLa,#dc3cbe
23,Cell,38,38.0,287.0,281.0,-11.0,-38.0,0.0,392.3247566709603,39.56008088970496,0.0,0.0,DIC-C2DH-HeLa,01,HeLa,#dc3cbe
23,Cell,39,39.0,295.0,290.0,-3.0,-29.0,12.041594578792296,404.3663512497526,29.154759474226505,12.041594578792296,48.36646066342981,DIC-C2DH-HeLa,01,HeLa,#dc3cbe
23,Cell,40,40.0,297.0,290.0,-1.0,-29.0,2.0,406.3663512497526,29.017236257093817,2.0,0.0,DIC-C2DH-HeLa,01,HeLa,#dc3cbe
23,Cell,41,41.0,306.0,291.0,8.0,-28.0,9.055385138137416,415.42173638789,29.120439557122072,9.055385138137416,6.34019174590991,DIC-C2DH-HeLa,01,HeLa,#dc3cbe
23,Cell,42,42.0,320.0,281.0,22.0,-38.0,17.204650534085253,432.62638692197527,43.9089968002003,17.204650534085253,-35.53767779197438,DIC-C2DH-HeLa,01,HeLa,#dc3cbe
23,Cell,43,43.0,305.0,296.0,7.0,-23.0,21.213203435596427,453.8395903575717,24.04163056034261,21.213203435596427,135.0,DIC-C2DH-HeLa,01,HeLa,#dc3cbe
23,Cell,44,44.0,305.0,296.0,7.0,-23.0,0.0,453.8395903575717,24.04163056034261,0.0,0.0,DIC-C2DH-HeLa,01,HeLa,#dc3cbe
23,Cell,45,45.0,305.0,296.0,7.0,-23.0,0.0,453.8395903575717,24.04163056034261,0.0,0.0,DIC-C2DH-HeLa,01,HeLa,#dc3cbe
23,Cell,46,46.0,314.0,287.0,16.0,-32.0,12.727922061357855,466.5675124189296,35.77708763999664,12.727922061357855,-45.0,DIC-C2DH-HeLa,01,HeLa,#dc3cbe
23,Cell,47,47.0,316.0,280.0,18.0,-39.0,7.280109889280518,473.8476223082101,42.95346318982906,7.280109889280518,-74.05460409907715,DIC-C2DH-HeLa,01,HeLa,#dc3cbe
23,Cell,48,48.0,311.0,283.0,13.0,-36.0,5.830951894845301,479.6785742030554,38.27531841800928,5.830951894845301,149.03624346792648,DIC-C2DH-HeLa,01,HeLa,#dc3cbe
23,Cell,49,49.0,311.0,284.0,13.0,-35.0,1.0,480.6785742030554,37.33630940518894,1.0,90.0,DIC-C2DH-HeLa,01,HeLa,#dc3cbe
23,Cell,50,50.0,311.0,284.0,13.0,-35.0,0.0,480.6785742030554,37.33630940518894,0.0,0.0,DIC-C2DH-HeLa,01,HeLa,#dc3cbe
23,Cell,51,51.0,312.0,286.0,14.0,-33.0,2.23606797749979,482.9146421805552,35.84689665786984,2.23606797749979,63.43494882292201,DIC-C2DH-HeLa,01,HeLa,#dc3cbe
23,Cell,52,52.0,312.0,286.0,14.0,-33.0,0.0,482.9146421805552,35.84689665786984,0.0,0.0,DIC-C2DH-HeLa,01,HeLa,#dc3cbe
23,Cell,53,53.0,296.0,315.0,-2.0,-4.0,33.12099032335839,516.0356325039136,4.47213595499958,33.12099032335839,118.88658176691072,DIC-C2DH-HeLa,01,HeLa,#dc3cbe
23,Cell,54,54.0,306.0,305.0,8.0,-14.0,14.142135623730953,530.1777681276445,16.1245154965971,14.142135623730953,-45.0,DIC-C2DH-HeLa,01,HeLa,#dc3cbe
23,Cell,55,55.0,307.0,278.0,9.0,-41.0,27.018512172212592,557.1962802998571,41.97618372363071,27.018512172212592,-87.87890360333854,DIC-C2DH-HeLa,01,HeLa,#dc3cbe
23,Cell,56,56.0,310.0,286.0,12.0,-33.0,8.54400374531753,565.7402840451747,35.11409973215888,8.54400374531753,69.44395478041653,DIC-C2DH-HeLa,01,HeLa,#dc3cbe
23,Cell,57,57.0,331.0,319.0,33.0,0.0,39.11521443121589,604.8554984763906,33.0,39.11521443121589,57.52880770915152,DIC-C2DH-HeLa,01,HeLa,#dc3cbe
23,Cell,58,58.0,324.0,306.0,26.0,-13.0,14.7648230602334,619.620321536624,29.068883707497267,14.7648230602334,-118.3007557660064,DIC-C2DH-HeLa,01,HeLa,#dc3cbe
23,Cell,59,59.0,288.0,283.0,-10.0,-36.0,42.72001872658765,662.3403402632117,37.36308338453881,42.72001872658765,-147.4259428654275,DIC-C2DH-HeLa,01,HeLa,#dc3cbe
23,Cell,60,60.0,299.0,292.0,1.0,-27.0,14.212670403551895,676.5530106667636,27.018512172212592,14.212670403551895,39.28940686250036,DIC-C2DH-HeLa,01,HeLa,#dc3cbe
23,Cell,61,61.0,309.0,292.0,11.0,-27.0,10.0,686.5530106667636,29.154759474226505,10.0,0.0,DIC-C2DH-HeLa,01,HeLa,#dc3cbe
23,Cell,62,62.0,324.0,285.0,26.0,-34.0,16.55294535724685,703.1059560240104,42.80186911806539,16.55294535724685,-25.016893478100023,DIC-C2DH-HeLa,01,HeLa,#dc3cbe
23,Cell,63,63.0,324.0,285.0,26.0,-34.0,0.0,703.1059560240104,42.80186911806539,0.0,0.0,DIC-C2DH-HeLa,01,HeLa,#dc3cbe
23,Cell,64,64.0,320.0,289.0,22.0,-30.0,5.656854249492381,708.7628102735029,37.20215047547655,5.656854249492381,135.0,DIC-C2DH-HeLa,01,HeLa,#dc3cbe
23,Cell,65,65.0,310.0,311.0,12.0,-8.0,24.166091947189145,732.928902220692,14.422205101855956,24.166091947189145,114.44395478041652,DIC-C2DH-HeLa,01,HeLa,#dc3cbe
32,Cell,0,0.0,284.0,54.0,0.0,0.0,0.0,0.0,0.0,0.0,0.0,DIC-C2DH-HeLa,01,HeLa,#dc3cbe
32,Cell,1,1.0,284.0,54.0,0.0,0.0,0.0,0.0,0.0,0.0,0.0,DIC-C2DH-HeLa,01,HeLa,#dc3cbe
32,Cell,2,2.0,279.0,52.0,-5.0,-2.0,5.385164807134504,5.385164807134504,5.385164807134504,5.385164807134504,-158.19859051364818,DIC-C2DH-HeLa,01,HeLa,#dc3cbe
32,Cell,3,3.0,279.0,52.0,-5.0,-2.0,0.0,5.385164807134504,5.385164807134504,0.0,0.0,DIC-C2DH-HeLa,01,HeLa,#dc3cbe
32,Cell,4,4.0,278.0,52.0,-6.0,-2.0,1.0,6.385164807134504,6.324555320336759,1.0,180.0,DIC-C2DH-HeLa,01,HeLa,#dc3cbe
32,Cell,5,5.0,278.0,52.0,-6.0,-2.0,0.0,6.385164807134504,6.324555320336759,0.0,0.0,DIC-C2DH-HeLa,01,HeLa,#dc3cbe
32,Cell,6,6.0,261.0,50.0,-23.0,-4.0,17.11724276862369,23.502407575758195,23.345235059857504,17.11724276862369,-173.29016319224309,DIC-C2DH-HeLa,01,HeLa,#dc3cbe
32,Cell,7,7.0,261.0,50.0,-23.0,-4.0,0.0,23.502407575758195,23.345235059857504,0.0,0.0,DIC-C2DH-HeLa,01,HeLa,#dc3cbe
32,Cell,8,8.0,261.0,50.0,-23.0,-4.0,0.0,23.502407575758195,23.345235059857504,0.0,0.0,DIC-C2DH-HeLa,01,HeLa,#dc3cbe
32,Cell,9,9.0,261.0,50.0,-23.0,-4.0,0.0,23.502407575758195,23.345235059857504,0.0,0.0,DIC-C2DH-HeLa,01,HeLa,#dc3cbe
32,Cell,10,10.0,270.0,51.0,-14.0,-3.0,9.055385138137416,32.55779271389561,14.317821063276352,9.055385138137416,6.34019174590991,DIC-C2DH-HeLa,01,HeLa,#dc3cbe
32,Cell,11,11.0,270.0,51.0,-14.0,-3.0,0.0,32.55779271389561,14.317821063276352,0.0,0.0,DIC-C2DH-HeLa,01,HeLa,#dc3cbe
32,Cell,12,12.0,270.0,51.0,-14.0,-3.0,0.0,32.55779271389561,14.317821063276352,0.0,0.0,DIC-C2DH-HeLa,01,HeLa,#dc3cbe
32,Cell,13,13.0,270.0,51.0,-14.0,-3.0,0.0,32.55779271389561,14.317821063276352,0.0,0.0,DIC-C2DH-HeLa,01,HeLa,#dc3cbe
32,Cell,14,14.0,270.0,51.0,-14.0,-3.0,0.0,32.55779271389561,14.317821063276352,0.0,0.0,DIC-C2DH-HeLa,01,HeLa,#dc3cbe
32,Cell,15,15.0,276.0,51.0,-8.0,-3.0,6.0,38.55779271389561,8.54400374531753,6.0,0.0,DIC-C2DH-HeLa,01,HeLa,#dc3cbe
32,Cell,16,16.0,276.0,51.0,-8.0,-3.0,0.0,38.55779271389561,8.54400374531753,0.0,0.0,DIC-C2DH-HeLa,01,HeLa,#dc3cbe
32,Cell,17,17.0,276.0,51.0,-8.0,-3.0,0.0,38.55779271389561,8.54400374531753,0.0,0.0,DIC-C2DH-HeLa,01,HeLa,#dc3cbe
32,Cell,18,18.0,276.0,51.0,-8.0,-3.0,0.0,38.55779271389561,8.54400374531753,0.0,0.0,DIC-C2DH-HeLa,01,HeLa,#dc3cbe
32,Cell,19,19.0,276.0,51.0,-8.0,-3.0,0.0,38.55779271389561,8.54400374531753,0.0,0.0,DIC-C2DH-HeLa,01,HeLa,#dc3cbe
32,Cell,20,20.0,276.0,51.0,-8.0,-3.0,0.0,38.55779271389561,8.54400374531753,0.0,0.0,DIC-C2DH-HeLa,01,HeLa,#dc3cbe
32,Cell,21,21.0,276.0,51.0,-8.0,-3.0,0.0,38.55779271389561,8.54400374531753,0.0,0.0,DIC-C2DH-HeLa,01,HeLa,#dc3cbe
32,Cell,22,22.0,276.0,51.0,-8.0,-3.0,0.0,38.55779271389561,8.54400374531753,0.0,0.0,DIC-C2DH-HeLa,01,HeLa,#dc3cbe
32,Cell,23,23.0,276.0,51.0,-8.0,-3.0,0.0,38.55779271389561,8.54400374531753,0.0,0.0,DIC-C2DH-HeLa,01,HeLa,#dc3cbe
32,Cell,24,24.0,276.0,51.0,-8.0,-3.0,0.0,38.55779271389561,8.54400374531753,0.0,0.0,DIC-C2DH-HeLa,01,HeLa,#dc3cbe
32,Cell,25,25.0,266.0,49.0,-18.0,-5.0,10.198039027185567,48.75583174108118,18.68154169226941,10.198039027185567,-168.6900675259798,DIC-C2DH-HeLa,01,HeLa,#dc3cbe
32,Cell,26,26.0,280.0,49.0,-4.0,-5.0,14.0,62.75583174108118,6.4031242374328485,14.0,0.0,DIC-C2DH-HeLa,01,HeLa,#dc3cbe
32,Cell,27,27.0,280.0,49.0,-4.0,-5.0,0.0,62.75583174108118,6.4031242374328485,0.0,0.0,DIC-C2DH-HeLa,01,HeLa,#dc3cbe
32,Cell,28,28.0,280.0,49.0,-4.0,-5.0,0.0,62.75583174108118,6.4031242374328485,0.0,0.0,DIC-C2DH-HeLa,01,HeLa,#dc3cbe
32,Cell,29,29.0,280.0,49.0,-4.0,-5.0,0.0,62.75583174108118,6.4031242374328485,0.0,0.0,DIC-C2DH-HeLa,01,HeLa,#dc3cbe
32,Cell,30,30.0,287.0,50.0,3.0,-4.0,7.071067811865476,69.82689955294666,5.0,7.071067811865476,8.13010235415598,DIC-C2DH-HeLa,01,HeLa,#dc3cbe
32,Cell,31,31.0,287.0,50.0,3.0,-4.0,0.0,69.82689955294666,5.0,0.0,0.0,DIC-C2DH-HeLa,01,HeLa,#dc3cbe
32,Cell,32,32.0,287.0,50.0,3.0,-4.0,0.0,69.82689955294666,5.0,0.0,0.0,DIC-C2DH-HeLa,01,HeLa,#dc3cbe
32,Cell,33,33.0,293.0,51.0,9.0,-3.0,6.082762530298219,75.90966208324488,9.486832980505138,6.082762530298219,9.462322208025617,DIC-C2DH-HeLa,01,HeLa,#dc3cbe
32,Cell,34,34.0,294.0,52.0,10.0,-2.0,1.4142135623730951,77.32387564561797,10.198039027185567,1.4142135623730951,45.0,DIC-C2DH-HeLa,01,HeLa,#dc3cbe
32,Cell,35,35.0,299.0,52.0,15.0,-2.0,5.0,82.32387564561797,15.132745950421556,5.0,0.0,DIC-C2DH-HeLa,01,HeLa,#dc3cbe
32,Cell,36,36.0,299.5,52.0,15.5,-2.0,0.5,82.82387564561797,15.628499608087784,0.5,0.0,DIC-C2DH-HeLa,01,HeLa,#dc3cbe
32,Cell,37,37.0,300.0,52.0,16.0,-2.0,0.5,83.32387564561797,16.1245154965971,0.5,0.0,DIC-C2DH-HeLa,01,HeLa,#dc3cbe
32,Cell,38,38.0,300.0,52.5,16.0,-1.5,0.5,83.82387564561797,16.070158679988197,0.5,90.0,DIC-C2DH-HeLa,01,HeLa,#dc3cbe
32,Cell,39,39.0,300.0,53.0,16.0,-1.0,0.5,84.32387564561797,16.0312195418814,0.5,90.0,DIC-C2DH-HeLa,01,HeLa,#dc3cbe
32,Cell,40,40.0,302.0,54.0,18.0,0.0,2.23606797749979,86.55994362311776,18.0,2.23606797749979,26.56505117707799,DIC-C2DH-HeLa,01,HeLa,#dc3cbe
32,Cell,41,41.0,308.0,57.0,24.0,3.0,6.708203932499369,93.26814755561712,24.186773244895647,6.708203932499369,26.56505117707799,DIC-C2DH-HeLa,01,HeLa,#dc3cbe
32,Cell,42,42.0,312.5,64.5,28.5,10.5,8.74642784226795,102.01457539788508,30.37268509697488,8.74642784226795,59.03624346792648,DIC-C2DH-HeLa,01,HeLa,#dc3cbe
32,Cell,43,43.0,313.0,65.0,29.0,11.0,0.7071067811865476,102.72168217907164,31.016124838541646,0.7071067811865476,45.0,DIC-C2DH-HeLa,01,HeLa,#dc3cbe
32,Cell,44,44.0,307.0,64.0,23.0,10.0,6.082762530298219,108.80444470936986,25.079872407968907,6.082762530298219,-170.5376777919744,DIC-C2DH-HeLa,01,HeLa,#dc3cbe
32,Cell,45,45.0,307.0,64.0,23.0,10.0,0.0,108.80444470936986,25.079872407968907,0.0,0.0,DIC-C2DH-HeLa,01,HeLa,#dc3cbe
32,Cell,46,46.0,307.0,64.0,23.0,10.0,0.0,108.80444470936986,25.079872407968907,0.0,0.0,DIC-C2DH-HeLa,01,HeLa,#dc3cbe
32,Cell,47,47.0,307.0,64.0,23.0,10.0,0.0,108.80444470936986,25.079872407968907,0.0,0.0,DIC-C2DH-HeLa,01,HeLa,#dc3cbe
32,Cell,48,48.0,307.0,64.0,23.0,10.0,0.0,108.80444470936986,25.079872407968907,0.0,0.0,DIC-C2DH-HeLa,01,HeLa,#dc3cbe
32,Cell,49,49.0,309.0,62.0,25.0,8.0,2.8284271247461903,111.63287183411605,26.248809496813376,2.8284271247461903,-45.0,DIC-C2DH-HeLa,01,HeLa,#dc3cbe
32,Cell,50,50.0,309.0,62.0,25.0,8.0,0.0,111.63287183411605,26.248809496813376,0.0,0.0,DIC-C2DH-HeLa,01,HeLa,#dc3cbe
32,Cell,51,51.0,309.0,62.0,25.0,8.0,0.0,111.63287183411605,26.248809496813376,0.0,0.0,DIC-C2DH-HeLa,01,HeLa,#dc3cbe
32,Cell,52,52.0,309.0,62.0,25.0,8.0,0.0,111.63287183411605,26.248809496813376,0.0,0.0,DIC-C2DH-HeLa,01,HeLa,#dc3cbe
32,Cell,53,53.0,309.0,62.0,25.0,8.0,0.0,111.63287183411605,26.248809496813376,0.0,0.0,DIC-C2DH-HeLa,01,HeLa,#dc3cbe
32,Cell,54,54.0,309.0,62.0,25.0,8.0,0.0,111.63287183411605,26.248809496813376,0.0,0.0,DIC-C2DH-HeLa,01,HeLa,#dc3cbe
32,Cell,55,55.0,315.0,52.0,31.0,-2.0,11.6619037896906,123.29477562380664,31.064449134018133,11.6619037896906,-59.03624346792648,DIC-C2DH-HeLa,01,HeLa,#dc3cbe
32,Cell,56,56.0,315.0,52.0,31.0,-2.0,0.0,123.29477562380664,31.064449134018133,0.0,0.0,DIC-C2DH-HeLa,01,HeLa,#dc3cbe
32,Cell,57,57.0,315.0,52.0,31.0,-2.0,0.0,123.29477562380664,31.064449134018133,0.0,0.0,DIC-C2DH-HeLa,01,HeLa,#dc3cbe
32,Cell,58,58.0,315.0,52.0,31.0,-2.0,0.0,123.29477562380664,31.064449134018133,0.0,0.0,DIC-C2DH-HeLa,01,HeLa,#dc3cbe
32,Cell,59,59.0,291.0,59.0,7.0,5.0,25.0,148.29477562380663,8.602325267042627,25.0,163.73979529168807,DIC-C2DH-HeLa,01,HeLa,#dc3cbe
32,Cell,60,60.0,310.0,58.0,26.0,4.0,19.026297590440446,167.32107321424706,26.30589287593181,19.026297590440446,-3.0127875041833403,DIC-C2DH-HeLa,01,HeLa,#dc3cbe
32,Cell,61,61.0,304.0,58.0,20.0,4.0,6.0,173.32107321424706,20.396078054371134,6.0,180.0,DIC-C2DH-HeLa,01,HeLa,#dc3cbe
32,Cell,62,62.0,304.0,58.0,20.0,4.0,0.0,173.32107321424706,20.396078054371134,0.0,0.0,DIC-C2DH-HeLa,01,HeLa,#dc3cbe
32,Cell,63,63.0,304.0,58.0,20.0,4.0,0.0,173.32107321424706,20.396078054371134,0.0,0.0,DIC-C2DH-HeLa,01,HeLa,#dc3cbe
16,Cell,0,0.0,73.0,354.0,0.0,0.0,0.0,0.0,0.0,0.0,0.0,DIC-C2DH-HeLa,01,HeLa,#dc3cbe
16,Cell,1,1.0,72.0,349.0,-1.0,-5.0,5.0990195135927845,5.0990195135927845,5.0990195135927845,5.0990195135927845,-101.3099324740202,DIC-C2DH-HeLa,01,HeLa,#dc3cbe
16,Cell,2,2.0,68.0,344.0,-5.0,-10.0,6.4031242374328485,11.502143751025631,11.180339887498947,6.4031242374328485,-128.6598082540901,DIC-C2DH-HeLa,01,HeLa,#dc3cbe
16,Cell,3,3.0,57.0,333.0,-16.0,-21.0,15.556349186104043,27.05849293712968,26.40075756488817,15.556349186104043,-135.0,DIC-C2DH-HeLa,01,HeLa,#dc3cbe
16,Cell,4,4.0,55.0,333.0,-18.0,-21.0,2.0,29.05849293712968,27.65863337187866,2.0,180.0,DIC-C2DH-HeLa,01,HeLa,#dc3cbe
16,Cell,5,5.0,49.0,338.0,-24.0,-16.0,7.810249675906654,36.86874261303633,28.844410203711917,7.810249675906654,140.19442890773482,DIC-C2DH-HeLa,01,HeLa,#dc3cbe
16,Cell,6,6.0,49.0,338.0,-24.0,-16.0,0.0,36.86874261303633,28.844410203711917,0.0,0.0,DIC-C2DH-HeLa,01,HeLa,#dc3cbe
16,Cell,7,7.0,49.0,338.0,-24.0,-16.0,0.0,36.86874261303633,28.844410203711917,0.0,0.0,DIC-C2DH-HeLa,01,HeLa,#dc3cbe
16,Cell,8,8.0,49.0,338.0,-24.0,-16.0,0.0,36.86874261303633,28.844410203711917,0.0,0.0,DIC-C2DH-HeLa,01,HeLa,#dc3cbe
16,Cell,9,9.0,49.0,338.0,-24.0,-16.0,0.0,36.86874261303633,28.844410203711917,0.0,0.0,DIC-C2DH-HeLa,01,HeLa,#dc3cbe
16,Cell,10,10.0,49.0,338.0,-24.0,-16.0,0.0,36.86874261303633,28.844410203711917,0.0,0.0,DIC-C2DH-HeLa,01,HeLa,#dc3cbe
16,Cell,11,11.0,49.0,338.0,-24.0,-16.0,0.0,36.86874261303633,28.844410203711917,0.0,0.0,DIC-C2DH-HeLa,01,HeLa,#dc3cbe
16,Cell,12,12.0,49.0,338.0,-24.0,-16.0,0.0,36.86874261303633,28.844410203711917,0.0,0.0,DIC-C2DH-HeLa,01,HeLa,#dc3cbe
16,Cell,13,13.0,49.0,338.0,-24.0,-16.0,0.0,36.86874261303633,28.844410203711917,0.0,0.0,DIC-C2DH-HeLa,01,HeLa,#dc3cbe
16,Cell,14,14.0,54.0,339.0,-19.0,-15.0,5.0990195135927845,41.96776212662912,24.20743687382041,5.0990195135927845,11.309932474020211,DIC-C2DH-HeLa,01,HeLa,#dc3cbe
16,Cell,15,15.0,54.0,339.0,-19.0,-15.0,0.0,41.96776212662912,24.20743687382041,0.0,0.0,DIC-C2DH-HeLa,01,HeLa,#dc3cbe
16,Cell,16,16.0,54.0,339.0,-19.0,-15.0,0.0,41.96776212662912,24.20743687382041,0.0,0.0,DIC-C2DH-HeLa,01,HeLa,#dc3cbe
16,Cell,17,17.0,54.0,339.0,-19.0,-15.0,0.0,41.96776212662912,24.20743687382041,0.0,0.0,DIC-C2DH-HeLa,01,HeLa,#dc3cbe
16,Cell,18,18.0,54.0,339.0,-19.0,-15.0,0.0,41.96776212662912,24.20743687382041,0.0,0.0,DIC-C2DH-HeLa,01,HeLa,#dc3cbe
16,Cell,19,19.0,54.0,339.0,-19.0,-15.0,0.0,41.96776212662912,24.20743687382041,0.0,0.0,DIC-C2DH-HeLa,01,HeLa,#dc3cbe
16,Cell,20,20.0,57.0,351.0,-16.0,-3.0,12.36931687685298,54.3370790034821,16.278820596099706,12.36931687685298,75.96375653207353,DIC-C2DH-HeLa,01,HeLa,#dc3cbe
16,Cell,21,21.0,56.0,351.0,-17.0,-3.0,1.0,55.3370790034821,17.26267650163207,1.0,180.0,DIC-C2DH-HeLa,01,HeLa,#dc3cbe
16,Cell,22,22.0,55.0,351.0,-18.0,-3.0,1.0,56.3370790034821,18.24828759089466,1.0,180.0,DIC-C2DH-HeLa,01,HeLa,#dc3cbe
16,Cell,23,23.0,55.0,351.0,-18.0,-3.0,0.0,56.3370790034821,18.24828759089466,0.0,0.0,DIC-C2DH-HeLa,01,HeLa,#dc3cbe
16,Cell,24,24.0,55.0,351.0,-18.0,-3.0,0.0,56.3370790034821,18.24828759089466,0.0,0.0,DIC-C2DH-HeLa,01,HeLa,#dc3cbe
16,Cell,25,25.0,55.0,351.0,-18.0,-3.0,0.0,56.3370790034821,18.24828759089466,0.0,0.0,DIC-C2DH-HeLa,01,HeLa,#dc3cbe
16,Cell,26,26.0,53.0,349.0,-20.0,-5.0,2.8284271247461903,59.16550612822829,20.615528128088304,2.8284271247461903,-135.0,DIC-C2DH-HeLa,01,HeLa,#dc3cbe
16,Cell,27,27.0,53.0,349.0,-20.0,-5.0,0.0,59.16550612822829,20.615528128088304,0.0,0.0,DIC-C2DH-HeLa,01,HeLa,#dc3cbe
16,Cell,28,28.0,53.0,349.0,-20.0,-5.0,0.0,59.16550612822829,20.615528128088304,0.0,0.0,DIC-C2DH-HeLa,01,HeLa,#dc3cbe
16,Cell,29,29.0,53.0,349.0,-20.0,-5.0,0.0,59.16550612822829,20.615528128088304,0.0,0.0,DIC-C2DH-HeLa,01,HeLa,#dc3cbe
16,Cell,30,30.0,53.0,349.0,-20.0,-5.0,0.0,59.16550612822829,20.615528128088304,0.0,0.0,DIC-C2DH-HeLa,01,HeLa,#dc3cbe
16,Cell,31,31.0,53.0,349.0,-20.0,-5.0,0.0,59.16550612822829,20.615528128088304,0.0,0.0,DIC-C2DH-HeLa,01,HeLa,#dc3cbe
16,Cell,32,32.0,53.0,349.0,-20.0,-5.0,0.0,59.16550612822829,20.615528128088304,0.0,0.0,DIC-C2DH-HeLa,01,HeLa,#dc3cbe
16,Cell,33,33.0,53.0,349.0,-20.0,-5.0,0.0,59.16550612822829,20.615528128088304,0.0,0.0,DIC-C2DH-HeLa,01,HeLa,#dc3cbe
16,Cell,34,34.0,53.0,349.0,-20.0,-5.0,0.0,59.16550612822829,20.615528128088304,0.0,0.0,DIC-C2DH-HeLa,01,HeLa,#dc3cbe
16,Cell,35,35.0,53.0,349.0,-20.0,-5.0,0.0,59.16550612822829,20.615528128088304,0.0,0.0,DIC-C2DH-HeLa,01,HeLa,#dc3cbe
16,Cell,36,36.0,53.0,349.0,-20.0,-5.0,0.0,59.16550612822829,20.615528128088304,0.0,0.0,DIC-C2DH-HeLa,01,HeLa,#dc3cbe
16,Cell,37,37.0,53.0,349.0,-20.0,-5.0,0.0,59.16550612822829,20.615528128088304,0.0,0.0,DIC-C2DH-HeLa,01,HeLa,#dc3cbe
16,Cell,38,38.0,53.0,349.0,-20.0,-5.0,0.0,59.16550612822829,20.615528128088304,0.0,0.0,DIC-C2DH-HeLa,01,HeLa,#dc3cbe
16,Cell,39,39.0,53.0,349.0,-20.0,-5.0,0.0,59.16550612822829,20.615528128088304,0.0,0.0,DIC-C2DH-HeLa,01,HeLa,#dc3cbe
16,Cell,40,40.0,53.0,349.0,-20.0,-5.0,0.0,59.16550612822829,20.615528128088304,0.0,0.0,DIC-C2DH-HeLa,01,HeLa,#dc3cbe
16,Cell,41,41.0,53.0,349.0,-20.0,-5.0,0.0,59.16550612822829,20.615528128088304,0.0,0.0,DIC-C2DH-HeLa,01,HeLa,#dc3cbe
16,Cell,42,42.0,53.0,349.0,-20.0,-5.0,0.0,59.16550612822829,20.615528128088304,0.0,0.0,DIC-C2DH-HeLa,01,HeLa,#dc3cbe
16,Cell,43,43.0,53.0,349.0,-20.0,-5.0,0.0,59.16550612822829,20.615528128088304,0.0,0.0,DIC-C2DH-HeLa,01,HeLa,#dc3cbe
16,Cell,44,44.0,41.0,340.0,-32.0,-14.0,15.0,74.16550612822829,34.92849839314596,15.0,-143.13010235415598,DIC-C2DH-HeLa,01,HeLa,#dc3cbe
16,Cell,45,45.0,41.0,340.0,-32.0,-14.0,0.0,74.16550612822829,34.92849839314596,0.0,0.0,DIC-C2DH-HeLa,01,HeLa,#dc3cbe
16,Cell,46,46.0,41.0,340.0,-32.0,-14.0,0.0,74.16550612822829,34.92849839314596,0.0,0.0,DIC-C2DH-HeLa,01,HeLa,#dc3cbe
16,Cell,47,47.0,46.0,340.0,-27.0,-14.0,5.0,79.16550612822829,30.4138126514911,5.0,0.0,DIC-C2DH-HeLa,01,HeLa,#dc3cbe
16,Cell,48,48.0,46.0,340.0,-27.0,-14.0,0.0,79.16550612822829,30.4138126514911,0.0,0.0,DIC-C2DH-HeLa,01,HeLa,#dc3cbe
16,Cell,49,49.0,46.0,340.0,-27.0,-14.0,0.0,79.16550612822829,30.4138126514911,0.0,0.0,DIC-C2DH-HeLa,01,HeLa,#dc3cbe
16,Cell,50,50.0,46.0,340.0,-27.0,-14.0,0.0,79.16550612822829,30.4138126514911,0.0,0.0,DIC-C2DH-HeLa,01,HeLa,#dc3cbe
16,Cell,51,51.0,46.0,340.0,-27.0,-14.0,0.0,79.16550612822829,30.4138126514911,0.0,0.0,DIC-C2DH-HeLa,01,HeLa,#dc3cbe
16,Cell,52,52.0,46.0,340.0,-27.0,-14.0,0.0,79.16550612822829,30.4138126514911,0.0,0.0,DIC-C2DH-HeLa,01,HeLa,#dc3cbe
16,Cell,53,53.0,46.0,340.0,-27.0,-14.0,0.0,79.16550612822829,30.4138126514911,0.0,0.0,DIC-C2DH-HeLa,01,HeLa,#dc3cbe
16,Cell,54,54.0,46.0,340.0,-27.0,-14.0,0.0,79.16550612822829,30.4138126514911,0.0,0.0,DIC-C2DH-HeLa,01,HeLa,#dc3cbe
16,Cell,55,55.0,46.0,340.0,-27.0,-14.0,0.0,79.16550612822829,30.4138126514911,0.0,0.0,DIC-C2DH-HeLa,01,HeLa,#dc3cbe
16,Cell,56,56.0,46.0,340.0,-27.0,-14.0,0.0,79.16550612822829,30.4138126514911,0.0,0.0,DIC-C2DH-HeLa,01,HeLa,#dc3cbe
16,Cell,57,57.0,46.0,340.0,-27.0,-14.0,0.0,79.16550612822829,30.4138126514911,0.0,0.0,DIC-C2DH-HeLa,01,HeLa,#dc3cbe
16,Cell,58,58.0,46.0,340.0,-27.0,-14.0,0.0,79.16550612822829,30.4138126514911,0.0,0.0,DIC-C2DH-HeLa,01,HeLa,#dc3cbe
16,Cell,59,59.0,44.0,357.0,-29.0,3.0,17.11724276862369,96.28274889685198,29.154759474226505,17.11724276862369,96.70983680775691,DIC-C2DH-HeLa,01,HeLa,#dc3cbe
16,Cell,60,60.0,44.0,357.0,-29.0,3.0,0.0,96.28274889685198,29.154759474226505,0.0,0.0,DIC-C2DH-HeLa,01,HeLa,#dc3cbe
16,Cell,61,61.0,44.0,357.0,-29.0,3.0,0.0,96.28274889685198,29.154759474226505,0.0,0.0,DIC-C2DH-HeLa,01,HeLa,#dc3cbe
18,Cell,0,0.0,103.0,420.0,0.0,0.0,0.0,0.0,0.0,0.0,0.0,DIC-C2DH-HeLa,01,HeLa,#dc3cbe
18,Cell,1,1.0,90.0,408.0,-13.0,-12.0,17.69180601295413,17.69180601295413,17.69180601295413,17.69180601295413,-137.29061004263855,DIC-C2DH-HeLa,01,HeLa,#dc3cbe
18,Cell,2,2.0,92.0,417.0,-11.0,-3.0,9.219544457292889,26.91135047024702,11.40175425099138,9.219544457292889,77.47119229084849,DIC-C2DH-HeLa,01,HeLa,#dc3cbe
18,Cell,3,3.0,97.0,417.0,-6.0,-3.0,5.0,31.91135047024702,6.708203932499369,5.0,0.0,DIC-C2DH-HeLa,01,HeLa,#dc3cbe
18,Cell,4,4.0,99.5,420.0,-3.5,0.0,3.905124837953327,35.816475308200346,3.5,3.905124837953327,50.19442890773481,DIC-C2DH-HeLa,01,HeLa,#dc3cbe
18,Cell,5,5.0,104.0,421.0,1.0,1.0,4.609772228646444,40.42624753684679,1.4142135623730951,4.609772228646444,12.528807709151511,DIC-C2DH-HeLa,01,HeLa,#dc3cbe
18,Cell,6,6.0,104.0,421.0,1.0,1.0,0.0,40.42624753684679,1.4142135623730951,0.0,0.0,DIC-C2DH-HeLa,01,HeLa,#dc3cbe
18,Cell,7,7.0,104.0,421.0,1.0,1.0,0.0,40.42624753684679,1.4142135623730951,0.0,0.0,DIC-C2DH-HeLa,01,HeLa,#dc3cbe
18,Cell,8,8.0,104.0,421.0,1.0,1.0,0.0,40.42624753684679,1.4142135623730951,0.0,0.0,DIC-C2DH-HeLa,01,HeLa,#dc3cbe
18,Cell,9,9.0,107.0,421.0,4.0,1.0,3.0,43.42624753684679,4.123105625617661,3.0,0.0,DIC-C2DH-HeLa,01,HeLa,#dc3cbe
18,Cell,10,10.0,107.0,421.0,4.0,1.0,0.0,43.42624753684679,4.123105625617661,0.0,0.0,DIC-C2DH-HeLa,01,HeLa,#dc3cbe
18,Cell,11,11.0,111.0,413.0,8.0,-7.0,8.94427190999916,52.37051944684595,10.63014581273465,8.94427190999916,-63.43494882292201,DIC-C2DH-HeLa,01,HeLa,#dc3cbe
18,Cell,12,12.0,111.0,413.0,8.0,-7.0,0.0,52.37051944684595,10.63014581273465,0.0,0.0,DIC-C2DH-HeLa,01,HeLa,#dc3cbe
18,Cell,13,13.0,111.0,413.0,8.0,-7.0,0.0,52.37051944684595,10.63014581273465,0.0,0.0,DIC-C2DH-HeLa,01,HeLa,#dc3cbe
18,Cell,14,14.0,111.0,413.0,8.0,-7.0,0.0,52.37051944684595,10.63014581273465,0.0,0.0,DIC-C2DH-HeLa,01,HeLa,#dc3cbe
18,Cell,15,15.0,111.0,413.0,8.0,-7.0,0.0,52.37051944684595,10.63014581273465,0.0,0.0,DIC-C2DH-HeLa,01,HeLa,#dc3cbe
18,Cell,16,16.0,111.0,413.0,8.0,-7.0,0.0,52.37051944684595,10.63014581273465,0.0,0.0,DIC-C2DH-HeLa,01,HeLa,#dc3cbe
18,Cell,17,17.0,111.0,413.0,8.0,-7.0,0.0,52.37051944684595,10.63014581273465,0.0,0.0,DIC-C2DH-HeLa,01,HeLa,#dc3cbe
18,Cell,18,18.0,111.0,413.0,8.0,-7.0,0.0,52.37051944684595,10.63014581273465,0.0,0.0,DIC-C2DH-HeLa,01,HeLa,#dc3cbe
18,Cell,19,19.0,111.0,413.0,8.0,-7.0,0.0,52.37051944684595,10.63014581273465,0.0,0.0,DIC-C2DH-HeLa,01,HeLa,#dc3cbe
18,Cell,20,20.0,121.0,414.0,18.0,-6.0,10.04987562112089,62.42039506796684,18.97366596101028,10.04987562112089,5.710593137499642,DIC-C2DH-HeLa,01,HeLa,#dc3cbe
18,Cell,21,21.0,121.0,414.0,18.0,-6.0,0.0,62.42039506796684,18.97366596101028,0.0,0.0,DIC-C2DH-HeLa,01,HeLa,#dc3cbe
18,Cell,22,22.0,122.0,424.0,19.0,4.0,10.04987562112089,72.47027068908773,19.4164878389476,10.04987562112089,84.28940686250037,DIC-C2DH-HeLa,01,HeLa,#dc3cbe
18,Cell,23,23.0,122.0,425.0,19.0,5.0,1.0,73.47027068908773,19.6468827043885,1.0,90.0,DIC-C2DH-HeLa,01,HeLa,#dc3cbe
18,Cell,24,24.0,123.5,425.0,20.5,5.0,1.5,74.97027068908773,21.10094784600919,1.5,0.0,DIC-C2DH-HeLa,01,HeLa,#dc3cbe
18,Cell,25,25.0,124.0,425.0,21.0,5.0,0.5,75.47027068908773,21.587033144922906,0.5,0.0,DIC-C2DH-HeLa,01,HeLa,#dc3cbe
18,Cell,26,26.0,124.0,425.0,21.0,5.0,0.0,75.47027068908773,21.587033144922906,0.0,0.0,DIC-C2DH-HeLa,01,HeLa,#dc3cbe
18,Cell,27,27.0,127.0,427.0,24.0,7.0,3.605551275463989,79.07582196455172,25.0,3.605551275463989,33.690067525979785,DIC-C2DH-HeLa,01,HeLa,#dc3cbe
18,Cell,28,28.0,127.0,427.0,24.0,7.0,0.0,79.07582196455172,25.0,0.0,0.0,DIC-C2DH-HeLa,01,HeLa,#dc3cbe
18,Cell,29,29.0,127.0,427.0,24.0,7.0,0.0,79.07582196455172,25.0,0.0,0.0,DIC-C2DH-HeLa,01,HeLa,#dc3cbe
18,Cell,30,30.0,127.0,427.0,24.0,7.0,0.0,79.07582196455172,25.0,0.0,0.0,DIC-C2DH-HeLa,01,HeLa,#dc3cbe
18,Cell,31,31.0,127.0,427.0,24.0,7.0,0.0,79.07582196455172,25.0,0.0,0.0,DIC-C2DH-HeLa,01,HeLa,#dc3cbe
18,Cell,32,32.0,127.0,427.0,24.0,7.0,0.0,79.07582196455172,25.0,0.0,0.0,DIC-C2DH-HeLa,01,HeLa,#dc3cbe
18,Cell,33,33.0,127.0,427.0,24.0,7.0,0.0,79.07582196455172,25.0,0.0,0.0,DIC-C2DH-HeLa,01,HeLa,#dc3cbe
18,Cell,34,34.0,127.0,427.0,24.0,7.0,0.0,79.07582196455172,25.0,0.0,0.0,DIC-C2DH-HeLa,01,HeLa,#dc3cbe
18,Cell,35,35.0,127.0,427.0,24.0,7.0,0.0,79.07582196455172,25.0,0.0,0.0,DIC-C2DH-HeLa,01,HeLa,#dc3cbe
18,Cell,36,36.0,127.0,427.0,24.0,7.0,0.0,79.07582196455172,25.0,0.0,0.0,DIC-C2DH-HeLa,01,HeLa,#dc3cbe
18,Cell,37,37.0,127.0,427.0,24.0,7.0,0.0,79.07582196455172,25.0,0.0,0.0,DIC-C2DH-HeLa,01,HeLa,#dc3cbe
18,Cell,38,38.0,127.0,427.0,24.0,7.0,0.0,79.07582196455172,25.0,0.0,0.0,DIC-C2DH-HeLa,01,HeLa,#dc3cbe
18,Cell,39,39.0,127.0,427.0,24.0,7.0,0.0,79.07582196455172,25.0,0.0,0.0,DIC-C2DH-HeLa,01,HeLa,#dc3cbe
18,Cell,40,40.0,127.0,427.0,24.0,7.0,0.0,79.07582196455172,25.0,0.0,0.0,DIC-C2DH-HeLa,01,HeLa,#dc3cbe
18,Cell,41,41.0,127.0,427.0,24.0,7.0,0.0,79.07582196455172,25.0,0.0,0.0,DIC-C2DH-HeLa,01,HeLa,#dc3cbe
18,Cell,42,42.0,127.0,427.0,24.0,7.0,0.0,79.07582196455172,25.0,0.0,0.0,DIC-C2DH-HeLa,01,HeLa,#dc3cbe
18,Cell,43,43.0,127.0,427.0,24.0,7.0,0.0,79.07582196455172,25.0,0.0,0.0,DIC-C2DH-HeLa,01,HeLa,#dc3cbe
18,Cell,44,44.0,127.0,427.0,24.0,7.0,0.0,79.07582196455172,25.0,0.0,0.0,DIC-C2DH-HeLa,01,HeLa,#dc3cbe
18,Cell,45,45.0,127.0,427.0,24.0,7.0,0.0,79.07582196455172,25.0,0.0,0.0,DIC-C2DH-HeLa,01,HeLa,#dc3cbe
18,Cell,46,46.0,127.0,427.0,24.0,7.0,0.0,79.07582196455172,25.0,0.0,0.0,DIC-C2DH-HeLa,01,HeLa,#dc3cbe
18,Cell,47,47.0,130.0,445.0,27.0,25.0,18.24828759089466,97.32410955544638,36.7967389859482,18.24828759089466,80.53767779197439,DIC-C2DH-HeLa,01,HeLa,#dc3cbe
18,Cell,48,48.0,130.0,445.0,27.0,25.0,0.0,97.32410955544638,36.7967389859482,0.0,0.0,DIC-C2DH-HeLa,01,HeLa,#dc3cbe
18,Cell,49,49.0,130.0,445.0,27.0,25.0,0.0,97.32410955544638,36.7967389859482,0.0,0.0,DIC-C2DH-HeLa,01,HeLa,#dc3cbe
18,Cell,50,50.0,130.0,445.0,27.0,25.0,0.0,97.32410955544638,36.7967389859482,0.0,0.0,DIC-C2DH-HeLa,01,HeLa,#dc3cbe
18,Cell,51,51.0,130.0,445.0,27.0,25.0,0.0,97.32410955544638,36.7967389859482,0.0,0.0,DIC-C2DH-HeLa,01,HeLa,#dc3cbe
18,Cell,52,52.0,130.0,445.0,27.0,25.0,0.0,97.32410955544638,36.7967389859482,0.0,0.0,DIC-C2DH-HeLa,01,HeLa,#dc3cbe
18,Cell,53,53.0,130.0,445.0,27.0,25.0,0.0,97.32410955544638,36.7967389859482,0.0,0.0,DIC-C2DH-HeLa,01,HeLa,#dc3cbe
18,Cell,54,54.0,130.0,445.0,27.0,25.0,0.0,97.32410955544638,36.7967389859482,0.0,0.0,DIC-C2DH-HeLa,01,HeLa,#dc3cbe
18,Cell,55,55.0,130.0,445.0,27.0,25.0,0.0,97.32410955544638,36.7967389859482,0.0,0.0,DIC-C2DH-HeLa,01,HeLa,#dc3cbe
18,Cell,56,56.0,130.0,445.0,27.0,25.0,0.0,97.32410955544638,36.7967389859482,0.0,0.0,DIC-C2DH-HeLa,01,HeLa,#dc3cbe
18,Cell,57,57.0,130.0,445.0,27.0,25.0,0.0,97.32410955544638,36.7967389859482,0.0,0.0,DIC-C2DH-HeLa,01,HeLa,#dc3cbe
18,Cell,58,58.0,130.0,445.0,27.0,25.0,0.0,97.32410955544638,36.7967389859482,0.0,0.0,DIC-C2DH-HeLa,01,HeLa,#dc3cbe
18,Cell,59,59.0,130.0,445.0,27.0,25.0,0.0,97.32410955544638,36.7967389859482,0.0,0.0,DIC-C2DH-HeLa,01,HeLa,#dc3cbe
18,Cell,60,60.0,130.0,445.0,27.0,25.0,0.0,97.32410955544638,36.7967389859482,0.0,0.0,DIC-C2DH-HeLa,01,HeLa,#dc3cbe
18,Cell,61,61.0,130.0,445.0,27.0,25.0,0.0,97.32410955544638,36.7967389859482,0.0,0.0,DIC-C2DH-HeLa,01,HeLa,#dc3cbe
11,Cell,0,0.0,315.0,213.0,0.0,0.0,0.0,0.0,0.0,0.0,0.0,DIC-C2DH-HeLa,01,HeLa,#dc3cbe
11,Cell,1,1.0,318.0,182.0,3.0,-31.0,31.144823004794876,31.144823004794876,31.144823004794876,31.144823004794876,-84.47245984834383,DIC-C2DH-HeLa,01,HeLa,#dc3cbe
11,Cell,2,2.0,319.0,194.0,4.0,-19.0,12.041594578792296,43.18641758358717,19.4164878389476,12.041594578792296,85.23635830927383,DIC-C2DH-HeLa,01,HeLa,#dc3cbe
11,Cell,3,3.0,313.0,198.0,-2.0,-15.0,7.211102550927978,50.39752013451515,15.132745950421556,7.211102550927978,146.30993247402023,DIC-C2DH-HeLa,01,HeLa,#dc3cbe
11,Cell,4,4.0,313.0,198.0,-2.0,-15.0,0.0,50.39752013451515,15.132745950421556,0.0,0.0,DIC-C2DH-HeLa,01,HeLa,#dc3cbe
11,Cell,5,5.0,313.0,198.0,-2.0,-15.0,0.0,50.39752013451515,15.132745950421556,0.0,0.0,DIC-C2DH-HeLa,01,HeLa,#dc3cbe
11,Cell,6,6.0,313.0,198.0,-2.0,-15.0,0.0,50.39752013451515,15.132745950421556,0.0,0.0,DIC-C2DH-HeLa,01,HeLa,#dc3cbe
11,Cell,7,7.0,313.0,198.0,-2.0,-15.0,0.0,50.39752013451515,15.132745950421556,0.0,0.0,DIC-C2DH-HeLa,01,HeLa,#dc3cbe
11,Cell,8,8.0,313.0,198.0,-2.0,-15.0,0.0,50.39752013451515,15.132745950421556,0.0,0.0,DIC-C2DH-HeLa,01,HeLa,#dc3cbe
11,Cell,9,9.0,335.0,198.0,20.0,-15.0,22.0,72.39752013451515,25.0,22.0,0.0,DIC-C2DH-HeLa,01,HeLa,#dc3cbe
11,Cell,10,10.0,335.0,198.0,20.0,-15.0,0.0,72.39752013451515,25.0,0.0,0.0,DIC-C2DH-HeLa,01,HeLa,#dc3cbe
11,Cell,11,11.0,335.0,198.0,20.0,-15.0,0.0,72.39752013451515,25.0,0.0,0.0,DIC-C2DH-HeLa,01,HeLa,#dc3cbe
11,Cell,12,12.0,347.0,180.0,32.0,-33.0,21.633307652783937,94.03082778729907,45.967379738244816,21.633307652783937,-56.309932474020215,DIC-C2DH-HeLa,01,HeLa,#dc3cbe
11,Cell,13,13.0,347.0,180.0,32.0,-33.0,0.0,94.03082778729907,45.967379738244816,0.0,0.0,DIC-C2DH-HeLa,01,HeLa,#dc3cbe
11,Cell,14,14.0,347.0,180.0,32.0,-33.0,0.0,94.03082778729907,45.967379738244816,0.0,0.0,DIC-C2DH-HeLa,01,HeLa,#dc3cbe
11,Cell,15,15.0,352.0,189.0,37.0,-24.0,10.295630140987,104.32645792828608,44.10215414239989,10.295630140987,60.94539590092286,DIC-C2DH-HeLa,01,HeLa,#dc3cbe
11,Cell,16,16.0,352.0,189.0,37.0,-24.0,0.0,104.32645792828608,44.10215414239989,0.0,0.0,DIC-C2DH-HeLa,01,HeLa,#dc3cbe
11,Cell,17,17.0,352.0,189.0,37.0,-24.0,0.0,104.32645792828608,44.10215414239989,0.0,0.0,DIC-C2DH-HeLa,01,HeLa,#dc3cbe
11,Cell,18,18.0,352.0,189.0,37.0,-24.0,0.0,104.32645792828608,44.10215414239989,0.0,0.0,DIC-C2DH-HeLa,01,HeLa,#dc3cbe
11,Cell,19,19.0,334.0,190.0,19.0,-23.0,18.027756377319943,122.35421430560604,29.8328677803526,18.027756377319943,176.82016988013578,DIC-C2DH-HeLa,01,HeLa,#dc3cbe
11,Cell,20,20.0,328.0,192.0,13.0,-21.0,6.324555320336759,128.6787696259428,24.698178070456937,6.324555320336759,161.56505117707798,DIC-C2DH-HeLa,01,HeLa,#dc3cbe
11,Cell,21,21.0,309.0,180.0,-6.0,-33.0,22.47220505424423,151.15097468018703,33.54101966249684,22.47220505424423,-147.72435568542238,DIC-C2DH-HeLa,01,HeLa,#dc3cbe
11,Cell,22,22.0,309.0,175.0,-6.0,-38.0,5.0,156.15097468018703,38.47076812334269,5.0,-90.0,DIC-C2DH-HeLa,01,HeLa,#dc3cbe
11,Cell,23,23.0,309.0,171.0,-6.0,-42.0,4.0,160.15097468018703,42.42640687119285,4.0,-90.0,DIC-C2DH-HeLa,01,HeLa,#dc3cbe
11,Cell,24,24.0,314.0,165.0,-1.0,-48.0,7.810249675906654,167.96122435609368,48.010415536631214,7.810249675906654,-50.19442890773481,DIC-C2DH-HeLa,01,HeLa,#dc3cbe
11,Cell,25,25.0,314.0,165.0,-1.0,-48.0,0.0,167.96122435609368,48.010415536631214,0.0,0.0,DIC-C2DH-HeLa,01,HeLa,#dc3cbe
11,Cell,26,26.0,303.0,170.0,-12.0,-43.0,12.083045973594572,180.04427032968826,44.64302857109943,12.083045973594572,155.55604521958347,DIC-C2DH-HeLa,01,HeLa,#dc3cbe
11,Cell,27,27.0,297.0,172.0,-18.0,-41.0,6.324555320336759,186.36882565002503,44.77722635447622,6.324555320336759,161.56505117707798,DIC-C2DH-HeLa,01,HeLa,#dc3cbe
11,Cell,28,28.0,297.0,172.0,-18.0,-41.0,0.0,186.36882565002503,44.77722635447622,0.0,0.0,DIC-C2DH-HeLa,01,HeLa,#dc3cbe
11,Cell,29,29.0,282.0,168.0,-33.0,-45.0,15.524174696260024,201.89300034628505,55.80322571321482,15.524174696260024,-165.06858282186246,DIC-C2DH-HeLa,01,HeLa,#dc3cbe
11,Cell,30,30.0,274.0,165.0,-41.0,-48.0,8.54400374531753,210.43700409160255,63.12685640834652,8.54400374531753,-159.44395478041653,DIC-C2DH-HeLa,01,HeLa,#dc3cbe
11,Cell,31,31.0,290.0,181.0,-25.0,-32.0,22.62741699796952,233.0644210895721,40.60788100849391,22.62741699796952,45.0,DIC-C2DH-HeLa,01,HeLa,#dc3cbe
11,Cell,32,32.0,278.0,180.0,-37.0,-33.0,12.041594578792296,245.1060156683644,49.57822102496216,12.041594578792296,-175.23635830927384,DIC-C2DH-HeLa,01,HeLa,#dc3cbe
11,Cell,33,33.0,300.0,183.0,-15.0,-30.0,22.20360331117452,267.3096189795389,33.54101966249684,22.20360331117452,7.765166018425334,DIC-C2DH-HeLa,01,HeLa,#dc3cbe
11,Cell,34,34.0,300.0,183.0,-15.0,-30.0,0.0,267.3096189795389,33.54101966249684,0.0,0.0,DIC-C2DH-HeLa,01,HeLa,#dc3cbe
11,Cell,35,35.0,304.5,180.0,-10.5,-33.0,5.408326913195984,272.7179458927349,34.630189141845584,5.408326913195984,-33.690067525979785,DIC-C2DH-HeLa,01,HeLa,#dc3cbe
11,Cell,36,36.0,305.0,180.0,-10.0,-33.0,0.5,273.2179458927349,34.48187929913333,0.5,0.0,DIC-C2DH-HeLa,01,HeLa,#dc3cbe
11,Cell,37,37.0,305.0,180.0,-10.0,-33.0,0.0,273.2179458927349,34.48187929913333,0.0,0.0,DIC-C2DH-HeLa,01,HeLa,#dc3cbe
11,Cell,38,38.0,290.0,179.0,-25.0,-34.0,15.033296378372908,288.2512422711078,42.20189569201838,15.033296378372908,-176.18592516570965,DIC-C2DH-HeLa,01,HeLa,#dc3cbe
11,Cell,39,39.0,290.0,179.0,-25.0,-34.0,0.0,288.2512422711078,42.20189569201838,0.0,0.0,DIC-C2DH-HeLa,01,HeLa,#dc3cbe
11,Cell,40,40.0,290.0,179.0,-25.0,-34.0,0.0,288.2512422711078,42.20189569201838,0.0,0.0,DIC-C2DH-HeLa,01,HeLa,#dc3cbe
11,Cell,41,41.0,289.0,188.5,-26.0,-24.5,9.5524865872714,297.8037288583792,35.7246413557925,9.5524865872714,96.00900595749454,DIC-C2DH-HeLa,01,HeLa,#dc3cbe
11,Cell,42,42.0,289.0,189.0,-26.0,-24.0,0.5,298.3037288583792,35.38361202590826,0.5,90.0,DIC-C2DH-HeLa,01,HeLa,#dc3cbe
11,Cell,43,43.0,300.0,164.0,-15.0,-49.0,27.31300056749533,325.6167294258745,51.24451190127583,27.31300056749533,-66.25050550713323,DIC-C2DH-HeLa,01,HeLa,#dc3cbe
11,Cell,44,44.0,315.5,165.0,0.5,-48.0,15.532224567009068,341.1489539928836,48.00260409602796,15.532224567009068,3.6913859864512752,DIC-C2DH-HeLa,01,HeLa,#dc3cbe
11,Cell,45,45.0,317.96654275092936,165.56133828996283,2.966542750929364,-47.43866171003717,2.5296113966260885,343.6785653895097,47.53132651980626,2.5296113966260885,12.821060684908147,DIC-C2DH-HeLa,01,HeLa,#dc3cbe
11,Cell,46,46.0,315.5,157.0,0.5,-56.0,8.909564885972037,352.5881302754817,56.00223209837265,8.909564885972037,-106.07182207763006,DIC-C2DH-HeLa,01,HeLa,#dc3cbe
11,Cell,47,47.0,320.0,151.0,5.0,-62.0,7.5,360.0881302754817,62.20128616033595,7.5,-53.13010235415598,DIC-C2DH-HeLa,01,HeLa,#dc3cbe
11,Cell,48,48.0,343.0,170.0,28.0,-43.0,29.8328677803526,389.92099805583433,51.31276644267,29.8328677803526,39.559667968994496,DIC-C2DH-HeLa,01,HeLa,#dc3cbe
11,Cell,49,49.0,342.0,175.0,27.0,-38.0,5.0990195135927845,395.0200175694271,46.61544808322666,5.0990195135927845,101.3099324740202,DIC-C2DH-HeLa,01,HeLa,#dc3cbe
11,Cell,50,50.0,342.0,175.0,27.0,-38.0,0.0,395.0200175694271,46.61544808322666,0.0,0.0,DIC-C2DH-HeLa,01,HeLa,#dc3cbe
11,Cell,51,51.0,341.0,152.0,26.0,-61.0,23.021728866442675,418.0417464358698,66.30987860040162,23.021728866442675,-92.48955292199916,DIC-C2DH-HeLa,01,HeLa,#dc3cbe
11,Cell,52,52.0,318.0,165.0,3.0,-48.0,26.419689627245813,444.4614360631156,48.0936586256442,26.419689627245813,150.52411099675425,DIC-C2DH-HeLa,01,HeLa,#dc3cbe
11,Cell,53,53.0,328.0,176.0,13.0,-37.0,14.866068747318506,459.3275048104341,39.21734310225516,14.866068747318506,47.72631099390627,DIC-C2DH-HeLa,01,HeLa,#dc3cbe
11,Cell,54,54.0,333.0,176.0,18.0,-37.0,5.0,464.3275048104341,41.14608122288197,5.0,0.0,DIC-C2DH-HeLa,01,HeLa,#dc3cbe
11,Cell,55,55.0,333.0,176.0,18.0,-37.0,0.0,464.3275048104341,41.14608122288197,0.0,0.0,DIC-C2DH-HeLa,01,HeLa,#dc3cbe
11,Cell,56,56.0,323.0,167.0,8.0,-46.0,13.45362404707371,477.78112885750784,46.69047011971501,13.45362404707371,-138.01278750418336,DIC-C2DH-HeLa,01,HeLa,#dc3cbe
11,Cell,57,57.0,323.0,167.0,8.0,-46.0,0.0,477.78112885750784,46.69047011971501,0.0,0.0,DIC-C2DH-HeLa,01,HeLa,#dc3cbe
11,Cell,58,58.0,296.0,167.0,-19.0,-46.0,27.0,504.78112885750784,49.76946855251722,27.0,180.0,DIC-C2DH-HeLa,01,HeLa,#dc3cbe
11,Cell,59,59.0,302.0,181.0,-13.0,-32.0,15.231546211727816,520.0126750692357,34.539832078341085,15.231546211727816,66.80140948635182,DIC-C2DH-HeLa,01,HeLa,#dc3cbe
11,Cell,60,60.0,322.0,175.0,7.0,-38.0,20.8806130178211,540.8932880870568,38.63935817272331,20.8806130178211,-16.69924423399362,DIC-C2DH-HeLa,01,HeLa,#dc3cbe
11,Cell,61,61.0,336.0,175.0,21.0,-38.0,14.0,554.8932880870568,43.41658669218482,14.0,0.0,DIC-C2DH-HeLa,01,HeLa,#dc3cbe
27,Cell,0,0.0,419.0,297.0,0.0,0.0,0.0,0.0,0.0,0.0,0.0,DIC-C2DH-HeLa,01,HeLa,#dc3cbe
27,Cell,1,1.0,423.0,297.0,4.0,0.0,4.0,4.0,4.0,4.0,0.0,DIC-C2DH-HeLa,01,HeLa,#dc3cbe
27,Cell,2,2.0,423.0,297.0,4.0,0.0,0.0,4.0,4.0,0.0,0.0,DIC-C2DH-HeLa,01,HeLa,#dc3cbe
27,Cell,3,3.0,423.0,297.0,4.0,0.0,0.0,4.0,4.0,0.0,0.0,DIC-C2DH-HeLa,01,HeLa,#dc3cbe
27,Cell,4,4.0,424.0,297.0,5.0,0.0,1.0,5.0,5.0,1.0,0.0,DIC-C2DH-HeLa,01,HeLa,#dc3cbe
27,Cell,5,5.0,424.5,297.5,5.5,0.5,0.7071067811865476,5.707106781186548,5.522680508593631,0.7071067811865476,45.0,DIC-C2DH-HeLa,01,HeLa,#dc3cbe
27,Cell,6,6.0,432.0,294.0,13.0,-3.0,8.276472678623424,13.983579459809972,13.341664064126334,8.276472678623424,-25.016893478100023,DIC-C2DH-HeLa,01,HeLa,#dc3cbe
27,Cell,7,7.0,432.0,294.0,13.0,-3.0,0.0,13.983579459809972,13.341664064126334,0.0,0.0,DIC-C2DH-HeLa,01,HeLa,#dc3cbe
27,Cell,8,8.0,432.0,286.0,13.0,-11.0,8.0,21.98357945980997,17.029386365926403,8.0,-90.0,DIC-C2DH-HeLa,01,HeLa,#dc3cbe
27,Cell,9,9.0,432.0,286.0,13.0,-11.0,0.0,21.98357945980997,17.029386365926403,0.0,0.0,DIC-C2DH-HeLa,01,HeLa,#dc3cbe
27,Cell,10,10.0,432.0,286.0,13.0,-11.0,0.0,21.98357945980997,17.029386365926403,0.0,0.0,DIC-C2DH-HeLa,01,HeLa,#dc3cbe
27,Cell,11,11.0,432.0,286.0,13.0,-11.0,0.0,21.98357945980997,17.029386365926403,0.0,0.0,DIC-C2DH-HeLa,01,HeLa,#dc3cbe
27,Cell,12,12.0,426.0,286.0,7.0,-11.0,6.0,27.98357945980997,13.038404810405298,6.0,180.0,DIC-C2DH-HeLa,01,HeLa,#dc3cbe
27,Cell,13,13.0,421.0,293.0,2.0,-4.0,8.602325267042627,36.58590472685261,4.47213595499958,8.602325267042627,125.5376777919744,DIC-C2DH-HeLa,01,HeLa,#dc3cbe
27,Cell,14,14.0,421.0,293.0,2.0,-4.0,0.0,36.58590472685261,4.47213595499958,0.0,0.0,DIC-C2DH-HeLa,01,HeLa,#dc3cbe
27,Cell,15,15.0,421.0,293.0,2.0,-4.0,0.0,36.58590472685261,4.47213595499958,0.0,0.0,DIC-C2DH-HeLa,01,HeLa,#dc3cbe
27,Cell,16,16.0,447.0,303.0,28.0,6.0,27.85677655436824,64.44268128122084,28.635642126552707,27.85677655436824,21.037511025421814,DIC-C2DH-HeLa,01,HeLa,#dc3cbe
27,Cell,17,17.0,449.0,295.0,30.0,-2.0,8.246211251235321,72.68889253245617,30.066592756745816,8.246211251235321,-75.96375653207353,DIC-C2DH-HeLa,01,HeLa,#dc3cbe
27,Cell,18,18.0,425.0,280.0,6.0,-17.0,28.30194339616981,100.99083592862598,18.027756377319943,28.30194339616981,-147.99461679191648,DIC-C2DH-HeLa,01,HeLa,#dc3cbe
27,Cell,19,19.0,430.0,292.0,11.0,-5.0,13.0,113.99083592862598,12.083045973594572,13.0,67.38013505195957,DIC-C2DH-HeLa,01,HeLa,#dc3cbe
27,Cell,20,20.0,430.0,292.0,11.0,-5.0,0.0,113.99083592862598,12.083045973594572,0.0,0.0,DIC-C2DH-HeLa,01,HeLa,#dc3cbe
27,Cell,21,21.0,430.0,293.0,11.0,-4.0,1.0,114.99083592862598,11.704699910719626,1.0,90.0,DIC-C2DH-HeLa,01,HeLa,#dc3cbe
27,Cell,22,22.0,430.0,293.0,11.0,-4.0,0.0,114.99083592862598,11.704699910719626,0.0,0.0,DIC-C2DH-HeLa,01,HeLa,#dc3cbe
27,Cell,23,23.0,430.0,293.0,11.0,-4.0,0.0,114.99083592862598,11.704699910719626,0.0,0.0,DIC-C2DH-HeLa,01,HeLa,#dc3cbe
27,Cell,24,24.0,421.0,298.0,2.0,1.0,10.295630140987,125.28646606961298,2.23606797749979,10.295630140987,150.94539590092288,DIC-C2DH-HeLa,01,HeLa,#dc3cbe
27,Cell,25,25.0,421.0,298.0,2.0,1.0,0.0,125.28646606961298,2.23606797749979,0.0,0.0,DIC-C2DH-HeLa,01,HeLa,#dc3cbe
27,Cell,26,26.0,417.0,289.0,-2.0,-8.0,9.848857801796104,135.1353238714091,8.246211251235321,9.848857801796104,-113.96248897457818,DIC-C2DH-HeLa,01,HeLa,#dc3cbe
27,Cell,27,27.0,417.0,289.0,-2.0,-8.0,0.0,135.1353238714091,8.246211251235321,0.0,0.0,DIC-C2DH-HeLa,01,HeLa,#dc3cbe
27,Cell,28,28.0,417.0,289.0,-2.0,-8.0,0.0,135.1353238714091,8.246211251235321,0.0,0.0,DIC-C2DH-HeLa,01,HeLa,#dc3cbe
27,Cell,29,29.0,428.0,289.0,9.0,-8.0,11.0,146.1353238714091,12.041594578792296,11.0,0.0,DIC-C2DH-HeLa,01,HeLa,#dc3cbe
27,Cell,30,30.0,435.0,289.0,16.0,-8.0,7.0,153.1353238714091,17.88854381999832,7.0,0.0,DIC-C2DH-HeLa,01,HeLa,#dc3cbe
27,Cell,31,31.0,435.0,289.0,16.0,-8.0,0.0,153.1353238714091,17.88854381999832,0.0,0.0,DIC-C2DH-HeLa,01,HeLa,#dc3cbe
27,Cell,32,32.0,435.0,288.0,16.0,-9.0,1.0,154.1353238714091,18.35755975068582,1.0,-90.0,DIC-C2DH-HeLa,01,HeLa,#dc3cbe
27,Cell,33,33.0,440.0,302.0,21.0,5.0,14.866068747318506,169.0013926187276,21.587033144922906,14.866068747318506,70.3461759419467,DIC-C2DH-HeLa,01,HeLa,#dc3cbe
27,Cell,34,34.0,439.0,305.0,20.0,8.0,3.1622776601683795,172.16367027889598,21.54065922853801,3.1622776601683795,108.434948822922,DIC-C2DH-HeLa,01,HeLa,#dc3cbe
27,Cell,35,35.0,439.0,305.0,20.0,8.0,0.0,172.16367027889598,21.54065922853801,0.0,0.0,DIC-C2DH-HeLa,01,HeLa,#dc3cbe
27,Cell,36,36.0,438.0,305.0,19.0,8.0,1.0,173.16367027889598,20.615528128088304,1.0,180.0,DIC-C2DH-HeLa,01,HeLa,#dc3cbe
27,Cell,37,37.0,438.0,305.0,19.0,8.0,0.0,173.16367027889598,20.615528128088304,0.0,0.0,DIC-C2DH-HeLa,01,HeLa,#dc3cbe
27,Cell,38,38.0,448.0,286.0,29.0,-11.0,21.470910553583888,194.63458083247983,31.016124838541646,21.470910553583888,-62.24145939893998,DIC-C2DH-HeLa,01,HeLa,#dc3cbe
27,Cell,39,39.0,437.0,287.0,18.0,-10.0,11.04536101718726,205.6799418496671,20.591260281974,11.04536101718726,174.80557109226518,DIC-C2DH-HeLa,01,HeLa,#dc3cbe
27,Cell,40,40.0,438.0,293.0,19.0,-4.0,6.082762530298219,211.76270437996533,19.4164878389476,6.082762530298219,80.53767779197439,DIC-C2DH-HeLa,01,HeLa,#dc3cbe
27,Cell,41,41.0,438.0,293.0,19.0,-4.0,0.0,211.76270437996533,19.4164878389476,0.0,0.0,DIC-C2DH-HeLa,01,HeLa,#dc3cbe
27,Cell,42,42.0,442.0,295.0,23.0,-2.0,4.47213595499958,216.2348403349649,23.08679276123039,4.47213595499958,26.56505117707799,DIC-C2DH-HeLa,01,HeLa,#dc3cbe
27,Cell,43,43.0,442.0,295.0,23.0,-2.0,0.0,216.2348403349649,23.08679276123039,0.0,0.0,DIC-C2DH-HeLa,01,HeLa,#dc3cbe
27,Cell,44,44.0,442.0,295.0,23.0,-2.0,0.0,216.2348403349649,23.08679276123039,0.0,0.0,DIC-C2DH-HeLa,01,HeLa,#dc3cbe
27,Cell,45,45.0,442.0,295.0,23.0,-2.0,0.0,216.2348403349649,23.08679276123039,0.0,0.0,DIC-C2DH-HeLa,01,HeLa,#dc3cbe
27,Cell,46,46.0,442.0,295.0,23.0,-2.0,0.0,216.2348403349649,23.08679276123039,0.0,0.0,DIC-C2DH-HeLa,01,HeLa,#dc3cbe
27,Cell,47,47.0,452.0,291.0,33.0,-6.0,10.770329614269007,227.0051699492339,33.54101966249684,10.770329614269007,-21.80140948635181,DIC-C2DH-HeLa,01,HeLa,#dc3cbe
27,Cell,48,48.0,440.0,283.0,21.0,-14.0,14.422205101855956,241.42737505108985,25.238858928247925,14.422205101855956,-146.30993247402023,DIC-C2DH-HeLa,01,HeLa,#dc3cbe
27,Cell,49,49.0,442.5,266.5,23.5,-30.5,16.688319268278637,258.1156943193685,38.50324661635691,16.688319268278637,-81.3843518158359,DIC-C2DH-HeLa,01,HeLa,#dc3cbe
27,Cell,50,50.0,444.0,283.0,25.0,-14.0,16.56804152578089,274.6837358451494,28.653097563788805,16.56804152578089,84.8055710922652,DIC-C2DH-HeLa,01,HeLa,#dc3cbe
27,Cell,51,51.0,444.0,283.0,25.0,-14.0,0.0,274.6837358451494,28.653097563788805,0.0,0.0,DIC-C2DH-HeLa,01,HeLa,#dc3cbe
27,Cell,52,52.0,444.0,283.0,25.0,-14.0,0.0,274.6837358451494,28.653097563788805,0.0,0.0,DIC-C2DH-HeLa,01,HeLa,#dc3cbe
27,Cell,53,53.0,444.0,283.0,25.0,-14.0,0.0,274.6837358451494,28.653097563788805,0.0,0.0,DIC-C2DH-HeLa,01,HeLa,#dc3cbe
27,Cell,54,54.0,444.0,283.0,25.0,-14.0,0.0,274.6837358451494,28.653097563788805,0.0,0.0,DIC-C2DH-HeLa,01,HeLa,#dc3cbe
27,Cell,55,55.0,444.0,283.0,25.0,-14.0,0.0,274.6837358451494,28.653097563788805,0.0,0.0,DIC-C2DH-HeLa,01,HeLa,#dc3cbe
27,Cell,56,56.0,444.0,283.0,25.0,-14.0,0.0,274.6837358451494,28.653097563788805,0.0,0.0,DIC-C2DH-HeLa,01,HeLa,#dc3cbe
27,Cell,57,57.0,443.0,276.0,24.0,-21.0,7.071067811865476,281.75480365701486,31.89043743820395,7.071067811865476,-98.130102354156,DIC-C2DH-HeLa,01,HeLa,#dc3cbe
27,Cell,58,58.0,443.0,276.0,24.0,-21.0,0.0,281.75480365701486,31.89043743820395,0.0,0.0,DIC-C2DH-HeLa,01,HeLa,#dc3cbe
27,Cell,59,59.0,439.0,293.0,20.0,-4.0,17.46424919657298,299.21905285358787,20.396078054371134,17.46424919657298,103.2405199151872,DIC-C2DH-HeLa,01,HeLa,#dc3cbe
4,Cell,0,0.0,124.0,195.0,0.0,0.0,0.0,0.0,0.0,0.0,0.0,DIC-C2DH-HeLa,01,HeLa,#dc3cbe
4,Cell,1,1.0,124.0,195.0,0.0,0.0,0.0,0.0,0.0,0.0,0.0,DIC-C2DH-HeLa,01,HeLa,#dc3cbe
4,Cell,2,2.0,116.0,198.0,-8.0,3.0,8.54400374531753,8.54400374531753,8.54400374531753,8.54400374531753,159.44395478041653,DIC-C2DH-HeLa,01,HeLa,#dc3cbe
4,Cell,3,3.0,106.0,210.0,-18.0,15.0,15.620499351813308,24.16450309713084,23.43074902771996,15.620499351813308,129.8055710922652,DIC-C2DH-HeLa,01,HeLa,#dc3cbe
4,Cell,4,4.0,90.0,218.0,-34.0,23.0,17.88854381999832,42.05304691712916,41.04875150354759,17.88854381999832,153.43494882292202,DIC-C2DH-HeLa,01,HeLa,#dc3cbe
4,Cell,5,5.0,83.0,226.0,-41.0,31.0,10.63014581273465,52.683192729863805,51.40038910358559,10.63014581273465,131.18592516570965,DIC-C2DH-HeLa,01,HeLa,#dc3cbe
4,Cell,6,6.0,87.0,218.0,-37.0,23.0,8.94427190999916,61.62746463986296,43.56604182158393,8.94427190999916,-63.43494882292201,DIC-C2DH-HeLa,01,HeLa,#dc3cbe
4,Cell,7,7.0,87.0,218.0,-37.0,23.0,0.0,61.62746463986296,43.56604182158393,0.0,0.0,DIC-C2DH-HeLa,01,HeLa,#dc3cbe
4,Cell,8,8.0,87.0,218.0,-37.0,23.0,0.0,61.62746463986296,43.56604182158393,0.0,0.0,DIC-C2DH-HeLa,01,HeLa,#dc3cbe
4,Cell,9,9.0,83.0,218.0,-41.0,23.0,4.0,65.62746463986296,47.01063709417264,4.0,180.0,DIC-C2DH-HeLa,01,HeLa,#dc3cbe
4,Cell,10,10.0,82.0,217.0,-42.0,22.0,1.4142135623730951,67.04167820223606,47.41307836451879,1.4142135623730951,-135.0,DIC-C2DH-HeLa,01,HeLa,#dc3cbe
4,Cell,11,11.0,73.0,214.0,-51.0,19.0,9.486832980505138,76.5285111827412,54.42425929675111,9.486832980505138,-161.56505117707798,DIC-C2DH-HeLa,01,HeLa,#dc3cbe
4,Cell,12,12.0,73.0,214.0,-51.0,19.0,0.0,76.5285111827412,54.42425929675111,0.0,0.0,DIC-C2DH-HeLa,01,HeLa,#dc3cbe
4,Cell,13,13.0,73.0,214.0,-51.0,19.0,0.0,76.5285111827412,54.42425929675111,0.0,0.0,DIC-C2DH-HeLa,01,HeLa,#dc3cbe
4,Cell,14,14.0,73.0,214.0,-51.0,19.0,0.0,76.5285111827412,54.42425929675111,0.0,0.0,DIC-C2DH-HeLa,01,HeLa,#dc3cbe
4,Cell,15,15.0,73.0,214.0,-51.0,19.0,0.0,76.5285111827412,54.42425929675111,0.0,0.0,DIC-C2DH-HeLa,01,HeLa,#dc3cbe
4,Cell,16,16.0,73.0,214.0,-51.0,19.0,0.0,76.5285111827412,54.42425929675111,0.0,0.0,DIC-C2DH-HeLa,01,HeLa,#dc3cbe
4,Cell,17,17.0,73.0,214.0,-51.0,19.0,0.0,76.5285111827412,54.42425929675111,0.0,0.0,DIC-C2DH-HeLa,01,HeLa,#dc3cbe
4,Cell,18,18.0,73.0,214.0,-51.0,19.0,0.0,76.5285111827412,54.42425929675111,0.0,0.0,DIC-C2DH-HeLa,01,HeLa,#dc3cbe
4,Cell,19,19.0,73.0,214.0,-51.0,19.0,0.0,76.5285111827412,54.42425929675111,0.0,0.0,DIC-C2DH-HeLa,01,HeLa,#dc3cbe
4,Cell,20,20.0,73.0,214.0,-51.0,19.0,0.0,76.5285111827412,54.42425929675111,0.0,0.0,DIC-C2DH-HeLa,01,HeLa,#dc3cbe
4,Cell,21,21.0,73.0,214.0,-51.0,19.0,0.0,76.5285111827412,54.42425929675111,0.0,0.0,DIC-C2DH-HeLa,01,HeLa,#dc3cbe
4,Cell,22,22.0,67.0,212.0,-57.0,17.0,6.324555320336759,82.85306650307795,59.481089431852205,6.324555320336759,-161.56505117707798,DIC-C2DH-HeLa,01,HeLa,#dc3cbe
4,Cell,23,23.0,67.0,212.0,-57.0,17.0,0.0,82.85306650307795,59.481089431852205,0.0,0.0,DIC-C2DH-HeLa,01,HeLa,#dc3cbe
4,Cell,24,24.0,65.0,211.0,-59.0,16.0,2.23606797749979,85.08913448057774,61.1310068623117,2.23606797749979,-153.43494882292202,DIC-C2DH-HeLa,01,HeLa,#dc3cbe
4,Cell,25,25.0,65.0,211.0,-59.0,16.0,0.0,85.08913448057774,61.1310068623117,0.0,0.0,DIC-C2DH-HeLa,01,HeLa,#dc3cbe
4,Cell,26,26.0,64.0,210.0,-60.0,15.0,1.4142135623730951,86.50334804295083,61.84658438426491,1.4142135623730951,-135.0,DIC-C2DH-HeLa,01,HeLa,#dc3cbe
4,Cell,27,27.0,64.0,210.0,-60.0,15.0,0.0,86.50334804295083,61.84658438426491,0.0,0.0,DIC-C2DH-HeLa,01,HeLa,#dc3cbe
4,Cell,28,28.0,64.0,210.0,-60.0,15.0,0.0,86.50334804295083,61.84658438426491,0.0,0.0,DIC-C2DH-HeLa,01,HeLa,#dc3cbe
4,Cell,29,29.0,64.0,210.0,-60.0,15.0,0.0,86.50334804295083,61.84658438426491,0.0,0.0,DIC-C2DH-HeLa,01,HeLa,#dc3cbe
4,Cell,30,30.0,66.0,213.0,-58.0,18.0,3.605551275463989,90.10889931841484,60.728905802755904,3.605551275463989,56.309932474020215,DIC-C2DH-HeLa,01,HeLa,#dc3cbe
4,Cell,31,31.0,64.0,212.0,-60.0,17.0,2.23606797749979,92.3449672959146,62.36184731067546,2.23606797749979,-153.43494882292202,DIC-C2DH-HeLa,01,HeLa,#dc3cbe
4,Cell,32,32.0,62.0,209.0,-62.0,14.0,3.605551275463989,95.9505185713786,63.56099432828282,3.605551275463989,-123.6900675259798,DIC-C2DH-HeLa,01,HeLa,#dc3cbe
4,Cell,33,33.0,62.0,209.0,-62.0,14.0,0.0,95.9505185713786,63.56099432828282,0.0,0.0,DIC-C2DH-HeLa,01,HeLa,#dc3cbe
4,Cell,34,34.0,62.0,209.0,-62.0,14.0,0.0,95.9505185713786,63.56099432828282,0.0,0.0,DIC-C2DH-HeLa,01,HeLa,#dc3cbe
4,Cell,35,35.0,62.0,209.0,-62.0,14.0,0.0,95.9505185713786,63.56099432828282,0.0,0.0,DIC-C2DH-HeLa,01,HeLa,#dc3cbe
4,Cell,36,36.0,62.0,209.0,-62.0,14.0,0.0,95.9505185713786,63.56099432828282,0.0,0.0,DIC-C2DH-HeLa,01,HeLa,#dc3cbe
4,Cell,37,37.0,62.0,209.0,-62.0,14.0,0.0,95.9505185713786,63.56099432828282,0.0,0.0,DIC-C2DH-HeLa,01,HeLa,#dc3cbe
4,Cell,38,38.0,62.0,209.0,-62.0,14.0,0.0,95.9505185713786,63.56099432828282,0.0,0.0,DIC-C2DH-HeLa,01,HeLa,#dc3cbe
4,Cell,39,39.0,62.0,209.0,-62.0,14.0,0.0,95.9505185713786,63.56099432828282,0.0,0.0,DIC-C2DH-HeLa,01,HeLa,#dc3cbe
4,Cell,40,40.0,56.0,205.0,-68.0,10.0,7.211102550927978,103.16162112230658,68.73136110975832,7.211102550927978,-146.30993247402023,DIC-C2DH-HeLa,01,HeLa,#dc3cbe
4,Cell,41,41.0,56.0,205.0,-68.0,10.0,0.0,103.16162112230658,68.73136110975832,0.0,0.0,DIC-C2DH-HeLa,01,HeLa,#dc3cbe
4,Cell,42,42.0,56.0,205.0,-68.0,10.0,0.0,103.16162112230658,68.73136110975832,0.0,0.0,DIC-C2DH-HeLa,01,HeLa,#dc3cbe
4,Cell,43,43.0,55.0,199.0,-69.0,4.0,6.082762530298219,109.2443836526048,69.1158447825099,6.082762530298219,-99.46232220802564,DIC-C2DH-HeLa,01,HeLa,#dc3cbe
4,Cell,44,44.0,55.0,199.0,-69.0,4.0,0.0,109.2443836526048,69.1158447825099,0.0,0.0,DIC-C2DH-HeLa,01,HeLa,#dc3cbe
4,Cell,45,45.0,55.0,199.0,-69.0,4.0,0.0,109.2443836526048,69.1158447825099,0.0,0.0,DIC-C2DH-HeLa,01,HeLa,#dc3cbe
4,Cell,46,46.0,55.0,199.0,-69.0,4.0,0.0,109.2443836526048,69.1158447825099,0.0,0.0,DIC-C2DH-HeLa,01,HeLa,#dc3cbe
4,Cell,47,47.0,55.0,199.0,-69.0,4.0,0.0,109.2443836526048,69.1158447825099,0.0,0.0,DIC-C2DH-HeLa,01,HeLa,#dc3cbe
4,Cell,48,48.0,55.0,199.0,-69.0,4.0,0.0,109.2443836526048,69.1158447825099,0.0,0.0,DIC-C2DH-HeLa,01,HeLa,#dc3cbe
4,Cell,49,49.0,52.0,196.0,-72.0,1.0,4.242640687119285,113.4870243397241,72.00694410957877,4.242640687119285,-135.0,DIC-C2DH-HeLa,01,HeLa,#dc3cbe
4,Cell,50,50.0,60.0,188.0,-64.0,-7.0,11.31370849898476,124.80073283870888,64.38167441127949,11.31370849898476,-45.0,DIC-C2DH-HeLa,01,HeLa,#dc3cbe
4,Cell,51,51.0,60.0,188.0,-64.0,-7.0,0.0,124.80073283870888,64.38167441127949,0.0,0.0,DIC-C2DH-HeLa,01,HeLa,#dc3cbe
4,Cell,52,52.0,51.0,184.0,-73.0,-11.0,9.848857801796104,134.64959064050498,73.824115301167,9.848857801796104,-156.03751102542182,DIC-C2DH-HeLa,01,HeLa,#dc3cbe
4,Cell,53,53.0,50.0,184.0,-74.0,-11.0,1.0,135.64959064050498,74.81310045707235,1.0,180.0,DIC-C2DH-HeLa,01,HeLa,#dc3cbe
3,Cell,0,0.0,200.0,200.0,0.0,0.0,0.0,0.0,0.0,0.0,0.0,DIC-C2DH-HeLa,01,HeLa,#dc3cbe
3,Cell,1,1.0,197.0,183.0,-3.0,-17.0,17.26267650163207,17.26267650163207,17.26267650163207,17.26267650163207,-100.00797980144137,DIC-C2DH-HeLa,01,HeLa,#dc3cbe
3,Cell,2,2.0,197.0,183.0,-3.0,-17.0,0.0,17.26267650163207,17.26267650163207,0.0,0.0,DIC-C2DH-HeLa,01,HeLa,#dc3cbe
3,Cell,3,3.0,206.0,163.0,6.0,-37.0,21.93171219946131,39.194388701093374,37.48332962798263,21.93171219946131,-65.77225468204583,DIC-C2DH-HeLa,01,HeLa,#dc3cbe
3,Cell,4,4.0,206.0,163.0,6.0,-37.0,0.0,39.194388701093374,37.48332962798263,0.0,0.0,DIC-C2DH-HeLa,01,HeLa,#dc3cbe
3,Cell,5,5.0,195.0,178.0,-5.0,-22.0,18.601075237738275,57.795463938831645,22.56102834535696,18.601075237738275,126.2538377374448,DIC-C2DH-HeLa,01,HeLa,#dc3cbe
3,Cell,6,6.0,195.0,178.0,-5.0,-22.0,0.0,57.795463938831645,22.56102834535696,0.0,0.0,DIC-C2DH-HeLa,01,HeLa,#dc3cbe
3,Cell,7,7.0,195.0,178.0,-5.0,-22.0,0.0,57.795463938831645,22.56102834535696,0.0,0.0,DIC-C2DH-HeLa,01,HeLa,#dc3cbe
3,Cell,8,8.0,195.0,178.0,-5.0,-22.0,0.0,57.795463938831645,22.56102834535696,0.0,0.0,DIC-C2DH-HeLa,01,HeLa,#dc3cbe
3,Cell,9,9.0,184.0,183.0,-16.0,-17.0,12.083045973594572,69.87850991242621,23.345235059857504,12.083045973594572,155.55604521958347,DIC-C2DH-HeLa,01,HeLa,#dc3cbe
3,Cell,10,10.0,184.0,183.0,-16.0,-17.0,0.0,69.87850991242621,23.345235059857504,0.0,0.0,DIC-C2DH-HeLa,01,HeLa,#dc3cbe
3,Cell,11,11.0,193.0,163.0,-7.0,-37.0,21.93171219946131,91.81022211188753,37.65634076752546,21.93171219946131,-65.77225468204583,DIC-C2DH-HeLa,01,HeLa,#dc3cbe
3,Cell,12,12.0,193.0,163.0,-7.0,-37.0,0.0,91.81022211188753,37.65634076752546,0.0,0.0,DIC-C2DH-HeLa,01,HeLa,#dc3cbe
3,Cell,13,13.0,193.0,163.0,-7.0,-37.0,0.0,91.81022211188753,37.65634076752546,0.0,0.0,DIC-C2DH-HeLa,01,HeLa,#dc3cbe
3,Cell,14,14.0,193.0,163.0,-7.0,-37.0,0.0,91.81022211188753,37.65634076752546,0.0,0.0,DIC-C2DH-HeLa,01,HeLa,#dc3cbe
3,Cell,15,15.0,193.0,163.0,-7.0,-37.0,0.0,91.81022211188753,37.65634076752546,0.0,0.0,DIC-C2DH-HeLa,01,HeLa,#dc3cbe
3,Cell,16,16.0,193.5,168.5,-6.5,-31.5,5.522680508593631,97.33290262048116,32.16364407215078,5.522680508593631,84.8055710922652,DIC-C2DH-HeLa,01,HeLa,#dc3cbe
3,Cell,17,17.0,192.0,175.0,-8.0,-25.0,6.670832032063167,104.00373465254432,26.248809496813376,6.670832032063167,102.9946167919165,DIC-C2DH-HeLa,01,HeLa,#dc3cbe
3,Cell,18,18.0,192.0,175.0,-8.0,-25.0,0.0,104.00373465254432,26.248809496813376,0.0,0.0,DIC-C2DH-HeLa,01,HeLa,#dc3cbe
3,Cell,19,19.0,192.5,175.0,-7.5,-25.0,0.5,104.50373465254432,26.10076627227637,0.5,0.0,DIC-C2DH-HeLa,01,HeLa,#dc3cbe
3,Cell,20,20.0,196.0,176.0,-4.0,-24.0,3.640054944640259,108.14378959718458,24.33105012119288,3.640054944640259,15.945395900922856,DIC-C2DH-HeLa,01,HeLa,#dc3cbe
3,Cell,21,21.0,196.0,176.0,-4.0,-24.0,0.0,108.14378959718458,24.33105012119288,0.0,0.0,DIC-C2DH-HeLa,01,HeLa,#dc3cbe
3,Cell,22,22.0,196.0,176.0,-4.0,-24.0,0.0,108.14378959718458,24.33105012119288,0.0,0.0,DIC-C2DH-HeLa,01,HeLa,#dc3cbe
3,Cell,23,23.0,196.0,176.0,-4.0,-24.0,0.0,108.14378959718458,24.33105012119288,0.0,0.0,DIC-C2DH-HeLa,01,HeLa,#dc3cbe
3,Cell,24,24.0,196.0,176.0,-4.0,-24.0,0.0,108.14378959718458,24.33105012119288,0.0,0.0,DIC-C2DH-HeLa,01,HeLa,#dc3cbe
3,Cell,25,25.0,196.0,176.0,-4.0,-24.0,0.0,108.14378959718458,24.33105012119288,0.0,0.0,DIC-C2DH-HeLa,01,HeLa,#dc3cbe
3,Cell,26,26.0,196.0,176.0,-4.0,-24.0,0.0,108.14378959718458,24.33105012119288,0.0,0.0,DIC-C2DH-HeLa,01,HeLa,#dc3cbe
3,Cell,27,27.0,196.0,176.0,-4.0,-24.0,0.0,108.14378959718458,24.33105012119288,0.0,0.0,DIC-C2DH-HeLa,01,HeLa,#dc3cbe
3,Cell,28,28.0,196.0,176.0,-4.0,-24.0,0.0,108.14378959718458,24.33105012119288,0.0,0.0,DIC-C2DH-HeLa,01,HeLa,#dc3cbe
3,Cell,29,29.0,196.0,176.0,-4.0,-24.0,0.0,108.14378959718458,24.33105012119288,0.0,0.0,DIC-C2DH-HeLa,01,HeLa,#dc3cbe
3,Cell,30,30.0,196.0,176.0,-4.0,-24.0,0.0,108.14378959718458,24.33105012119288,0.0,0.0,DIC-C2DH-HeLa,01,HeLa,#dc3cbe
3,Cell,31,31.0,196.0,176.0,-4.0,-24.0,0.0,108.14378959718458,24.33105012119288,0.0,0.0,DIC-C2DH-HeLa,01,HeLa,#dc3cbe
3,Cell,32,32.0,196.0,176.0,-4.0,-24.0,0.0,108.14378959718458,24.33105012119288,0.0,0.0,DIC-C2DH-HeLa,01,HeLa,#dc3cbe
3,Cell,33,33.0,196.0,176.0,-4.0,-24.0,0.0,108.14378959718458,24.33105012119288,0.0,0.0,DIC-C2DH-HeLa,01,HeLa,#dc3cbe
3,Cell,34,34.0,196.0,176.0,-4.0,-24.0,0.0,108.14378959718458,24.33105012119288,0.0,0.0,DIC-C2DH-HeLa,01,HeLa,#dc3cbe
3,Cell,35,35.0,196.0,176.0,-4.0,-24.0,0.0,108.14378959718458,24.33105012119288,0.0,0.0,DIC-C2DH-HeLa,01,HeLa,#dc3cbe
3,Cell,36,36.0,196.0,176.0,-4.0,-24.0,0.0,108.14378959718458,24.33105012119288,0.0,0.0,DIC-C2DH-HeLa,01,HeLa,#dc3cbe
3,Cell,37,37.0,196.0,176.0,-4.0,-24.0,0.0,108.14378959718458,24.33105012119288,0.0,0.0,DIC-C2DH-HeLa,01,HeLa,#dc3cbe
3,Cell,38,38.0,196.0,176.0,-4.0,-24.0,0.0,108.14378959718458,24.33105012119288,0.0,0.0,DIC-C2DH-HeLa,01,HeLa,#dc3cbe
3,Cell,39,39.0,196.0,176.0,-4.0,-24.0,0.0,108.14378959718458,24.33105012119288,0.0,0.0,DIC-C2DH-HeLa,01,HeLa,#dc3cbe
3,Cell,40,40.0,196.0,176.0,-4.0,-24.0,0.0,108.14378959718458,24.33105012119288,0.0,0.0,DIC-C2DH-HeLa,01,HeLa,#dc3cbe
3,Cell,41,41.0,196.0,176.0,-4.0,-24.0,0.0,108.14378959718458,24.33105012119288,0.0,0.0,DIC-C2DH-HeLa,01,HeLa,#dc3cbe
3,Cell,42,42.0,196.0,176.0,-4.0,-24.0,0.0,108.14378959718458,24.33105012119288,0.0,0.0,DIC-C2DH-HeLa,01,HeLa,#dc3cbe
3,Cell,43,43.0,196.0,176.0,-4.0,-24.0,0.0,108.14378959718458,24.33105012119288,0.0,0.0,DIC-C2DH-HeLa,01,HeLa,#dc3cbe
3,Cell,44,44.0,196.0,176.0,-4.0,-24.0,0.0,108.14378959718458,24.33105012119288,0.0,0.0,DIC-C2DH-HeLa,01,HeLa,#dc3cbe
3,Cell,45,45.0,196.0,176.0,-4.0,-24.0,0.0,108.14378959718458,24.33105012119288,0.0,0.0,DIC-C2DH-HeLa,01,HeLa,#dc3cbe
3,Cell,46,46.0,196.0,176.0,-4.0,-24.0,0.0,108.14378959718458,24.33105012119288,0.0,0.0,DIC-C2DH-HeLa,01,HeLa,#dc3cbe
3,Cell,47,47.0,196.0,176.0,-4.0,-24.0,0.0,108.14378959718458,24.33105012119288,0.0,0.0,DIC-C2DH-HeLa,01,HeLa,#dc3cbe
3,Cell,48,48.0,196.0,176.0,-4.0,-24.0,0.0,108.14378959718458,24.33105012119288,0.0,0.0,DIC-C2DH-HeLa,01,HeLa,#dc3cbe
3,Cell,49,49.0,196.0,176.0,-4.0,-24.0,0.0,108.14378959718458,24.33105012119288,0.0,0.0,DIC-C2DH-HeLa,01,HeLa,#dc3cbe
3,Cell,50,50.0,196.0,176.0,-4.0,-24.0,0.0,108.14378959718458,24.33105012119288,0.0,0.0,DIC-C2DH-HeLa,01,HeLa,#dc3cbe
3,Cell,51,51.0,196.0,176.0,-4.0,-24.0,0.0,108.14378959718458,24.33105012119288,0.0,0.0,DIC-C2DH-HeLa,01,HeLa,#dc3cbe
3,Cell,52,52.0,196.0,176.0,-4.0,-24.0,0.0,108.14378959718458,24.33105012119288,0.0,0.0,DIC-C2DH-HeLa,01,HeLa,#dc3cbe
3,Cell,53,53.0,196.0,176.0,-4.0,-24.0,0.0,108.14378959718458,24.33105012119288,0.0,0.0,DIC-C2DH-HeLa,01,HeLa,#dc3cbe
8,Cell,0,0.0,130.0,331.0,0.0,0.0,0.0,0.0,0.0,0.0,0.0,DIC-C2DH-HeLa,01,HeLa,#dc3cbe
8,Cell,1,1.0,118.0,315.0,-12.0,-16.0,20.0,20.0,20.0,20.0,-126.86989764584402,DIC-C2DH-HeLa,01,HeLa,#dc3cbe
8,Cell,2,2.0,113.0,303.0,-17.0,-28.0,13.0,33.0,32.7566787083184,13.0,-112.61986494804044,DIC-C2DH-HeLa,01,HeLa,#dc3cbe
8,Cell,3,3.0,116.0,301.0,-14.0,-30.0,3.605551275463989,36.60555127546399,33.1058907144937,3.605551275463989,-33.690067525979785,DIC-C2DH-HeLa,01,HeLa,#dc3cbe
8,Cell,4,4.0,120.0,295.0,-10.0,-36.0,7.211102550927978,43.81665382639196,37.36308338453881,7.211102550927978,-56.309932474020215,DIC-C2DH-HeLa,01,HeLa,#dc3cbe
8,Cell,5,5.0,120.0,295.0,-10.0,-36.0,0.0,43.81665382639196,37.36308338453881,0.0,0.0,DIC-C2DH-HeLa,01,HeLa,#dc3cbe
8,Cell,6,6.0,120.0,295.0,-10.0,-36.0,0.0,43.81665382639196,37.36308338453881,0.0,0.0,DIC-C2DH-HeLa,01,HeLa,#dc3cbe
8,Cell,7,7.0,120.0,295.0,-10.0,-36.0,0.0,43.81665382639196,37.36308338453881,0.0,0.0,DIC-C2DH-HeLa,01,HeLa,#dc3cbe
8,Cell,8,8.0,115.0,308.0,-15.0,-23.0,13.92838827718412,57.74504210357608,27.459060435491963,13.92838827718412,111.03751102542182,DIC-C2DH-HeLa,01,HeLa,#dc3cbe
8,Cell,9,9.0,115.0,308.0,-15.0,-23.0,0.0,57.74504210357608,27.459060435491963,0.0,0.0,DIC-C2DH-HeLa,01,HeLa,#dc3cbe
8,Cell,10,10.0,115.0,308.0,-15.0,-23.0,0.0,57.74504210357608,27.459060435491963,0.0,0.0,DIC-C2DH-HeLa,01,HeLa,#dc3cbe
8,Cell,11,11.0,115.0,308.0,-15.0,-23.0,0.0,57.74504210357608,27.459060435491963,0.0,0.0,DIC-C2DH-HeLa,01,HeLa,#dc3cbe
8,Cell,12,12.0,115.0,308.0,-15.0,-23.0,0.0,57.74504210357608,27.459060435491963,0.0,0.0,DIC-C2DH-HeLa,01,HeLa,#dc3cbe
8,Cell,13,13.0,115.0,308.0,-15.0,-23.0,0.0,57.74504210357608,27.459060435491963,0.0,0.0,DIC-C2DH-HeLa,01,HeLa,#dc3cbe
8,Cell,14,14.0,115.0,308.0,-15.0,-23.0,0.0,57.74504210357608,27.459060435491963,0.0,0.0,DIC-C2DH-HeLa,01,HeLa,#dc3cbe
8,Cell,15,15.0,115.0,308.0,-15.0,-23.0,0.0,57.74504210357608,27.459060435491963,0.0,0.0,DIC-C2DH-HeLa,01,HeLa,#dc3cbe
8,Cell,16,16.0,115.0,308.0,-15.0,-23.0,0.0,57.74504210357608,27.459060435491963,0.0,0.0,DIC-C2DH-HeLa,01,HeLa,#dc3cbe
8,Cell,17,17.0,115.0,308.0,-15.0,-23.0,0.0,57.74504210357608,27.459060435491963,0.0,0.0,DIC-C2DH-HeLa,01,HeLa,#dc3cbe
8,Cell,18,18.0,115.0,308.0,-15.0,-23.0,0.0,57.74504210357608,27.459060435491963,0.0,0.0,DIC-C2DH-HeLa,01,HeLa,#dc3cbe
8,Cell,19,19.0,115.0,308.0,-15.0,-23.0,0.0,57.74504210357608,27.459060435491963,0.0,0.0,DIC-C2DH-HeLa,01,HeLa,#dc3cbe
8,Cell,20,20.0,115.0,308.0,-15.0,-23.0,0.0,57.74504210357608,27.459060435491963,0.0,0.0,DIC-C2DH-HeLa,01,HeLa,#dc3cbe
8,Cell,21,21.0,115.0,308.0,-15.0,-23.0,0.0,57.74504210357608,27.459060435491963,0.0,0.0,DIC-C2DH-HeLa,01,HeLa,#dc3cbe
8,Cell,22,22.0,115.0,308.0,-15.0,-23.0,0.0,57.74504210357608,27.459060435491963,0.0,0.0,DIC-C2DH-HeLa,01,HeLa,#dc3cbe
8,Cell,23,23.0,115.0,308.0,-15.0,-23.0,0.0,57.74504210357608,27.459060435491963,0.0,0.0,DIC-C2DH-HeLa,01,HeLa,#dc3cbe
8,Cell,24,24.0,115.0,308.0,-15.0,-23.0,0.0,57.74504210357608,27.459060435491963,0.0,0.0,DIC-C2DH-HeLa,01,HeLa,#dc3cbe
8,Cell,25,25.0,115.0,308.0,-15.0,-23.0,0.0,57.74504210357608,27.459060435491963,0.0,0.0,DIC-C2DH-HeLa,01,HeLa,#dc3cbe
8,Cell,26,26.0,115.0,308.0,-15.0,-23.0,0.0,57.74504210357608,27.459060435491963,0.0,0.0,DIC-C2DH-HeLa,01,HeLa,#dc3cbe
8,Cell,27,27.0,115.0,308.0,-15.0,-23.0,0.0,57.74504210357608,27.459060435491963,0.0,0.0,DIC-C2DH-HeLa,01,HeLa,#dc3cbe
8,Cell,28,28.0,115.0,308.0,-15.0,-23.0,0.0,57.74504210357608,27.459060435491963,0.0,0.0,DIC-C2DH-HeLa,01,HeLa,#dc3cbe
8,Cell,29,29.0,115.0,308.0,-15.0,-23.0,0.0,57.74504210357608,27.459060435491963,0.0,0.0,DIC-C2DH-HeLa,01,HeLa,#dc3cbe
8,Cell,30,30.0,115.0,308.0,-15.0,-23.0,0.0,57.74504210357608,27.459060435491963,0.0,0.0,DIC-C2DH-HeLa,01,HeLa,#dc3cbe
8,Cell,31,31.0,115.0,308.0,-15.0,-23.0,0.0,57.74504210357608,27.459060435491963,0.0,0.0,DIC-C2DH-HeLa,01,HeLa,#dc3cbe
8,Cell,32,32.0,115.0,308.0,-15.0,-23.0,0.0,57.74504210357608,27.459060435491963,0.0,0.0,DIC-C2DH-HeLa,01,HeLa,#dc3cbe
8,Cell,33,33.0,115.0,308.0,-15.0,-23.0,0.0,57.74504210357608,27.459060435491963,0.0,0.0,DIC-C2DH-HeLa,01,HeLa,#dc3cbe
8,Cell,34,34.0,106.0,325.0,-24.0,-6.0,19.235384061671343,76.98042616524742,24.73863375370596,19.235384061671343,117.89727103094764,DIC-C2DH-HeLa,01,HeLa,#dc3cbe
8,Cell,35,35.0,106.0,325.0,-24.0,-6.0,0.0,76.98042616524742,24.73863375370596,0.0,0.0,DIC-C2DH-HeLa,01,HeLa,#dc3cbe
8,Cell,36,36.0,101.0,329.0,-29.0,-2.0,6.4031242374328485,83.38355040268027,29.068883707497267,6.4031242374328485,141.34019174590992,DIC-C2DH-HeLa,01,HeLa,#dc3cbe
8,Cell,37,37.0,99.0,329.0,-31.0,-2.0,2.0,85.38355040268027,31.064449134018133,2.0,180.0,DIC-C2DH-HeLa,01,HeLa,#dc3cbe
8,Cell,38,38.0,99.0,329.0,-31.0,-2.0,0.0,85.38355040268027,31.064449134018133,0.0,0.0,DIC-C2DH-HeLa,01,HeLa,#dc3cbe
8,Cell,39,39.0,99.0,329.0,-31.0,-2.0,0.0,85.38355040268027,31.064449134018133,0.0,0.0,DIC-C2DH-HeLa,01,HeLa,#dc3cbe
8,Cell,40,40.0,99.0,329.0,-31.0,-2.0,0.0,85.38355040268027,31.064449134018133,0.0,0.0,DIC-C2DH-HeLa,01,HeLa,#dc3cbe
8,Cell,41,41.0,102.5,329.0,-27.5,-2.0,3.5,88.88355040268027,27.572631357924475,3.5,0.0,DIC-C2DH-HeLa,01,HeLa,#dc3cbe
8,Cell,42,42.0,103.0,329.0,-27.0,-2.0,0.5,89.38355040268027,27.073972741361768,0.5,0.0,DIC-C2DH-HeLa,01,HeLa,#dc3cbe
8,Cell,43,43.0,103.0,329.0,-27.0,-2.0,0.0,89.38355040268027,27.073972741361768,0.0,0.0,DIC-C2DH-HeLa,01,HeLa,#dc3cbe
8,Cell,44,44.0,103.0,329.0,-27.0,-2.0,0.0,89.38355040268027,27.073972741361768,0.0,0.0,DIC-C2DH-HeLa,01,HeLa,#dc3cbe
8,Cell,45,45.0,94.0,323.0,-36.0,-8.0,10.816653826391969,100.20020422907224,36.87817782917155,10.816653826391969,-146.30993247402023,DIC-C2DH-HeLa,01,HeLa,#dc3cbe
8,Cell,46,46.0,94.0,323.0,-36.0,-8.0,0.0,100.20020422907224,36.87817782917155,0.0,0.0,DIC-C2DH-HeLa,01,HeLa,#dc3cbe
8,Cell,47,47.0,94.0,323.0,-36.0,-8.0,0.0,100.20020422907224,36.87817782917155,0.0,0.0,DIC-C2DH-HeLa,01,HeLa,#dc3cbe
10,Cell,0,0.0,194.0,274.0,0.0,0.0,0.0,0.0,0.0,0.0,0.0,DIC-C2DH-HeLa,01,HeLa,#dc3cbe
10,Cell,1,1.0,177.5,287.0,-16.5,13.0,21.005951537600005,21.005951537600005,21.005951537600005,21.005951537600005,141.76617482255307,DIC-C2DH-HeLa,01,HeLa,#dc3cbe
10,Cell,2,2.0,184.5,300.0,-9.5,26.0,14.7648230602334,35.77077459783341,27.681221071332818,14.7648230602334,61.69924423399363,DIC-C2DH-HeLa,01,HeLa,#dc3cbe
10,Cell,3,3.0,208.0,317.0,14.0,43.0,29.004310024546356,64.77508462237977,45.22167621838005,29.004310024546356,35.882137246204216,DIC-C2DH-HeLa,01,HeLa,#dc3cbe
10,Cell,4,4.0,210.0,321.0,16.0,47.0,4.47213595499958,69.24722057737935,49.64876634922564,4.47213595499958,63.43494882292201,DIC-C2DH-HeLa,01,HeLa,#dc3cbe
10,Cell,5,5.0,210.0,321.0,16.0,47.0,0.0,69.24722057737935,49.64876634922564,0.0,0.0,DIC-C2DH-HeLa,01,HeLa,#dc3cbe
10,Cell,6,6.0,210.0,321.0,16.0,47.0,0.0,69.24722057737935,49.64876634922564,0.0,0.0,DIC-C2DH-HeLa,01,HeLa,#dc3cbe
10,Cell,7,7.0,210.0,321.0,16.0,47.0,0.0,69.24722057737935,49.64876634922564,0.0,0.0,DIC-C2DH-HeLa,01,HeLa,#dc3cbe
10,Cell,8,8.0,210.0,321.0,16.0,47.0,0.0,69.24722057737935,49.64876634922564,0.0,0.0,DIC-C2DH-HeLa,01,HeLa,#dc3cbe
10,Cell,9,9.0,209.0,321.0,15.0,47.0,1.0,70.24722057737935,49.33558553417604,1.0,180.0,DIC-C2DH-HeLa,01,HeLa,#dc3cbe
10,Cell,10,10.0,208.0,321.0,14.0,47.0,1.0,71.24722057737935,49.04079934095692,1.0,180.0,DIC-C2DH-HeLa,01,HeLa,#dc3cbe
10,Cell,11,11.0,207.0,321.0,13.0,47.0,1.0,72.24722057737935,48.76474136094644,1.0,180.0,DIC-C2DH-HeLa,01,HeLa,#dc3cbe
10,Cell,12,12.0,205.0,320.0,11.0,46.0,2.23606797749979,74.48328855487914,47.29693436154187,2.23606797749979,-153.43494882292202,DIC-C2DH-HeLa,01,HeLa,#dc3cbe
10,Cell,13,13.0,205.0,320.0,11.0,46.0,0.0,74.48328855487914,47.29693436154187,0.0,0.0,DIC-C2DH-HeLa,01,HeLa,#dc3cbe
10,Cell,14,14.0,205.0,320.0,11.0,46.0,0.0,74.48328855487914,47.29693436154187,0.0,0.0,DIC-C2DH-HeLa,01,HeLa,#dc3cbe
10,Cell,15,15.0,205.0,320.0,11.0,46.0,0.0,74.48328855487914,47.29693436154187,0.0,0.0,DIC-C2DH-HeLa,01,HeLa,#dc3cbe
10,Cell,16,16.0,205.0,320.0,11.0,46.0,0.0,74.48328855487914,47.29693436154187,0.0,0.0,DIC-C2DH-HeLa,01,HeLa,#dc3cbe
10,Cell,17,17.0,205.0,320.0,11.0,46.0,0.0,74.48328855487914,47.29693436154187,0.0,0.0,DIC-C2DH-HeLa,01,HeLa,#dc3cbe
10,Cell,18,18.0,205.0,320.0,11.0,46.0,0.0,74.48328855487914,47.29693436154187,0.0,0.0,DIC-C2DH-HeLa,01,HeLa,#dc3cbe
10,Cell,19,19.0,205.0,320.0,11.0,46.0,0.0,74.48328855487914,47.29693436154187,0.0,0.0,DIC-C2DH-HeLa,01,HeLa,#dc3cbe
10,Cell,20,20.0,205.0,320.0,11.0,46.0,0.0,74.48328855487914,47.29693436154187,0.0,0.0,DIC-C2DH-HeLa,01,HeLa,#dc3cbe
10,Cell,21,21.0,205.0,320.0,11.0,46.0,0.0,74.48328855487914,47.29693436154187,0.0,0.0,DIC-C2DH-HeLa,01,HeLa,#dc3cbe
10,Cell,22,22.0,205.0,320.0,11.0,46.0,0.0,74.48328855487914,47.29693436154187,0.0,0.0,DIC-C2DH-HeLa,01,HeLa,#dc3cbe
10,Cell,23,23.0,205.0,320.0,11.0,46.0,0.0,74.48328855487914,47.29693436154187,0.0,0.0,DIC-C2DH-HeLa,01,HeLa,#dc3cbe
10,Cell,24,24.0,205.0,320.0,11.0,46.0,0.0,74.48328855487914,47.29693436154187,0.0,0.0,DIC-C2DH-HeLa,01,HeLa,#dc3cbe
10,Cell,25,25.0,205.0,320.0,11.0,46.0,0.0,74.48328855487914,47.29693436154187,0.0,0.0,DIC-C2DH-HeLa,01,HeLa,#dc3cbe
10,Cell,26,26.0,205.0,320.0,11.0,46.0,0.0,74.48328855487914,47.29693436154187,0.0,0.0,DIC-C2DH-HeLa,01,HeLa,#dc3cbe
10,Cell,27,27.0,205.0,320.0,11.0,46.0,0.0,74.48328855487914,47.29693436154187,0.0,0.0,DIC-C2DH-HeLa,01,HeLa,#dc3cbe
10,Cell,28,28.0,205.0,320.0,11.0,46.0,0.0,74.48328855487914,47.29693436154187,0.0,0.0,DIC-C2DH-HeLa,01,HeLa,#dc3cbe
10,Cell,29,29.0,205.0,320.0,11.0,46.0,0.0,74.48328855487914,47.29693436154187,0.0,0.0,DIC-C2DH-HeLa,01,HeLa,#dc3cbe
10,Cell,30,30.0,205.0,320.0,11.0,46.0,0.0,74.48328855487914,47.29693436154187,0.0,0.0,DIC-C2DH-HeLa,01,HeLa,#dc3cbe
10,Cell,31,31.0,205.0,320.0,11.0,46.0,0.0,74.48328855487914,47.29693436154187,0.0,0.0,DIC-C2DH-HeLa,01,HeLa,#dc3cbe
10,Cell,32,32.0,205.0,320.0,11.0,46.0,0.0,74.48328855487914,47.29693436154187,0.0,0.0,DIC-C2DH-HeLa,01,HeLa,#dc3cbe
10,Cell,33,33.0,205.0,320.0,11.0,46.0,0.0,74.48328855487914,47.29693436154187,0.0,0.0,DIC-C2DH-HeLa,01,HeLa,#dc3cbe
10,Cell,34,34.0,205.0,320.0,11.0,46.0,0.0,74.48328855487914,47.29693436154187,0.0,0.0,DIC-C2DH-HeLa,01,HeLa,#dc3cbe
10,Cell,35,35.0,205.0,320.0,11.0,46.0,0.0,74.48328855487914,47.29693436154187,0.0,0.0,DIC-C2DH-HeLa,01,HeLa,#dc3cbe
10,Cell,36,36.0,202.0,320.0,8.0,46.0,3.0,77.48328855487914,46.69047011971501,3.0,180.0,DIC-C2DH-HeLa,01,HeLa,#dc3cbe
10,Cell,37,37.0,198.0,319.0,4.0,45.0,4.123105625617661,81.60639418049679,45.17742799230607,4.123105625617661,-165.96375653207352,DIC-C2DH-HeLa,01,HeLa,#dc3cbe
10,Cell,38,38.0,198.0,319.0,4.0,45.0,0.0,81.60639418049679,45.17742799230607,0.0,0.0,DIC-C2DH-HeLa,01,HeLa,#dc3cbe
10,Cell,39,39.0,197.0,318.0,3.0,44.0,1.4142135623730951,83.02060774286988,44.10215414239989,1.4142135623730951,-135.0,DIC-C2DH-HeLa,01,HeLa,#dc3cbe
10,Cell,40,40.0,193.0,312.0,-1.0,38.0,7.211102550927978,90.23171029379786,38.01315561749642,7.211102550927978,-123.6900675259798,DIC-C2DH-HeLa,01,HeLa,#dc3cbe
10,Cell,41,41.0,193.0,312.0,-1.0,38.0,0.0,90.23171029379786,38.01315561749642,0.0,0.0,DIC-C2DH-HeLa,01,HeLa,#dc3cbe
10,Cell,42,42.0,193.0,312.0,-1.0,38.0,0.0,90.23171029379786,38.01315561749642,0.0,0.0,DIC-C2DH-HeLa,01,HeLa,#dc3cbe
10,Cell,43,43.0,193.0,312.0,-1.0,38.0,0.0,90.23171029379786,38.01315561749642,0.0,0.0,DIC-C2DH-HeLa,01,HeLa,#dc3cbe
10,Cell,44,44.0,193.0,312.0,-1.0,38.0,0.0,90.23171029379786,38.01315561749642,0.0,0.0,DIC-C2DH-HeLa,01,HeLa,#dc3cbe
10,Cell,45,45.0,193.0,312.0,-1.0,38.0,0.0,90.23171029379786,38.01315561749642,0.0,0.0,DIC-C2DH-HeLa,01,HeLa,#dc3cbe
10,Cell,46,46.0,193.0,312.0,-1.0,38.0,0.0,90.23171029379786,38.01315561749642,0.0,0.0,DIC-C2DH-HeLa,01,HeLa,#dc3cbe
10,Cell,47,47.0,193.0,312.0,-1.0,38.0,0.0,90.23171029379786,38.01315561749642,0.0,0.0,DIC-C2DH-HeLa,01,HeLa,#dc3cbe
22,Cell,0,0.0,172.0,429.0,0.0,0.0,0.0,0.0,0.0,0.0,0.0,DIC-C2DH-HeLa,01,HeLa,#dc3cbe
22,Cell,1,1.0,172.0,429.0,0.0,0.0,0.0,0.0,0.0,0.0,0.0,DIC-C2DH-HeLa,01,HeLa,#dc3cbe
22,Cell,2,2.0,171.0,432.5,-1.0,3.5,3.640054944640259,3.640054944640259,3.640054944640259,3.640054944640259,105.94539590092285,DIC-C2DH-HeLa,01,HeLa,#dc3cbe
22,Cell,3,3.0,167.5,448.0,-4.5,19.0,15.890248582070704,19.530303526710963,19.525624189766635,15.890248582070704,102.72435568542237,DIC-C2DH-HeLa,01,HeLa,#dc3cbe
22,Cell,4,4.0,166.0,459.0,-6.0,30.0,11.10180165558726,30.632105182298226,30.59411708155671,11.10180165558726,97.76516601842532,DIC-C2DH-HeLa,01,HeLa,#dc3cbe
22,Cell,5,5.0,165.0,461.0,-7.0,32.0,2.23606797749979,32.86817315979801,32.7566787083184,2.23606797749979,116.565051177078,DIC-C2DH-HeLa,01,HeLa,#dc3cbe
22,Cell,6,6.0,165.0,461.5,-7.0,32.5,0.5,33.36817315979801,33.24530041975858,0.5,90.0,DIC-C2DH-HeLa,01,HeLa,#dc3cbe
22,Cell,7,7.0,165.0,460.0,-7.0,31.0,1.5,34.86817315979801,31.78049716414141,1.5,-90.0,DIC-C2DH-HeLa,01,HeLa,#dc3cbe
22,Cell,8,8.0,158.0,457.0,-14.0,28.0,7.615773105863909,42.48394626566192,31.304951684997057,7.615773105863909,-156.80140948635182,DIC-C2DH-HeLa,01,HeLa,#dc3cbe
22,Cell,9,9.0,158.0,457.0,-14.0,28.0,0.0,42.48394626566192,31.304951684997057,0.0,0.0,DIC-C2DH-HeLa,01,HeLa,#dc3cbe
22,Cell,10,10.0,158.0,457.0,-14.0,28.0,0.0,42.48394626566192,31.304951684997057,0.0,0.0,DIC-C2DH-HeLa,01,HeLa,#dc3cbe
22,Cell,11,11.0,158.0,456.5,-14.0,27.5,0.5,42.98394626566192,30.858548248418945,0.5,-90.0,DIC-C2DH-HeLa,01,HeLa,#dc3cbe
22,Cell,12,12.0,158.0,456.0,-14.0,27.0,0.5,43.48394626566192,30.4138126514911,0.5,-90.0,DIC-C2DH-HeLa,01,HeLa,#dc3cbe
22,Cell,13,13.0,158.0,456.0,-14.0,27.0,0.0,43.48394626566192,30.4138126514911,0.0,0.0,DIC-C2DH-HeLa,01,HeLa,#dc3cbe
22,Cell,14,14.0,168.0,458.0,-4.0,29.0,10.198039027185567,53.681985292847486,29.27456233660889,10.198039027185567,11.309932474020211,DIC-C2DH-HeLa,01,HeLa,#dc3cbe
22,Cell,15,15.0,177.0,458.0,5.0,29.0,9.0,62.681985292847486,29.42787793912432,9.0,0.0,DIC-C2DH-HeLa,01,HeLa,#dc3cbe
22,Cell,16,16.0,177.0,458.0,5.0,29.0,0.0,62.681985292847486,29.42787793912432,0.0,0.0,DIC-C2DH-HeLa,01,HeLa,#dc3cbe
22,Cell,17,17.0,177.0,458.0,5.0,29.0,0.0,62.681985292847486,29.42787793912432,0.0,0.0,DIC-C2DH-HeLa,01,HeLa,#dc3cbe
22,Cell,18,18.0,177.0,458.0,5.0,29.0,0.0,62.681985292847486,29.42787793912432,0.0,0.0,DIC-C2DH-HeLa,01,HeLa,#dc3cbe
22,Cell,19,19.0,184.5,459.0,12.5,30.0,7.566372975210778,70.24835826805827,32.5,7.566372975210778,7.594643368591445,DIC-C2DH-HeLa,01,HeLa,#dc3cbe
22,Cell,20,20.0,190.0,460.0,18.0,31.0,5.5901699437494745,75.83852821180774,35.84689665786984,5.5901699437494745,10.304846468766032,DIC-C2DH-HeLa,01,HeLa,#dc3cbe
22,Cell,21,21.0,190.0,460.0,18.0,31.0,0.0,75.83852821180774,35.84689665786984,0.0,0.0,DIC-C2DH-HeLa,01,HeLa,#dc3cbe
22,Cell,22,22.0,190.0,460.0,18.0,31.0,0.0,75.83852821180774,35.84689665786984,0.0,0.0,DIC-C2DH-HeLa,01,HeLa,#dc3cbe
22,Cell,23,23.0,190.0,460.0,18.0,31.0,0.0,75.83852821180774,35.84689665786984,0.0,0.0,DIC-C2DH-HeLa,01,HeLa,#dc3cbe
22,Cell,24,24.0,190.0,460.0,18.0,31.0,0.0,75.83852821180774,35.84689665786984,0.0,0.0,DIC-C2DH-HeLa,01,HeLa,#dc3cbe
22,Cell,25,25.0,190.0,460.0,18.0,31.0,0.0,75.83852821180774,35.84689665786984,0.0,0.0,DIC-C2DH-HeLa,01,HeLa,#dc3cbe
22,Cell,26,26.0,190.0,460.0,18.0,31.0,0.0,75.83852821180774,35.84689665786984,0.0,0.0,DIC-C2DH-HeLa,01,HeLa,#dc3cbe
22,Cell,27,27.0,190.0,460.0,18.0,31.0,0.0,75.83852821180774,35.84689665786984,0.0,0.0,DIC-C2DH-HeLa,01,HeLa,#dc3cbe
22,Cell,28,28.0,190.0,460.0,18.0,31.0,0.0,75.83852821180774,35.84689665786984,0.0,0.0,DIC-C2DH-HeLa,01,HeLa,#dc3cbe
22,Cell,29,29.0,190.0,461.0,18.0,32.0,1.0,76.83852821180774,36.71511950137164,1.0,90.0,DIC-C2DH-HeLa,01,HeLa,#dc3cbe
22,Cell,30,30.0,184.0,461.0,12.0,32.0,6.0,82.83852821180774,34.17601498127012,6.0,180.0,DIC-C2DH-HeLa,01,HeLa,#dc3cbe
22,Cell,31,31.0,194.0,460.0,22.0,31.0,10.04987562112089,92.88840383292865,38.01315561749642,10.04987562112089,-5.710593137499642,DIC-C2DH-HeLa,01,HeLa,#dc3cbe
22,Cell,32,32.0,188.0,459.0,16.0,30.0,6.082762530298219,98.97116636322686,34.0,6.082762530298219,-170.5376777919744,DIC-C2DH-HeLa,01,HeLa,#dc3cbe
22,Cell,33,33.0,195.0,463.0,23.0,34.0,8.06225774829855,107.0334241115254,41.04875150354759,8.06225774829855,29.744881296942225,DIC-C2DH-HeLa,01,HeLa,#dc3cbe
22,Cell,34,34.0,201.0,457.0,29.0,28.0,8.48528137423857,115.51870548576396,40.311288741492746,8.48528137423857,-45.0,DIC-C2DH-HeLa,01,HeLa,#dc3cbe
22,Cell,35,35.0,195.5,465.0,23.5,36.0,9.7082439194738,125.22694940523778,42.99127818523194,9.7082439194738,124.5085229876684,DIC-C2DH-HeLa,01,HeLa,#dc3cbe
22,Cell,36,36.0,196.0,464.0,24.0,35.0,1.118033988749895,126.34498339398768,42.43819034784589,1.118033988749895,-63.43494882292201,DIC-C2DH-HeLa,01,HeLa,#dc3cbe
22,Cell,37,37.0,204.0,465.0,32.0,36.0,8.06225774829855,134.40724114228624,48.16637831516918,8.06225774829855,7.125016348901798,DIC-C2DH-HeLa,01,HeLa,#dc3cbe
22,Cell,38,38.0,208.0,466.0,36.0,37.0,4.123105625617661,138.5303467679039,51.62363799656123,4.123105625617661,14.036243467926475,DIC-C2DH-HeLa,01,HeLa,#dc3cbe
22,Cell,39,39.0,201.0,460.0,29.0,31.0,9.219544457292889,147.7498912251968,42.44997055358225,9.219544457292889,-139.3987053549955,DIC-C2DH-HeLa,01,HeLa,#dc3cbe
22,Cell,40,40.0,204.0,461.0,32.0,32.0,3.1622776601683795,150.91216888536516,45.254833995939045,3.1622776601683795,18.43494882292201,DIC-C2DH-HeLa,01,HeLa,#dc3cbe
22,Cell,41,41.0,202.0,460.0,30.0,31.0,2.23606797749979,153.14823686286496,43.139309220245984,2.23606797749979,-153.43494882292202,DIC-C2DH-HeLa,01,HeLa,#dc3cbe
22,Cell,42,42.0,198.0,458.0,26.0,29.0,4.47213595499958,157.6203728178645,38.948684188300895,4.47213595499958,-153.43494882292202,DIC-C2DH-HeLa,01,HeLa,#dc3cbe
22,Cell,43,43.0,208.0,459.0,36.0,30.0,10.04987562112089,167.67024843898542,46.86149805543992,10.04987562112089,5.710593137499642,DIC-C2DH-HeLa,01,HeLa,#dc3cbe
22,Cell,44,44.0,216.0,462.0,44.0,33.0,8.54400374531753,176.21425218430295,55.0,8.54400374531753,20.556045219583464,DIC-C2DH-HeLa,01,HeLa,#dc3cbe
22,Cell,45,45.0,211.0,461.0,39.0,32.0,5.0990195135927845,181.31327169789571,50.44799302251776,5.0990195135927845,-168.6900675259798,DIC-C2DH-HeLa,01,HeLa,#dc3cbe
7,Cell,0,0.0,159.0,295.0,0.0,0.0,0.0,0.0,0.0,0.0,0.0,DIC-C2DH-HeLa,01,HeLa,#dc3cbe
7,Cell,1,1.0,159.0,295.0,0.0,0.0,0.0,0.0,0.0,0.0,0.0,DIC-C2DH-HeLa,01,HeLa,#dc3cbe
7,Cell,2,2.0,159.0,295.0,0.0,0.0,0.0,0.0,0.0,0.0,0.0,DIC-C2DH-HeLa,01,HeLa,#dc3cbe
7,Cell,3,3.0,161.0,295.0,2.0,0.0,2.0,2.0,2.0,2.0,0.0,DIC-C2DH-HeLa,01,HeLa,#dc3cbe
7,Cell,4,4.0,161.0,295.0,2.0,0.0,0.0,2.0,2.0,0.0,0.0,DIC-C2DH-HeLa,01,HeLa,#dc3cbe
7,Cell,5,5.0,161.0,295.0,2.0,0.0,0.0,2.0,2.0,0.0,0.0,DIC-C2DH-HeLa,01,HeLa,#dc3cbe
7,Cell,6,6.0,161.0,295.0,2.0,0.0,0.0,2.0,2.0,0.0,0.0,DIC-C2DH-HeLa,01,HeLa,#dc3cbe
7,Cell,7,7.0,161.0,295.0,2.0,0.0,0.0,2.0,2.0,0.0,0.0,DIC-C2DH-HeLa,01,HeLa,#dc3cbe
7,Cell,8,8.0,161.0,295.0,2.0,0.0,0.0,2.0,2.0,0.0,0.0,DIC-C2DH-HeLa,01,HeLa,#dc3cbe
7,Cell,9,9.0,161.0,295.0,2.0,0.0,0.0,2.0,2.0,0.0,0.0,DIC-C2DH-HeLa,01,HeLa,#dc3cbe
7,Cell,10,10.0,161.0,295.0,2.0,0.0,0.0,2.0,2.0,0.0,0.0,DIC-C2DH-HeLa,01,HeLa,#dc3cbe
7,Cell,11,11.0,161.0,295.0,2.0,0.0,0.0,2.0,2.0,0.0,0.0,DIC-C2DH-HeLa,01,HeLa,#dc3cbe
7,Cell,12,12.0,161.0,295.0,2.0,0.0,0.0,2.0,2.0,0.0,0.0,DIC-C2DH-HeLa,01,HeLa,#dc3cbe
7,Cell,13,13.0,161.0,295.0,2.0,0.0,0.0,2.0,2.0,0.0,0.0,DIC-C2DH-HeLa,01,HeLa,#dc3cbe
7,Cell,14,14.0,161.0,295.0,2.0,0.0,0.0,2.0,2.0,0.0,0.0,DIC-C2DH-HeLa,01,HeLa,#dc3cbe
7,Cell,15,15.0,161.0,295.0,2.0,0.0,0.0,2.0,2.0,0.0,0.0,DIC-C2DH-HeLa,01,HeLa,#dc3cbe
7,Cell,16,16.0,161.0,295.0,2.0,0.0,0.0,2.0,2.0,0.0,0.0,DIC-C2DH-HeLa,01,HeLa,#dc3cbe
7,Cell,17,17.0,161.0,295.0,2.0,0.0,0.0,2.0,2.0,0.0,0.0,DIC-C2DH-HeLa,01,HeLa,#dc3cbe
7,Cell,18,18.0,161.0,295.0,2.0,0.0,0.0,2.0,2.0,0.0,0.0,DIC-C2DH-HeLa,01,HeLa,#dc3cbe
7,Cell,19,19.0,161.0,295.0,2.0,0.0,0.0,2.0,2.0,0.0,0.0,DIC-C2DH-HeLa,01,HeLa,#dc3cbe
7,Cell,20,20.0,161.0,295.0,2.0,0.0,0.0,2.0,2.0,0.0,0.0,DIC-C2DH-HeLa,01,HeLa,#dc3cbe
7,Cell,21,21.0,161.0,295.0,2.0,0.0,0.0,2.0,2.0,0.0,0.0,DIC-C2DH-HeLa,01,HeLa,#dc3cbe
7,Cell,22,22.0,161.0,295.0,2.0,0.0,0.0,2.0,2.0,0.0,0.0,DIC-C2DH-HeLa,01,HeLa,#dc3cbe
7,Cell,23,23.0,161.0,295.0,2.0,0.0,0.0,2.0,2.0,0.0,0.0,DIC-C2DH-HeLa,01,HeLa,#dc3cbe
7,Cell,24,24.0,161.0,295.0,2.0,0.0,0.0,2.0,2.0,0.0,0.0,DIC-C2DH-HeLa,01,HeLa,#dc3cbe
7,Cell,25,25.0,164.0,304.0,5.0,9.0,9.486832980505138,11.486832980505138,10.295630140987,9.486832980505138,71.56505117707799,DIC-C2DH-HeLa,01,HeLa,#dc3cbe
7,Cell,26,26.0,164.0,304.0,5.0,9.0,0.0,11.486832980505138,10.295630140987,0.0,0.0,DIC-C2DH-HeLa,01,HeLa,#dc3cbe
7,Cell,27,27.0,164.0,304.0,5.0,9.0,0.0,11.486832980505138,10.295630140987,0.0,0.0,DIC-C2DH-HeLa,01,HeLa,#dc3cbe
7,Cell,28,28.0,164.0,304.0,5.0,9.0,0.0,11.486832980505138,10.295630140987,0.0,0.0,DIC-C2DH-HeLa,01,HeLa,#dc3cbe
7,Cell,29,29.0,164.0,304.0,5.0,9.0,0.0,11.486832980505138,10.295630140987,0.0,0.0,DIC-C2DH-HeLa,01,HeLa,#dc3cbe
7,Cell,30,30.0,164.0,304.0,5.0,9.0,0.0,11.486832980505138,10.295630140987,0.0,0.0,DIC-C2DH-HeLa,01,HeLa,#dc3cbe
7,Cell,31,31.0,164.0,304.0,5.0,9.0,0.0,11.486832980505138,10.295630140987,0.0,0.0,DIC-C2DH-HeLa,01,HeLa,#dc3cbe
7,Cell,32,32.0,164.0,304.0,5.0,9.0,0.0,11.486832980505138,10.295630140987,0.0,0.0,DIC-C2DH-HeLa,01,HeLa,#dc3cbe
7,Cell,33,33.0,164.0,304.0,5.0,9.0,0.0,11.486832980505138,10.295630140987,0.0,0.0,DIC-C2DH-HeLa,01,HeLa,#dc3cbe
7,Cell,34,34.0,164.0,304.0,5.0,9.0,0.0,11.486832980505138,10.295630140987,0.0,0.0,DIC-C2DH-HeLa,01,HeLa,#dc3cbe
7,Cell,35,35.0,164.0,304.0,5.0,9.0,0.0,11.486832980505138,10.295630140987,0.0,0.0,DIC-C2DH-HeLa,01,HeLa,#dc3cbe
34,Cell,0,0.0,454.0,58.0,0.0,0.0,0.0,0.0,0.0,0.0,0.0,DIC-C2DH-HeLa,01,HeLa,#dc3cbe
34,Cell,1,1.0,454.0,58.0,0.0,0.0,0.0,0.0,0.0,0.0,0.0,DIC-C2DH-HeLa,01,HeLa,#dc3cbe
34,Cell,2,2.0,455.0,58.0,1.0,0.0,1.0,1.0,1.0,1.0,0.0,DIC-C2DH-HeLa,01,HeLa,#dc3cbe
34,Cell,3,3.0,455.0,58.0,1.0,0.0,0.0,1.0,1.0,0.0,0.0,DIC-C2DH-HeLa,01,HeLa,#dc3cbe
34,Cell,4,4.0,458.0,61.0,4.0,3.0,4.242640687119285,5.242640687119285,5.0,4.242640687119285,45.0,DIC-C2DH-HeLa,01,HeLa,#dc3cbe
34,Cell,5,5.0,461.0,61.0,7.0,3.0,3.0,8.242640687119284,7.615773105863909,3.0,0.0,DIC-C2DH-HeLa,01,HeLa,#dc3cbe
34,Cell,6,6.0,461.0,61.0,7.0,3.0,0.0,8.242640687119284,7.615773105863909,0.0,0.0,DIC-C2DH-HeLa,01,HeLa,#dc3cbe
34,Cell,7,7.0,461.0,61.0,7.0,3.0,0.0,8.242640687119284,7.615773105863909,0.0,0.0,DIC-C2DH-HeLa,01,HeLa,#dc3cbe
34,Cell,8,8.0,461.0,61.0,7.0,3.0,0.0,8.242640687119284,7.615773105863909,0.0,0.0,DIC-C2DH-HeLa,01,HeLa,#dc3cbe
34,Cell,9,9.0,468.0,64.0,14.0,6.0,7.615773105863909,15.858413792983193,15.231546211727816,7.615773105863909,23.19859051364819,DIC-C2DH-HeLa,01,HeLa,#dc3cbe
34,Cell,10,10.0,464.0,59.0,10.0,1.0,6.4031242374328485,22.26153803041604,10.04987562112089,6.4031242374328485,-128.6598082540901,DIC-C2DH-HeLa,01,HeLa,#dc3cbe
34,Cell,11,11.0,461.0,59.0,7.0,1.0,3.0,25.26153803041604,7.071067811865476,3.0,180.0,DIC-C2DH-HeLa,01,HeLa,#dc3cbe
34,Cell,12,12.0,466.0,61.0,12.0,3.0,5.385164807134504,30.646702837550546,12.36931687685298,5.385164807134504,21.80140948635181,DIC-C2DH-HeLa,01,HeLa,#dc3cbe
34,Cell,13,13.0,464.0,62.0,10.0,4.0,2.23606797749979,32.882770815050336,10.770329614269007,2.23606797749979,153.43494882292202,DIC-C2DH-HeLa,01,HeLa,#dc3cbe
34,Cell,14,14.0,460.0,64.0,6.0,6.0,4.47213595499958,37.35490677004992,8.48528137423857,4.47213595499958,153.43494882292202,DIC-C2DH-HeLa,01,HeLa,#dc3cbe
34,Cell,15,15.0,463.0,65.0,9.0,7.0,3.1622776601683795,40.51718443021829,11.40175425099138,3.1622776601683795,18.43494882292201,DIC-C2DH-HeLa,01,HeLa,#dc3cbe
34,Cell,16,16.0,465.0,64.0,11.0,6.0,2.23606797749979,42.75325240771808,12.529964086141668,2.23606797749979,-26.56505117707799,DIC-C2DH-HeLa,01,HeLa,#dc3cbe
34,Cell,17,17.0,459.0,61.0,5.0,3.0,6.708203932499369,49.46145634021745,5.830951894845301,6.708203932499369,-153.43494882292202,DIC-C2DH-HeLa,01,HeLa,#dc3cbe
34,Cell,18,18.0,461.0,61.0,7.0,3.0,2.0,51.46145634021745,7.615773105863909,2.0,0.0,DIC-C2DH-HeLa,01,HeLa,#dc3cbe
34,Cell,19,19.0,465.0,62.0,11.0,4.0,4.123105625617661,55.58456196583512,11.704699910719626,4.123105625617661,14.036243467926475,DIC-C2DH-HeLa,01,HeLa,#dc3cbe
34,Cell,20,20.0,460.0,57.0,6.0,-1.0,7.071067811865476,62.65562977770059,6.082762530298219,7.071067811865476,-135.0,DIC-C2DH-HeLa,01,HeLa,#dc3cbe
34,Cell,21,21.0,462.0,63.0,8.0,5.0,6.324555320336759,68.98018509803735,9.433981132056603,6.324555320336759,71.56505117707799,DIC-C2DH-HeLa,01,HeLa,#dc3cbe
34,Cell,22,22.0,458.0,55.0,4.0,-3.0,8.94427190999916,77.92445700803651,5.0,8.94427190999916,-116.565051177078,DIC-C2DH-HeLa,01,HeLa,#dc3cbe
34,Cell,23,23.0,461.0,59.0,7.0,1.0,5.0,82.92445700803651,7.071067811865476,5.0,53.13010235415598,DIC-C2DH-HeLa,01,HeLa,#dc3cbe
34,Cell,24,24.0,463.0,68.0,9.0,10.0,9.219544457292889,92.1440014653294,13.45362404707371,9.219544457292889,77.47119229084849,DIC-C2DH-HeLa,01,HeLa,#dc3cbe
34,Cell,25,25.0,457.0,55.0,3.0,-3.0,14.317821063276352,106.46182252860577,4.242640687119285,14.317821063276352,-114.77514056883192,DIC-C2DH-HeLa,01,HeLa,#dc3cbe
34,Cell,26,26.0,460.5,58.0,6.5,0.0,4.609772228646444,111.0715947572522,6.5,4.609772228646444,40.60129464500447,DIC-C2DH-HeLa,01,HeLa,#dc3cbe
34,Cell,27,27.0,457.0,66.0,3.0,8.0,8.73212459828649,119.80371935553868,8.54400374531753,8.73212459828649,113.62937773065684,DIC-C2DH-HeLa,01,HeLa,#dc3cbe
34,Cell,28,28.0,461.0,69.0,7.0,11.0,5.0,124.80371935553868,13.038404810405298,5.0,36.86989764584402,DIC-C2DH-HeLa,01,HeLa,#dc3cbe
34,Cell,29,29.0,464.0,71.0,10.0,13.0,3.605551275463989,128.40927063100267,16.401219466856727,3.605551275463989,33.690067525979785,DIC-C2DH-HeLa,01,HeLa,#dc3cbe
34,Cell,30,30.0,457.0,54.0,3.0,-4.0,18.384776310850235,146.7940469418529,5.0,18.384776310850235,-112.38013505195958,DIC-C2DH-HeLa,01,HeLa,#dc3cbe
34,Cell,31,31.0,463.0,73.0,9.0,15.0,19.92485884517128,166.7189057870242,17.4928556845359,19.92485884517128,72.47443162627714,DIC-C2DH-HeLa,01,HeLa,#dc3cbe
34,Cell,32,32.0,460.0,61.0,6.0,3.0,12.36931687685298,179.0882226638772,6.708203932499369,12.36931687685298,-104.0362434679265,DIC-C2DH-HeLa,01,HeLa,#dc3cbe
34,Cell,33,33.0,457.0,61.0,3.0,3.0,3.0,182.0882226638772,4.242640687119285,3.0,180.0,DIC-C2DH-HeLa,01,HeLa,#dc3cbe
1,Cell,0,0.0,154.0,195.0,0.0,0.0,0.0,0.0,0.0,0.0,0.0,DIC-C2DH-HeLa,01,HeLa,#dc3cbe
1,Cell,1,1.0,154.0,195.0,0.0,0.0,0.0,0.0,0.0,0.0,0.0,DIC-C2DH-HeLa,01,HeLa,#dc3cbe
1,Cell,2,2.0,154.0,196.0,0.0,1.0,1.0,1.0,1.0,1.0,90.0,DIC-C2DH-HeLa,01,HeLa,#dc3cbe
1,Cell,3,3.0,155.0,197.0,1.0,2.0,1.4142135623730951,2.414213562373095,2.23606797749979,1.4142135623730951,45.0,DIC-C2DH-HeLa,01,HeLa,#dc3cbe
1,Cell,4,4.0,155.0,197.0,1.0,2.0,0.0,2.414213562373095,2.23606797749979,0.0,0.0,DIC-C2DH-HeLa,01,HeLa,#dc3cbe
1,Cell,5,5.0,156.0,197.0,2.0,2.0,1.0,3.414213562373095,2.8284271247461903,1.0,0.0,DIC-C2DH-HeLa,01,HeLa,#dc3cbe
1,Cell,6,6.0,156.0,199.0,2.0,4.0,2.0,5.414213562373095,4.47213595499958,2.0,90.0,DIC-C2DH-HeLa,01,HeLa,#dc3cbe
1,Cell,7,7.0,156.0,199.0,2.0,4.0,0.0,5.414213562373095,4.47213595499958,0.0,0.0,DIC-C2DH-HeLa,01,HeLa,#dc3cbe
1,Cell,8,8.0,156.0,199.0,2.0,4.0,0.0,5.414213562373095,4.47213595499958,0.0,0.0,DIC-C2DH-HeLa,01,HeLa,#dc3cbe
1,Cell,9,9.0,156.0,199.0,2.0,4.0,0.0,5.414213562373095,4.47213595499958,0.0,0.0,DIC-C2DH-HeLa,01,HeLa,#dc3cbe
1,Cell,10,10.0,156.0,199.0,2.0,4.0,0.0,5.414213562373095,4.47213595499958,0.0,0.0,DIC-C2DH-HeLa,01,HeLa,#dc3cbe
1,Cell,11,11.0,156.0,199.0,2.0,4.0,0.0,5.414213562373095,4.47213595499958,0.0,0.0,DIC-C2DH-HeLa,01,HeLa,#dc3cbe
1,Cell,12,12.0,156.0,199.0,2.0,4.0,0.0,5.414213562373095,4.47213595499958,0.0,0.0,DIC-C2DH-HeLa,01,HeLa,#dc3cbe
1,Cell,13,13.0,156.0,199.0,2.0,4.0,0.0,5.414213562373095,4.47213595499958,0.0,0.0,DIC-C2DH-HeLa,01,HeLa,#dc3cbe
1,Cell,14,14.0,156.0,199.0,2.0,4.0,0.0,5.414213562373095,4.47213595499958,0.0,0.0,DIC-C2DH-HeLa,01,HeLa,#dc3cbe
1,Cell,15,15.0,159.0,201.0,5.0,6.0,3.605551275463989,9.019764837837084,7.810249675906654,3.605551275463989,33.690067525979785,DIC-C2DH-HeLa,01,HeLa,#dc3cbe
1,Cell,16,16.0,159.0,201.0,5.0,6.0,0.0,9.019764837837084,7.810249675906654,0.0,0.0,DIC-C2DH-HeLa,01,HeLa,#dc3cbe
1,Cell,17,17.0,159.0,201.0,5.0,6.0,0.0,9.019764837837084,7.810249675906654,0.0,0.0,DIC-C2DH-HeLa,01,HeLa,#dc3cbe
1,Cell,18,18.0,159.0,201.0,5.0,6.0,0.0,9.019764837837084,7.810249675906654,0.0,0.0,DIC-C2DH-HeLa,01,HeLa,#dc3cbe
1,Cell,19,19.0,159.0,201.0,5.0,6.0,0.0,9.019764837837084,7.810249675906654,0.0,0.0,DIC-C2DH-HeLa,01,HeLa,#dc3cbe
1,Cell,20,20.0,159.0,201.0,5.0,6.0,0.0,9.019764837837084,7.810249675906654,0.0,0.0,DIC-C2DH-HeLa,01,HeLa,#dc3cbe
1,Cell,21,21.0,159.0,201.0,5.0,6.0,0.0,9.019764837837084,7.810249675906654,0.0,0.0,DIC-C2DH-HeLa,01,HeLa,#dc3cbe
1,Cell,22,22.0,159.0,201.0,5.0,6.0,0.0,9.019764837837084,7.810249675906654,0.0,0.0,DIC-C2DH-HeLa,01,HeLa,#dc3cbe
1,Cell,23,23.0,159.0,201.0,5.0,6.0,0.0,9.019764837837084,7.810249675906654,0.0,0.0,DIC-C2DH-HeLa,01,HeLa,#dc3cbe
1,Cell,24,24.0,159.0,201.0,5.0,6.0,0.0,9.019764837837084,7.810249675906654,0.0,0.0,DIC-C2DH-HeLa,01,HeLa,#dc3cbe
1,Cell,25,25.0,159.0,201.0,5.0,6.0,0.0,9.019764837837084,7.810249675906654,0.0,0.0,DIC-C2DH-HeLa,01,HeLa,#dc3cbe
1,Cell,26,26.0,159.0,201.0,5.0,6.0,0.0,9.019764837837084,7.810249675906654,0.0,0.0,DIC-C2DH-HeLa,01,HeLa,#dc3cbe
1,Cell,27,27.0,159.0,201.0,5.0,6.0,0.0,9.019764837837084,7.810249675906654,0.0,0.0,DIC-C2DH-HeLa,01,HeLa,#dc3cbe
1,Cell,28,28.0,159.0,201.0,5.0,6.0,0.0,9.019764837837084,7.810249675906654,0.0,0.0,DIC-C2DH-HeLa,01,HeLa,#dc3cbe
1,Cell,29,29.0,159.0,201.0,5.0,6.0,0.0,9.019764837837084,7.810249675906654,0.0,0.0,DIC-C2DH-HeLa,01,HeLa,#dc3cbe
28,Cell,0,0.0,434.0,352.0,0.0,0.0,0.0,0.0,0.0,0.0,0.0,DIC-C2DH-HeLa,01,HeLa,#dc3cbe
28,Cell,1,1.0,434.0,352.0,0.0,0.0,0.0,0.0,0.0,0.0,0.0,DIC-C2DH-HeLa,01,HeLa,#dc3cbe
28,Cell,2,2.0,434.0,352.0,0.0,0.0,0.0,0.0,0.0,0.0,0.0,DIC-C2DH-HeLa,01,HeLa,#dc3cbe
28,Cell,3,3.0,434.0,352.0,0.0,0.0,0.0,0.0,0.0,0.0,0.0,DIC-C2DH-HeLa,01,HeLa,#dc3cbe
28,Cell,4,4.0,430.0,362.0,-4.0,10.0,10.770329614269007,10.770329614269007,10.770329614269007,10.770329614269007,111.80140948635182,DIC-C2DH-HeLa,01,HeLa,#dc3cbe
28,Cell,5,5.0,429.0,364.0,-5.0,12.0,2.23606797749979,13.006397591768796,13.0,2.23606797749979,116.565051177078,DIC-C2DH-HeLa,01,HeLa,#dc3cbe
28,Cell,6,6.0,429.0,364.0,-5.0,12.0,0.0,13.006397591768796,13.0,0.0,0.0,DIC-C2DH-HeLa,01,HeLa,#dc3cbe
28,Cell,7,7.0,431.0,365.0,-3.0,13.0,2.23606797749979,15.242465569268589,13.341664064126334,2.23606797749979,26.56505117707799,DIC-C2DH-HeLa,01,HeLa,#dc3cbe
28,Cell,8,8.0,431.0,365.0,-3.0,13.0,0.0,15.242465569268589,13.341664064126334,0.0,0.0,DIC-C2DH-HeLa,01,HeLa,#dc3cbe
28,Cell,9,9.0,428.0,375.0,-6.0,23.0,10.44030650891055,25.682772078179138,23.769728648009423,10.44030650891055,106.69924423399362,DIC-C2DH-HeLa,01,HeLa,#dc3cbe
28,Cell,10,10.0,428.0,375.0,-6.0,23.0,0.0,25.682772078179138,23.769728648009423,0.0,0.0,DIC-C2DH-HeLa,01,HeLa,#dc3cbe
28,Cell,11,11.0,428.0,375.0,-6.0,23.0,0.0,25.682772078179138,23.769728648009423,0.0,0.0,DIC-C2DH-HeLa,01,HeLa,#dc3cbe
28,Cell,12,12.0,442.0,364.0,8.0,12.0,17.804493814764857,43.487265892944,14.422205101855956,17.804493814764857,-38.15722658736906,DIC-C2DH-HeLa,01,HeLa,#dc3cbe
28,Cell,13,13.0,442.0,364.0,8.0,12.0,0.0,43.487265892944,14.422205101855956,0.0,0.0,DIC-C2DH-HeLa,01,HeLa,#dc3cbe
28,Cell,14,14.0,441.0,366.0,7.0,14.0,2.23606797749979,45.72333387044378,15.652475842498529,2.23606797749979,116.565051177078,DIC-C2DH-HeLa,01,HeLa,#dc3cbe
28,Cell,15,15.0,429.0,380.0,-5.0,28.0,18.43908891458577,64.16242278502955,28.442925306655784,18.43908891458577,130.6012946450045,DIC-C2DH-HeLa,01,HeLa,#dc3cbe
28,Cell,16,16.0,429.0,380.0,-5.0,28.0,0.0,64.16242278502955,28.442925306655784,0.0,0.0,DIC-C2DH-HeLa,01,HeLa,#dc3cbe
28,Cell,17,17.0,429.0,380.0,-5.0,28.0,0.0,64.16242278502955,28.442925306655784,0.0,0.0,DIC-C2DH-HeLa,01,HeLa,#dc3cbe
28,Cell,18,18.0,430.0,375.0,-4.0,23.0,5.0990195135927845,69.26144229862233,23.345235059857504,5.0990195135927845,-78.69006752597979,DIC-C2DH-HeLa,01,HeLa,#dc3cbe
28,Cell,19,19.0,430.0,375.0,-4.0,23.0,0.0,69.26144229862233,23.345235059857504,0.0,0.0,DIC-C2DH-HeLa,01,HeLa,#dc3cbe
28,Cell,20,20.0,436.0,376.0,2.0,24.0,6.082762530298219,75.34420482892055,24.08318915758459,6.082762530298219,9.462322208025617,DIC-C2DH-HeLa,01,HeLa,#dc3cbe
28,Cell,21,21.0,436.0,376.0,2.0,24.0,0.0,75.34420482892055,24.08318915758459,0.0,0.0,DIC-C2DH-HeLa,01,HeLa,#dc3cbe
28,Cell,22,22.0,419.0,384.0,-15.0,32.0,18.788294228055936,94.13249905697649,35.34119409414458,18.788294228055936,154.79887635452494,DIC-C2DH-HeLa,01,HeLa,#dc3cbe
28,Cell,23,23.0,419.0,384.0,-15.0,32.0,0.0,94.13249905697649,35.34119409414458,0.0,0.0,DIC-C2DH-HeLa,01,HeLa,#dc3cbe
30,Cell,0,0.0,441.0,280.0,0.0,0.0,0.0,0.0,0.0,0.0,0.0,DIC-C2DH-HeLa,01,HeLa,#dc3cbe
30,Cell,1,1.0,449.0,272.0,8.0,-8.0,11.31370849898476,11.31370849898476,11.31370849898476,11.31370849898476,-45.0,DIC-C2DH-HeLa,01,HeLa,#dc3cbe
30,Cell,2,2.0,449.0,272.0,8.0,-8.0,0.0,11.31370849898476,11.31370849898476,0.0,0.0,DIC-C2DH-HeLa,01,HeLa,#dc3cbe
30,Cell,3,3.0,441.0,261.0,0.0,-19.0,13.601470508735444,24.915179007720205,19.0,13.601470508735444,-126.02737338510362,DIC-C2DH-HeLa,01,HeLa,#dc3cbe
30,Cell,4,4.0,441.0,261.0,0.0,-19.0,0.0,24.915179007720205,19.0,0.0,0.0,DIC-C2DH-HeLa,01,HeLa,#dc3cbe
30,Cell,5,5.0,450.0,263.0,9.0,-17.0,9.219544457292889,34.134723465013096,19.235384061671343,9.219544457292889,12.528807709151511,DIC-C2DH-HeLa,01,HeLa,#dc3cbe
30,Cell,6,6.0,450.0,263.0,9.0,-17.0,0.0,34.134723465013096,19.235384061671343,0.0,0.0,DIC-C2DH-HeLa,01,HeLa,#dc3cbe
30,Cell,7,7.0,450.0,263.0,9.0,-17.0,0.0,34.134723465013096,19.235384061671343,0.0,0.0,DIC-C2DH-HeLa,01,HeLa,#dc3cbe
30,Cell,8,8.0,450.0,263.0,9.0,-17.0,0.0,34.134723465013096,19.235384061671343,0.0,0.0,DIC-C2DH-HeLa,01,HeLa,#dc3cbe
30,Cell,9,9.0,454.0,286.0,13.0,6.0,23.345235059857504,57.4799585248706,14.317821063276352,23.345235059857504,80.13419305691563,DIC-C2DH-HeLa,01,HeLa,#dc3cbe
30,Cell,10,10.0,453.0,268.0,12.0,-12.0,18.027756377319943,75.50771490219054,16.97056274847714,18.027756377319943,-93.17983011986423,DIC-C2DH-HeLa,01,HeLa,#dc3cbe
30,Cell,11,11.0,453.0,267.0,12.0,-13.0,1.0,76.50771490219054,17.69180601295413,1.0,-90.0,DIC-C2DH-HeLa,01,HeLa,#dc3cbe
30,Cell,12,12.0,429.0,259.0,-12.0,-21.0,25.29822128134704,101.80593618353758,24.186773244895647,25.29822128134704,-161.56505117707798,DIC-C2DH-HeLa,01,HeLa,#dc3cbe
30,Cell,13,13.0,438.54375,267.4770833333333,-2.456250000000012,-12.522916666666674,12.764956165329258,114.57089234886683,12.761528352935551,12.764956165329258,41.61257206887532,DIC-C2DH-HeLa,01,HeLa,#dc3cbe
30,Cell,14,14.0,444.5,276.0,3.5,-4.0,10.39793357208271,124.96882592094954,5.315072906367325,10.39793357208271,55.052181516768535,DIC-C2DH-HeLa,01,HeLa,#dc3cbe
30,Cell,15,15.0,457.0,280.0,16.0,0.0,13.124404748406688,138.09323066935622,16.0,13.124404748406688,17.744671625056935,DIC-C2DH-HeLa,01,HeLa,#dc3cbe
30,Cell,16,16.0,457.0,280.0,16.0,0.0,0.0,138.09323066935622,16.0,0.0,0.0,DIC-C2DH-HeLa,01,HeLa,#dc3cbe
30,Cell,17,17.0,453.0,268.0,12.0,-12.0,12.649110640673518,150.74234131002973,16.97056274847714,12.649110640673518,-108.434948822922,DIC-C2DH-HeLa,01,HeLa,#dc3cbe
30,Cell,18,18.0,453.0,268.0,12.0,-12.0,0.0,150.74234131002973,16.97056274847714,0.0,0.0,DIC-C2DH-HeLa,01,HeLa,#dc3cbe
30,Cell,19,19.0,453.0,268.0,12.0,-12.0,0.0,150.74234131002973,16.97056274847714,0.0,0.0,DIC-C2DH-HeLa,01,HeLa,#dc3cbe
30,Cell,20,20.0,453.0,268.0,12.0,-12.0,0.0,150.74234131002973,16.97056274847714,0.0,0.0,DIC-C2DH-HeLa,01,HeLa,#dc3cbe
30,Cell,21,21.0,455.0,275.0,14.0,-5.0,7.280109889280518,158.02245119931024,14.866068747318506,7.280109889280518,74.05460409907715,DIC-C2DH-HeLa,01,HeLa,#dc3cbe
30,Cell,22,22.0,455.0,275.0,14.0,-5.0,0.0,158.02245119931024,14.866068747318506,0.0,0.0,DIC-C2DH-HeLa,01,HeLa,#dc3cbe
30,Cell,23,23.0,455.0,276.0,14.0,-4.0,1.0,159.02245119931024,14.560219778561036,1.0,90.0,DIC-C2DH-HeLa,01,HeLa,#dc3cbe
15,Cell,0,0.0,71.0,375.0,0.0,0.0,0.0,0.0,0.0,0.0,0.0,DIC-C2DH-HeLa,01,HeLa,#dc3cbe
15,Cell,1,1.0,71.0,375.0,0.0,0.0,0.0,0.0,0.0,0.0,0.0,DIC-C2DH-HeLa,01,HeLa,#dc3cbe
15,Cell,2,2.0,71.0,375.0,0.0,0.0,0.0,0.0,0.0,0.0,0.0,DIC-C2DH-HeLa,01,HeLa,#dc3cbe
15,Cell,3,3.0,71.0,375.0,0.0,0.0,0.0,0.0,0.0,0.0,0.0,DIC-C2DH-HeLa,01,HeLa,#dc3cbe
15,Cell,4,4.0,71.0,375.0,0.0,0.0,0.0,0.0,0.0,0.0,0.0,DIC-C2DH-HeLa,01,HeLa,#dc3cbe
15,Cell,5,5.0,71.0,375.0,0.0,0.0,0.0,0.0,0.0,0.0,0.0,DIC-C2DH-HeLa,01,HeLa,#dc3cbe
15,Cell,6,6.0,71.0,375.0,0.0,0.0,0.0,0.0,0.0,0.0,0.0,DIC-C2DH-HeLa,01,HeLa,#dc3cbe
15,Cell,7,7.0,71.0,375.0,0.0,0.0,0.0,0.0,0.0,0.0,0.0,DIC-C2DH-HeLa,01,HeLa,#dc3cbe
15,Cell,8,8.0,71.0,375.0,0.0,0.0,0.0,0.0,0.0,0.0,0.0,DIC-C2DH-HeLa,01,HeLa,#dc3cbe
15,Cell,9,9.0,71.0,375.0,0.0,0.0,0.0,0.0,0.0,0.0,0.0,DIC-C2DH-HeLa,01,HeLa,#dc3cbe
15,Cell,10,10.0,71.0,375.0,0.0,0.0,0.0,0.0,0.0,0.0,0.0,DIC-C2DH-HeLa,01,HeLa,#dc3cbe
15,Cell,11,11.0,71.0,375.0,0.0,0.0,0.0,0.0,0.0,0.0,0.0,DIC-C2DH-HeLa,01,HeLa,#dc3cbe
15,Cell,12,12.0,71.0,375.0,0.0,0.0,0.0,0.0,0.0,0.0,0.0,DIC-C2DH-HeLa,01,HeLa,#dc3cbe
15,Cell,13,13.0,71.0,375.0,0.0,0.0,0.0,0.0,0.0,0.0,0.0,DIC-C2DH-HeLa,01,HeLa,#dc3cbe
15,Cell,14,14.0,71.0,375.0,0.0,0.0,0.0,0.0,0.0,0.0,0.0,DIC-C2DH-HeLa,01,HeLa,#dc3cbe
15,Cell,15,15.0,71.0,375.0,0.0,0.0,0.0,0.0,0.0,0.0,0.0,DIC-C2DH-HeLa,01,HeLa,#dc3cbe
15,Cell,16,16.0,71.0,375.0,0.0,0.0,0.0,0.0,0.0,0.0,0.0,DIC-C2DH-HeLa,01,HeLa,#dc3cbe
15,Cell,17,17.0,71.0,375.0,0.0,0.0,0.0,0.0,0.0,0.0,0.0,DIC-C2DH-HeLa,01,HeLa,#dc3cbe
15,Cell,18,18.0,71.0,375.0,0.0,0.0,0.0,0.0,0.0,0.0,0.0,DIC-C2DH-HeLa,01,HeLa,#dc3cbe
15,Cell,19,19.0,71.0,375.0,0.0,0.0,0.0,0.0,0.0,0.0,0.0,DIC-C2DH-HeLa,01,HeLa,#dc3cbe
15,Cell,20,20.0,71.0,375.0,0.0,0.0,0.0,0.0,0.0,0.0,0.0,DIC-C2DH-HeLa,01,HeLa,#dc3cbe
15,Cell,21,21.0,71.0,375.0,0.0,0.0,0.0,0.0,0.0,0.0,0.0,DIC-C2DH-HeLa,01,HeLa,#dc3cbe
14,Cell,0,0.0,328.0,129.0,0.0,0.0,0.0,0.0,0.0,0.0,0.0,DIC-C2DH-HeLa,01,HeLa,#dc3cbe
14,Cell,1,1.0,331.5,119.0,3.5,-10.0,10.594810050208546,10.594810050208546,10.594810050208546,10.594810050208546,-70.70995378081128,DIC-C2DH-HeLa,01,HeLa,#dc3cbe
14,Cell,2,2.0,344.5,101.0,16.5,-28.0,22.20360331117452,32.79841336138306,32.5,22.20360331117452,-54.16234704572172,DIC-C2DH-HeLa,01,HeLa,#dc3cbe
14,Cell,3,3.0,345.0,101.0,17.0,-28.0,0.5,33.29841336138306,32.7566787083184,0.5,0.0,DIC-C2DH-HeLa,01,HeLa,#dc3cbe
14,Cell,4,4.0,345.0,101.0,17.0,-28.0,0.0,33.29841336138306,32.7566787083184,0.0,0.0,DIC-C2DH-HeLa,01,HeLa,#dc3cbe
14,Cell,5,5.0,346.0,113.0,18.0,-16.0,12.041594578792296,45.34000794017536,24.08318915758459,12.041594578792296,85.23635830927383,DIC-C2DH-HeLa,01,HeLa,#dc3cbe
14,Cell,6,6.0,364.0,99.0,36.0,-30.0,22.80350850198276,68.14351644215812,46.86149805543992,22.80350850198276,-37.8749836510982,DIC-C2DH-HeLa,01,HeLa,#dc3cbe
14,Cell,7,7.0,367.5,88.0,39.5,-41.0,11.543396380615196,79.68691282277331,56.931976954959154,11.543396380615196,-72.34987578006988,DIC-C2DH-HeLa,01,HeLa,#dc3cbe
14,Cell,8,8.0,368.0,88.0,40.0,-41.0,0.5,80.18691282277331,57.28001396647874,0.5,0.0,DIC-C2DH-HeLa,01,HeLa,#dc3cbe
14,Cell,9,9.0,357.0,87.0,29.0,-42.0,11.04536101718726,91.23227383996056,51.03920062069938,11.04536101718726,-174.80557109226518,DIC-C2DH-HeLa,01,HeLa,#dc3cbe
14,Cell,10,10.0,346.0,86.0,18.0,-43.0,11.04536101718726,102.27763485714785,46.61544808322666,11.04536101718726,-174.80557109226518,DIC-C2DH-HeLa,01,HeLa,#dc3cbe
14,Cell,11,11.0,344.0,85.0,16.0,-44.0,2.23606797749979,104.51370283464762,46.8187996428785,2.23606797749979,-153.43494882292202,DIC-C2DH-HeLa,01,HeLa,#dc3cbe
14,Cell,12,12.0,364.0,101.0,36.0,-28.0,25.612496949731398,130.12619978437905,45.60701700396552,25.612496949731398,38.65980825409009,DIC-C2DH-HeLa,01,HeLa,#dc3cbe
14,Cell,13,13.0,355.0,107.0,27.0,-22.0,10.816653826391969,140.94285361077098,34.828149534536,10.816653826391969,146.30993247402023,DIC-C2DH-HeLa,01,HeLa,#dc3cbe
14,Cell,14,14.0,343.0,107.0,15.0,-22.0,12.0,152.94285361077098,26.627053911388696,12.0,180.0,DIC-C2DH-HeLa,01,HeLa,#dc3cbe
14,Cell,15,15.0,357.0,113.0,29.0,-16.0,15.231546211727816,168.1743998224988,33.12099032335839,15.231546211727816,23.19859051364819,DIC-C2DH-HeLa,01,HeLa,#dc3cbe
14,Cell,16,16.0,360.0,108.0,32.0,-21.0,5.830951894845301,174.0053517173441,38.27531841800928,5.830951894845301,-59.03624346792648,DIC-C2DH-HeLa,01,HeLa,#dc3cbe
14,Cell,17,17.0,388.0,84.0,60.0,-45.0,36.87817782917155,210.8835295465157,75.0,36.87817782917155,-40.60129464500447,DIC-C2DH-HeLa,01,HeLa,#dc3cbe
14,Cell,18,18.0,388.0,84.0,60.0,-45.0,0.0,210.8835295465157,75.0,0.0,0.0,DIC-C2DH-HeLa,01,HeLa,#dc3cbe
14,Cell,19,19.0,357.0,84.0,29.0,-45.0,31.0,241.8835295465157,53.53503525729669,31.0,180.0,DIC-C2DH-HeLa,01,HeLa,#dc3cbe
14,Cell,20,20.0,338.0,107.0,10.0,-22.0,29.8328677803526,271.7163973268683,24.166091947189145,29.8328677803526,129.5596679689945,DIC-C2DH-HeLa,01,HeLa,#dc3cbe
14,Cell,21,21.0,353.5,117.0,25.5,-12.0,18.44586674569672,290.162264072565,28.182441342083905,18.44586674569672,32.82854179141253,DIC-C2DH-HeLa,01,HeLa,#dc3cbe
36,Cell,0,0.0,269.0,59.0,0.0,0.0,0.0,0.0,0.0,0.0,0.0,DIC-C2DH-HeLa,01,HeLa,#dc3cbe
36,Cell,1,1.0,268.0,56.0,-1.0,-3.0,3.1622776601683795,3.1622776601683795,3.1622776601683795,3.1622776601683795,-108.434948822922,DIC-C2DH-HeLa,01,HeLa,#dc3cbe
36,Cell,2,2.0,257.0,56.0,-12.0,-3.0,11.0,14.16227766016838,12.36931687685298,11.0,180.0,DIC-C2DH-HeLa,01,HeLa,#dc3cbe
36,Cell,3,3.0,257.0,56.0,-12.0,-3.0,0.0,14.16227766016838,12.36931687685298,0.0,0.0,DIC-C2DH-HeLa,01,HeLa,#dc3cbe
36,Cell,4,4.0,257.0,56.0,-12.0,-3.0,0.0,14.16227766016838,12.36931687685298,0.0,0.0,DIC-C2DH-HeLa,01,HeLa,#dc3cbe
36,Cell,5,5.0,257.0,57.0,-12.0,-2.0,1.0,15.16227766016838,12.16552506059644,1.0,90.0,DIC-C2DH-HeLa,01,HeLa,#dc3cbe
36,Cell,6,6.0,260.0,60.0,-9.0,1.0,4.242640687119285,19.404918347287666,9.055385138137416,4.242640687119285,45.0,DIC-C2DH-HeLa,01,HeLa,#dc3cbe
36,Cell,7,7.0,260.0,67.0,-9.0,8.0,7.0,26.404918347287666,12.041594578792296,7.0,90.0,DIC-C2DH-HeLa,01,HeLa,#dc3cbe
36,Cell,8,8.0,254.0,70.0,-15.0,11.0,6.708203932499369,33.113122279787035,18.601075237738275,6.708203932499369,153.43494882292202,DIC-C2DH-HeLa,01,HeLa,#dc3cbe
36,Cell,9,9.0,254.0,70.0,-15.0,11.0,0.0,33.113122279787035,18.601075237738275,0.0,0.0,DIC-C2DH-HeLa,01,HeLa,#dc3cbe
36,Cell,10,10.0,254.0,71.0,-15.0,12.0,1.0,34.113122279787035,19.209372712298546,1.0,90.0,DIC-C2DH-HeLa,01,HeLa,#dc3cbe
36,Cell,11,11.0,259.0,75.0,-10.0,16.0,6.4031242374328485,40.51624651721989,18.867962264113206,6.4031242374328485,38.65980825409009,DIC-C2DH-HeLa,01,HeLa,#dc3cbe
36,Cell,12,12.0,259.0,75.0,-10.0,16.0,0.0,40.51624651721989,18.867962264113206,0.0,0.0,DIC-C2DH-HeLa,01,HeLa,#dc3cbe
36,Cell,13,13.0,259.0,75.0,-10.0,16.0,0.0,40.51624651721989,18.867962264113206,0.0,0.0,DIC-C2DH-HeLa,01,HeLa,#dc3cbe
36,Cell,14,14.0,261.0,80.0,-8.0,21.0,5.385164807134504,45.90141132435439,22.47220505424423,5.385164807134504,68.19859051364818,DIC-C2DH-HeLa,01,HeLa,#dc3cbe
36,Cell,15,15.0,261.0,80.0,-8.0,21.0,0.0,45.90141132435439,22.47220505424423,0.0,0.0,DIC-C2DH-HeLa,01,HeLa,#dc3cbe
36,Cell,16,16.0,261.0,87.0,-8.0,28.0,7.0,52.90141132435439,29.120439557122072,7.0,90.0,DIC-C2DH-HeLa,01,HeLa,#dc3cbe
36,Cell,17,17.0,261.0,83.0,-8.0,24.0,4.0,56.90141132435439,25.29822128134704,4.0,-90.0,DIC-C2DH-HeLa,01,HeLa,#dc3cbe
36,Cell,18,18.0,261.0,83.0,-8.0,24.0,0.0,56.90141132435439,25.29822128134704,0.0,0.0,DIC-C2DH-HeLa,01,HeLa,#dc3cbe
36,Cell,19,19.0,261.0,83.0,-8.0,24.0,0.0,56.90141132435439,25.29822128134704,0.0,0.0,DIC-C2DH-HeLa,01,HeLa,#dc3cbe
39,Cell,0,0.0,174.0,52.0,0.0,0.0,0.0,0.0,0.0,0.0,0.0,DIC-C2DH-HeLa,01,HeLa,#dc3cbe
39,Cell,1,1.0,186.0,52.0,12.0,0.0,12.0,12.0,12.0,12.0,0.0,DIC-C2DH-HeLa,01,HeLa,#dc3cbe
39,Cell,2,2.0,182.0,50.0,8.0,-2.0,4.47213595499958,16.47213595499958,8.246211251235321,4.47213595499958,-153.43494882292202,DIC-C2DH-HeLa,01,HeLa,#dc3cbe
39,Cell,3,3.0,188.0,52.0,14.0,0.0,6.324555320336759,22.79669127533634,14.0,6.324555320336759,18.43494882292201,DIC-C2DH-HeLa,01,HeLa,#dc3cbe
39,Cell,4,4.0,191.0,54.0,17.0,2.0,3.605551275463989,26.402242550800327,17.11724276862369,3.605551275463989,33.690067525979785,DIC-C2DH-HeLa,01,HeLa,#dc3cbe
39,Cell,5,5.0,177.0,53.0,3.0,1.0,14.0356688476182,40.43791139841853,3.1622776601683795,14.0356688476182,-175.91438322002514,DIC-C2DH-HeLa,01,HeLa,#dc3cbe
39,Cell,6,6.0,184.0,52.0,10.0,0.0,7.071067811865476,47.508979210284,10.0,7.071067811865476,-8.13010235415598,DIC-C2DH-HeLa,01,HeLa,#dc3cbe
39,Cell,7,7.0,181.0,52.0,7.0,0.0,3.0,50.508979210284,7.0,3.0,180.0,DIC-C2DH-HeLa,01,HeLa,#dc3cbe
39,Cell,8,8.0,188.0,55.0,14.0,3.0,7.615773105863909,58.12475231614791,14.317821063276352,7.615773105863909,23.19859051364819,DIC-C2DH-HeLa,01,HeLa,#dc3cbe
39,Cell,9,9.0,181.0,54.0,7.0,2.0,7.071067811865476,65.1958201280134,7.280109889280518,7.071067811865476,-171.86989764584402,DIC-C2DH-HeLa,01,HeLa,#dc3cbe
39,Cell,10,10.0,184.0,54.0,10.0,2.0,3.0,68.1958201280134,10.198039027185567,3.0,0.0,DIC-C2DH-HeLa,01,HeLa,#dc3cbe
39,Cell,11,11.0,181.5,51.0,7.5,-1.0,3.905124837953327,72.10094496596672,7.566372975210778,3.905124837953327,-129.8055710922652,DIC-C2DH-HeLa,01,HeLa,#dc3cbe
39,Cell,12,12.0,185.0,61.0,11.0,9.0,10.594810050208546,82.69575501617527,14.212670403551895,10.594810050208546,70.70995378081128,DIC-C2DH-HeLa,01,HeLa,#dc3cbe
39,Cell,13,13.0,188.0,52.0,14.0,0.0,9.486832980505138,92.1825879966804,14.0,9.486832980505138,-71.56505117707799,DIC-C2DH-HeLa,01,HeLa,#dc3cbe
39,Cell,14,14.0,184.0,62.0,10.0,10.0,10.770329614269007,102.9529176109494,14.142135623730953,10.770329614269007,111.80140948635182,DIC-C2DH-HeLa,01,HeLa,#dc3cbe
39,Cell,15,15.0,183.0,52.0,9.0,0.0,10.04987562112089,113.0027932320703,9.0,10.04987562112089,-95.71059313749964,DIC-C2DH-HeLa,01,HeLa,#dc3cbe
39,Cell,16,16.0,178.0,53.0,4.0,1.0,5.0990195135927845,118.10181274566308,4.123105625617661,5.0990195135927845,168.6900675259798,DIC-C2DH-HeLa,01,HeLa,#dc3cbe
39,Cell,17,17.0,173.0,58.0,-1.0,6.0,7.071067811865476,125.17288055752856,6.082762530298219,7.071067811865476,135.0,DIC-C2DH-HeLa,01,HeLa,#dc3cbe
39,Cell,18,18.0,165.0,63.0,-9.0,11.0,9.433981132056603,134.60686168958517,14.212670403551895,9.433981132056603,147.99461679191648,DIC-C2DH-HeLa,01,HeLa,#dc3cbe
24,Cell,0,0.0,288.0,347.0,0.0,0.0,0.0,0.0,0.0,0.0,0.0,DIC-C2DH-HeLa,01,HeLa,#dc3cbe
24,Cell,1,1.0,288.0,347.0,0.0,0.0,0.0,0.0,0.0,0.0,0.0,DIC-C2DH-HeLa,01,HeLa,#dc3cbe
24,Cell,2,2.0,293.0,349.0,5.0,2.0,5.385164807134504,5.385164807134504,5.385164807134504,5.385164807134504,21.80140948635181,DIC-C2DH-HeLa,01,HeLa,#dc3cbe
24,Cell,3,3.0,313.0,350.0,25.0,3.0,20.024984394500787,25.41014920163529,25.179356624028344,20.024984394500787,2.8624052261117474,DIC-C2DH-HeLa,01,HeLa,#dc3cbe
24,Cell,4,4.0,312.0,340.0,24.0,-7.0,10.04987562112089,35.46002482275618,25.0,10.04987562112089,-95.71059313749964,DIC-C2DH-HeLa,01,HeLa,#dc3cbe
24,Cell,5,5.0,311.0,352.0,23.0,5.0,12.041594578792296,47.50161940154848,23.53720459187964,12.041594578792296,94.76364169072616,DIC-C2DH-HeLa,01,HeLa,#dc3cbe
24,Cell,6,6.0,311.0,352.0,23.0,5.0,0.0,47.50161940154848,23.53720459187964,0.0,0.0,DIC-C2DH-HeLa,01,HeLa,#dc3cbe
24,Cell,7,7.0,311.0,352.0,23.0,5.0,0.0,47.50161940154848,23.53720459187964,0.0,0.0,DIC-C2DH-HeLa,01,HeLa,#dc3cbe
24,Cell,8,8.0,311.0,352.0,23.0,5.0,0.0,47.50161940154848,23.53720459187964,0.0,0.0,DIC-C2DH-HeLa,01,HeLa,#dc3cbe
24,Cell,9,9.0,310.0,336.0,22.0,-11.0,16.0312195418814,63.53283894342988,24.596747752497688,16.0312195418814,-93.57633437499736,DIC-C2DH-HeLa,01,HeLa,#dc3cbe
24,Cell,10,10.0,310.0,336.0,22.0,-11.0,0.0,63.53283894342988,24.596747752497688,0.0,0.0,DIC-C2DH-HeLa,01,HeLa,#dc3cbe
24,Cell,11,11.0,304.0,347.0,16.0,0.0,12.529964086141668,76.06280302957154,16.0,12.529964086141668,118.6104596659652,DIC-C2DH-HeLa,01,HeLa,#dc3cbe
24,Cell,12,12.0,301.5,351.0,13.5,4.0,4.716990566028302,80.77979359559984,14.080127840328725,4.716990566028302,122.0053832080835,DIC-C2DH-HeLa,01,HeLa,#dc3cbe
24,Cell,13,13.0,301.0,351.0,13.0,4.0,0.5,81.27979359559984,13.601470508735444,0.5,180.0,DIC-C2DH-HeLa,01,HeLa,#dc3cbe
24,Cell,14,14.0,300.0,349.0,12.0,2.0,2.23606797749979,83.51586157309963,12.16552506059644,2.23606797749979,-116.565051177078,DIC-C2DH-HeLa,01,HeLa,#dc3cbe
24,Cell,15,15.0,308.5,344.5,20.5,-2.5,9.617692030835672,93.1335536039353,20.65187642806338,9.617692030835672,-27.89727103094763,DIC-C2DH-HeLa,01,HeLa,#dc3cbe
24,Cell,16,16.0,309.0,344.0,21.0,-3.0,0.7071067811865476,93.84066038512184,21.213203435596427,0.7071067811865476,-45.0,DIC-C2DH-HeLa,01,HeLa,#dc3cbe
24,Cell,17,17.0,307.0,358.0,19.0,11.0,14.142135623730953,107.9827960088528,21.95449840010015,14.142135623730953,98.130102354156,DIC-C2DH-HeLa,01,HeLa,#dc3cbe
26,Cell,0,0.0,320.0,293.0,0.0,0.0,0.0,0.0,0.0,0.0,0.0,DIC-C2DH-HeLa,01,HeLa,#dc3cbe
26,Cell,1,1.0,315.0,286.0,-5.0,-7.0,8.602325267042627,8.602325267042627,8.602325267042627,8.602325267042627,-125.5376777919744,DIC-C2DH-HeLa,01,HeLa,#dc3cbe
26,Cell,2,2.0,310.0,278.0,-10.0,-15.0,9.433981132056603,18.03630639909923,18.027756377319943,9.433981132056603,-122.0053832080835,DIC-C2DH-HeLa,01,HeLa,#dc3cbe
26,Cell,3,3.0,290.0,266.0,-30.0,-27.0,23.323807579381203,41.36011397848044,40.36087214122113,23.323807579381203,-149.03624346792648,DIC-C2DH-HeLa,01,HeLa,#dc3cbe
26,Cell,4,4.0,282.0,273.0,-38.0,-20.0,10.63014581273465,51.99025979121508,42.941821107167776,10.63014581273465,138.81407483429035,DIC-C2DH-HeLa,01,HeLa,#dc3cbe
26,Cell,5,5.0,311.0,273.0,-9.0,-20.0,29.0,80.99025979121508,21.93171219946131,29.0,0.0,DIC-C2DH-HeLa,01,HeLa,#dc3cbe
26,Cell,6,6.0,311.0,273.0,-9.0,-20.0,0.0,80.99025979121508,21.93171219946131,0.0,0.0,DIC-C2DH-HeLa,01,HeLa,#dc3cbe
26,Cell,7,7.0,303.0,287.0,-17.0,-6.0,16.1245154965971,97.11477528781218,18.027756377319943,16.1245154965971,119.74488129694224,DIC-C2DH-HeLa,01,HeLa,#dc3cbe
26,Cell,8,8.0,289.0,274.0,-31.0,-19.0,19.1049731745428,116.21974846235496,36.359317925395686,19.1049731745428,-137.12109639666144,DIC-C2DH-HeLa,01,HeLa,#dc3cbe
26,Cell,9,9.0,314.0,250.0,-6.0,-43.0,34.655446902326915,150.87519536468187,43.41658669218482,34.655446902326915,-43.83086067209258,DIC-C2DH-HeLa,01,HeLa,#dc3cbe
26,Cell,10,10.0,314.0,242.0,-6.0,-51.0,8.0,158.87519536468187,51.35172830587107,8.0,-90.0,DIC-C2DH-HeLa,01,HeLa,#dc3cbe
26,Cell,11,11.0,310.0,270.0,-10.0,-23.0,28.284271247461906,187.15946661214377,25.079872407968907,28.284271247461906,98.130102354156,DIC-C2DH-HeLa,01,HeLa,#dc3cbe
26,Cell,12,12.0,306.0,271.0,-14.0,-22.0,4.123105625617661,191.28257223776143,26.0768096208106,4.123105625617661,165.96375653207352,DIC-C2DH-HeLa,01,HeLa,#dc3cbe
26,Cell,13,13.0,319.0,264.0,-1.0,-29.0,14.7648230602334,206.04739529799485,29.017236257093817,14.7648230602334,-28.30075576600638,DIC-C2DH-HeLa,01,HeLa,#dc3cbe
26,Cell,14,14.0,322.0,263.0,2.0,-30.0,3.1622776601683795,209.2096729581632,30.066592756745816,3.1622776601683795,-18.43494882292201,DIC-C2DH-HeLa,01,HeLa,#dc3cbe
26,Cell,15,15.0,322.0,254.0,2.0,-39.0,9.0,218.2096729581632,39.05124837953327,9.0,-90.0,DIC-C2DH-HeLa,01,HeLa,#dc3cbe
26,Cell,16,16.0,278.0,256.0,-42.0,-37.0,44.04543109109048,262.25510404925365,55.97320787662612,44.04543109109048,177.3974377975002,DIC-C2DH-HeLa,01,HeLa,#dc3cbe
26,Cell,17,17.0,278.0,261.0,-42.0,-32.0,5.0,267.25510404925365,52.80151512977634,5.0,90.0,DIC-C2DH-HeLa,01,HeLa,#dc3cbe
56,Cell,0,0.0,447.0,54.0,0.0,0.0,0.0,0.0,0.0,0.0,0.0,DIC-C2DH-HeLa,01,HeLa,#dc3cbe
56,Cell,1,1.0,449.0,55.0,2.0,1.0,2.23606797749979,2.23606797749979,2.23606797749979,2.23606797749979,26.56505117707799,DIC-C2DH-HeLa,01,HeLa,#dc3cbe
56,Cell,2,2.0,421.0,54.0,-26.0,0.0,28.0178514522438,30.25391942974359,26.0,28.0178514522438,-177.9545915111128,DIC-C2DH-HeLa,01,HeLa,#dc3cbe
56,Cell,3,3.0,417.0,53.0,-30.0,-1.0,4.123105625617661,34.37702505536125,30.01666203960727,4.123105625617661,-165.96375653207352,DIC-C2DH-HeLa,01,HeLa,#dc3cbe
56,Cell,4,4.0,417.0,53.0,-30.0,-1.0,0.0,34.37702505536125,30.01666203960727,0.0,0.0,DIC-C2DH-HeLa,01,HeLa,#dc3cbe
56,Cell,5,5.0,417.0,66.0,-30.0,12.0,13.0,47.37702505536125,32.31098884280702,13.0,90.0,DIC-C2DH-HeLa,01,HeLa,#dc3cbe
56,Cell,6,6.0,457.0,51.0,10.0,-3.0,42.72001872658765,90.09704378194893,10.44030650891055,42.72001872658765,-20.556045219583464,DIC-C2DH-HeLa,01,HeLa,#dc3cbe
56,Cell,7,7.0,456.0,53.0,9.0,-1.0,2.23606797749979,92.3331117594487,9.055385138137416,2.23606797749979,116.565051177078,DIC-C2DH-HeLa,01,HeLa,#dc3cbe
56,Cell,8,8.0,456.0,51.0,9.0,-3.0,2.0,94.3331117594487,9.486832980505138,2.0,-90.0,DIC-C2DH-HeLa,01,HeLa,#dc3cbe
56,Cell,9,9.0,438.0,53.0,-9.0,-1.0,18.110770276274835,112.44388203572352,9.055385138137416,18.110770276274835,173.6598082540901,DIC-C2DH-HeLa,01,HeLa,#dc3cbe
56,Cell,10,10.0,423.0,46.0,-24.0,-8.0,16.55294535724685,128.99682739297037,25.29822128134704,16.55294535724685,-154.9831065219,DIC-C2DH-HeLa,01,HeLa,#dc3cbe
56,Cell,11,11.0,446.0,49.0,-1.0,-5.0,23.194827009486403,152.19165440245678,5.0990195135927845,23.194827009486403,7.431407971172507,DIC-C2DH-HeLa,01,HeLa,#dc3cbe
56,Cell,12,12.0,454.0,50.0,7.0,-4.0,8.06225774829855,160.25391215075533,8.06225774829855,8.06225774829855,7.125016348901798,DIC-C2DH-HeLa,01,HeLa,#dc3cbe
19,Cell,0,0.0,191.0,417.0,0.0,0.0,0.0,0.0,0.0,0.0,0.0,DIC-C2DH-HeLa,01,HeLa,#dc3cbe
19,Cell,1,1.0,191.0,417.0,0.0,0.0,0.0,0.0,0.0,0.0,0.0,DIC-C2DH-HeLa,01,HeLa,#dc3cbe
19,Cell,2,2.0,191.0,417.0,0.0,0.0,0.0,0.0,0.0,0.0,0.0,DIC-C2DH-HeLa,01,HeLa,#dc3cbe
19,Cell,3,3.0,191.0,417.0,0.0,0.0,0.0,0.0,0.0,0.0,0.0,DIC-C2DH-HeLa,01,HeLa,#dc3cbe
19,Cell,4,4.0,191.0,417.0,0.0,0.0,0.0,0.0,0.0,0.0,0.0,DIC-C2DH-HeLa,01,HeLa,#dc3cbe
19,Cell,5,5.0,191.0,417.0,0.0,0.0,0.0,0.0,0.0,0.0,0.0,DIC-C2DH-HeLa,01,HeLa,#dc3cbe
19,Cell,6,6.0,191.0,417.0,0.0,0.0,0.0,0.0,0.0,0.0,0.0,DIC-C2DH-HeLa,01,HeLa,#dc3cbe
19,Cell,7,7.0,191.0,417.0,0.0,0.0,0.0,0.0,0.0,0.0,0.0,DIC-C2DH-HeLa,01,HeLa,#dc3cbe
19,Cell,8,8.0,191.0,417.0,0.0,0.0,0.0,0.0,0.0,0.0,0.0,DIC-C2DH-HeLa,01,HeLa,#dc3cbe
19,Cell,9,9.0,191.0,417.0,0.0,0.0,0.0,0.0,0.0,0.0,0.0,DIC-C2DH-HeLa,01,HeLa,#dc3cbe
19,Cell,10,10.0,191.0,417.0,0.0,0.0,0.0,0.0,0.0,0.0,0.0,DIC-C2DH-HeLa,01,HeLa,#dc3cbe
6,Cell,0,0.0,456.0,126.0,0.0,0.0,0.0,0.0,0.0,0.0,0.0,DIC-C2DH-HeLa,01,HeLa,#dc3cbe
6,Cell,1,1.0,456.0,126.0,0.0,0.0,0.0,0.0,0.0,0.0,0.0,DIC-C2DH-HeLa,01,HeLa,#dc3cbe
6,Cell,2,2.0,453.0,123.0,-3.0,-3.0,4.242640687119285,4.242640687119285,4.242640687119285,4.242640687119285,-135.0,DIC-C2DH-HeLa,01,HeLa,#dc3cbe
6,Cell,3,3.0,447.0,103.0,-9.0,-23.0,20.8806130178211,25.123253704940385,24.698178070456937,20.8806130178211,-106.69924423399362,DIC-C2DH-HeLa,01,HeLa,#dc3cbe
6,Cell,4,4.0,451.5,92.0,-4.5,-34.0,11.884864324004711,37.0081180289451,34.29650127928503,11.884864324004711,-67.75097634278764,DIC-C2DH-HeLa,01,HeLa,#dc3cbe
6,Cell,5,5.0,467.0,96.0,11.0,-30.0,16.00781059358212,53.01592862252722,31.95309061734092,16.00781059358212,14.470294100065887,DIC-C2DH-HeLa,01,HeLa,#dc3cbe
6,Cell,6,6.0,463.0,107.0,7.0,-19.0,11.704699910719626,64.72062853324684,20.248456731316587,11.704699910719626,109.98310652189998,DIC-C2DH-HeLa,01,HeLa,#dc3cbe
6,Cell,7,7.0,460.0,109.0,4.0,-17.0,3.605551275463989,68.32617980871083,17.46424919657298,3.605551275463989,146.30993247402023,DIC-C2DH-HeLa,01,HeLa,#dc3cbe
54,Cell,0,0.0,418.0,55.0,0.0,0.0,0.0,0.0,0.0,0.0,0.0,DIC-C2DH-HeLa,01,HeLa,#dc3cbe
54,Cell,1,1.0,418.0,55.0,0.0,0.0,0.0,0.0,0.0,0.0,0.0,DIC-C2DH-HeLa,01,HeLa,#dc3cbe
54,Cell,2,2.0,419.0,55.0,1.0,0.0,1.0,1.0,1.0,1.0,0.0,DIC-C2DH-HeLa,01,HeLa,#dc3cbe
54,Cell,3,3.0,429.0,57.0,11.0,2.0,10.198039027185567,11.198039027185567,11.180339887498947,10.198039027185567,11.309932474020211,DIC-C2DH-HeLa,01,HeLa,#dc3cbe
54,Cell,4,4.0,456.0,59.0,38.0,4.0,27.073972741361768,38.27201176854734,38.2099463490856,27.073972741361768,4.236394799058841,DIC-C2DH-HeLa,01,HeLa,#dc3cbe
54,Cell,5,5.0,448.0,59.0,30.0,4.0,8.0,46.27201176854734,30.265491900843116,8.0,180.0,DIC-C2DH-HeLa,01,HeLa,#dc3cbe
54,Cell,6,6.0,447.0,61.0,29.0,6.0,2.23606797749979,48.50807974604713,29.61418578992169,2.23606797749979,116.565051177078,DIC-C2DH-HeLa,01,HeLa,#dc3cbe
54,Cell,7,7.0,438.0,70.0,20.0,15.0,12.727922061357855,61.23600180740499,25.0,12.727922061357855,135.0,DIC-C2DH-HeLa,01,HeLa,#dc3cbe
40,Cell,0,0.0,234.0,52.0,0.0,0.0,0.0,0.0,0.0,0.0,0.0,DIC-C2DH-HeLa,01,HeLa,#dc3cbe
40,Cell,1,1.0,233.0,52.0,-1.0,0.0,1.0,1.0,1.0,1.0,180.0,DIC-C2DH-HeLa,01,HeLa,#dc3cbe
40,Cell,2,2.0,221.0,56.0,-13.0,4.0,12.649110640673518,13.649110640673518,13.601470508735444,12.649110640673518,161.56505117707798,DIC-C2DH-HeLa,01,HeLa,#dc3cbe
40,Cell,3,3.0,220.0,51.0,-14.0,-1.0,5.0990195135927845,18.748130154266303,14.0356688476182,5.0990195135927845,-101.3099324740202,DIC-C2DH-HeLa,01,HeLa,#dc3cbe
40,Cell,4,4.0,220.0,50.0,-14.0,-2.0,1.0,19.748130154266303,14.142135623730953,1.0,-90.0,DIC-C2DH-HeLa,01,HeLa,#dc3cbe
40,Cell,5,5.0,214.0,58.0,-20.0,6.0,10.0,29.748130154266303,20.8806130178211,10.0,126.86989764584402,DIC-C2DH-HeLa,01,HeLa,#dc3cbe
40,Cell,6,6.0,214.0,54.0,-20.0,2.0,4.0,33.748130154266306,20.09975124224178,4.0,-90.0,DIC-C2DH-HeLa,01,HeLa,#dc3cbe
38,Cell,0,0.0,423.0,52.0,0.0,0.0,0.0,0.0,0.0,0.0,0.0,DIC-C2DH-HeLa,01,HeLa,#dc3cbe
38,Cell,1,1.0,421.0,54.0,-2.0,2.0,2.8284271247461903,2.8284271247461903,2.8284271247461903,2.8284271247461903,135.0,DIC-C2DH-HeLa,01,HeLa,#dc3cbe
38,Cell,2,2.0,411.0,54.0,-12.0,2.0,10.0,12.82842712474619,12.16552506059644,10.0,180.0,DIC-C2DH-HeLa,01,HeLa,#dc3cbe
38,Cell,3,3.0,425.0,46.0,2.0,-6.0,16.1245154965971,28.95294262134329,6.324555320336759,16.1245154965971,-29.744881296942225,DIC-C2DH-HeLa,01,HeLa,#dc3cbe
38,Cell,4,4.0,436.0,53.0,13.0,1.0,13.038404810405298,41.991347431748586,13.038404810405298,13.038404810405298,32.47119229084849,DIC-C2DH-HeLa,01,HeLa,#dc3cbe
35,Cell,0,0.0,335.0,49.0,0.0,0.0,0.0,0.0,0.0,0.0,0.0,DIC-C2DH-HeLa,01,HeLa,#dc3cbe
35,Cell,1,1.0,333.0,43.0,-2.0,-6.0,6.324555320336759,6.324555320336759,6.324555320336759,6.324555320336759,-108.434948822922,DIC-C2DH-HeLa,01,HeLa,#dc3cbe
35,Cell,2,2.0,319.0,51.0,-16.0,2.0,16.1245154965971,22.449070816933855,16.1245154965971,16.1245154965971,150.2551187030578,DIC-C2DH-HeLa,01,HeLa,#dc3cbe
35,Cell,3,3.0,323.0,54.0,-12.0,5.0,5.0,27.449070816933855,13.0,5.0,36.86989764584402,DIC-C2DH-HeLa,01,HeLa,#dc3cbe
41,Cell,0,0.0,234.0,48.0,0.0,0.0,0.0,0.0,0.0,0.0,0.0,DIC-C2DH-HeLa,01,HeLa,#dc3cbe
41,Cell,1,1.0,221.0,46.0,-13.0,-2.0,13.152946437965904,13.152946437965904,13.152946437965904,13.152946437965904,-171.2538377374448,DIC-C2DH-HeLa,01,HeLa,#dc3cbe
12,Cell,0,0.0,337.0,192.0,0.0,0.0,0.0,0.0,0.0,0.0,0.0,DIC-C2DH-HeLa,01,HeLa,#dc3cbe
12,Cell,1,1.0,350.5,189.0,13.5,-3.0,13.82931668593933,13.82931668593933,13.82931668593933,13.82931668593933,-12.528807709151511,DIC-C2DH-HeLa,01,HeLa,#dc3cbe
12,Cell,2,2.0,351.0,189.0,14.0,-3.0,0.5,14.32931668593933,14.317821063276352,0.5,0.0,DIC-C2DH-HeLa,01,HeLa,#dc3cbe
12,Cell,3,3.0,365.0,191.0,28.0,-1.0,14.142135623730953,28.471452309670283,28.0178514522438,14.142135623730953,8.13010235415598,DIC-C2DH-HeLa,01,HeLa,#dc3cbe
12,Cell,4,4.0,367.0,190.0,30.0,-2.0,2.23606797749979,30.707520287170077,30.066592756745816,2.23606797749979,-26.56505117707799,DIC-C2DH-HeLa,01,HeLa,#dc3cbe
12,Cell,5,5.0,367.0,190.0,30.0,-2.0,0.0,30.707520287170077,30.066592756745816,0.0,0.0,DIC-C2DH-HeLa,01,HeLa,#dc3cbe
12,Cell,6,6.0,376.0,190.0,39.0,-2.0,9.0,39.70752028717007,39.05124837953327,9.0,0.0,DIC-C2DH-HeLa,01,HeLa,#dc3cbe
12,Cell,7,7.0,386.0,186.0,49.0,-6.0,10.770329614269007,50.47784990143908,49.36598018878993,10.770329614269007,-21.80140948635181,DIC-C2DH-HeLa,01,HeLa,#dc3cbe
12,Cell,8,8.0,392.0,183.0,55.0,-9.0,6.708203932499369,57.186053833938445,55.731499172371095,6.708203932499369,-26.56505117707799,DIC-C2DH-HeLa,01,HeLa,#dc3cbe
12,Cell,9,9.0,330.5,163.0,-6.5,-29.0,64.67031776634471,121.85637160028315,29.71952220342716,64.67031776634471,-161.9853060817948,DIC-C2DH-HeLa,01,HeLa,#dc3cbe
12,Cell,10,10.0,348.0,168.0,11.0,-24.0,18.200274723201296,140.05664632348444,26.40075756488817,18.200274723201296,15.945395900922856,DIC-C2DH-HeLa,01,HeLa,#dc3cbe
12,Cell,11,11.0,382.0,184.0,45.0,-8.0,37.57658845611187,177.6332347795963,45.70557952810576,37.57658845611187,25.201123645475075,DIC-C2DH-HeLa,01,HeLa,#dc3cbe
12,Cell,12,12.0,388.0,189.0,51.0,-3.0,7.810249675906654,185.44348445550293,51.0881590977792,7.810249675906654,39.80557109226519,DIC-C2DH-HeLa,01,HeLa,#dc3cbe
12,Cell,13,13.0,411.0,182.0,74.0,-10.0,24.04163056034261,209.4851150158456,74.67261881037788,24.04163056034261,-16.927513064147043,DIC-C2DH-HeLa,01,HeLa,#dc3cbe
12,Cell,14,14.0,408.0,182.0,71.0,-10.0,3.0,212.4851150158456,71.7007670809734,3.0,180.0,DIC-C2DH-HeLa,01,HeLa,#dc3cbe
12,Cell,15,15.0,408.0,182.0,71.0,-10.0,0.0,212.4851150158456,71.7007670809734,0.0,0.0,DIC-C2DH-HeLa,01,HeLa,#dc3cbe
12,Cell,16,16.0,400.0,177.0,63.0,-15.0,9.433981132056603,221.91909614790217,64.76109943476871,9.433981132056603,-147.99461679191648,DIC-C2DH-HeLa,01,HeLa,#dc3cbe
12,Cell,17,17.0,356.5,188.5,19.5,-3.5,44.99444410146657,266.91354024936874,19.81161275615895,44.99444410146657,165.1916229609576,DIC-C2DH-HeLa,01,HeLa,#dc3cbe
12,Cell,18,18.0,370.0,181.0,33.0,-11.0,15.4434452114805,282.3569854608492,34.785054261852174,15.4434452114805,-29.054604099077142,DIC-C2DH-HeLa,01,HeLa,#dc3cbe
12,Cell,19,19.0,377.5,178.0,40.5,-14.0,8.077747210701755,290.434732671551,42.85148772213166,8.077747210701755,-21.80140948635181,DIC-C2DH-HeLa,01,HeLa,#dc3cbe
12,Cell,20,20.0,385.0,174.5,48.0,-17.5,8.276472678623424,298.7112053501744,51.09060579010588,8.276472678623424,-25.016893478100023,DIC-C2DH-HeLa,01,HeLa,#dc3cbe
12,Cell,21,21.0,377.0,203.5,40.0,11.5,30.083217912982647,328.79442326315706,41.62030754331352,30.083217912982647,105.42216131873867,DIC-C2DH-HeLa,01,HeLa,#dc3cbe
5,Cell,0,0.0,322.0,147.0,0.0,0.0,0.0,0.0,0.0,0.0,0.0,DIC-C2DH-HeLa,01,HeLa,#dc3cbe
5,Cell,1,1.0,322.0,127.0,0.0,-20.0,20.0,20.0,20.0,20.0,-90.0,DIC-C2DH-HeLa,01,HeLa,#dc3cbe
5,Cell,2,2.0,363.0,136.0,41.0,-11.0,41.97618372363071,61.97618372363071,42.44997055358225,41.97618372363071,12.380756928807177,DIC-C2DH-HeLa,01,HeLa,#dc3cbe
5,Cell,3,3.0,360.0,131.0,38.0,-16.0,5.830951894845301,67.80713561847601,41.23105625617661,5.830951894845301,-120.96375653207352,DIC-C2DH-HeLa,01,HeLa,#dc3cbe
5,Cell,4,4.0,318.0,112.0,-4.0,-35.0,46.09772228646444,113.90485790494046,35.22782990761707,46.09772228646444,-155.65891006330747,DIC-C2DH-HeLa,01,HeLa,#dc3cbe
5,Cell,5,5.0,318.0,112.0,-4.0,-35.0,0.0,113.90485790494046,35.22782990761707,0.0,0.0,DIC-C2DH-HeLa,01,HeLa,#dc3cbe
5,Cell,6,6.0,321.0,117.5,-1.0,-29.5,6.264982043070834,120.16983994801129,29.516944286290883,6.264982043070834,61.38954033403479,DIC-C2DH-HeLa,01,HeLa,#dc3cbe
5,Cell,7,7.0,306.0,112.0,-16.0,-35.0,15.976545308670458,136.14638525668175,38.48376280978771,15.976545308670458,-159.86369657175186,DIC-C2DH-HeLa,01,HeLa,#dc3cbe
5,Cell,8,8.0,306.0,112.0,-16.0,-35.0,0.0,136.14638525668175,38.48376280978771,0.0,0.0,DIC-C2DH-HeLa,01,HeLa,#dc3cbe
5,Cell,9,9.0,306.0,112.0,-16.0,-35.0,0.0,136.14638525668175,38.48376280978771,0.0,0.0,DIC-C2DH-HeLa,01,HeLa,#dc3cbe
5,Cell,10,10.0,315.5,113.0,-6.5,-34.0,9.5524865872714,145.69887184395316,34.61574786134195,9.5524865872714,6.009005957494525,DIC-C2DH-HeLa,01,HeLa,#dc3cbe
5,Cell,11,11.0,301.0,121.0,-21.0,-26.0,16.560495161679196,162.25936700563236,33.421549934136806,16.560495161679196,151.1134182330893,DIC-C2DH-HeLa,01,HeLa,#dc3cbe
5,Cell,12,12.0,296.0,121.0,-26.0,-26.0,5.0,167.25936700563236,36.76955262170047,5.0,180.0,DIC-C2DH-HeLa,01,HeLa,#dc3cbe
5,Cell,13,13.0,296.0,121.0,-26.0,-26.0,0.0,167.25936700563236,36.76955262170047,0.0,0.0,DIC-C2DH-HeLa,01,HeLa,#dc3cbe
5,Cell,14,14.0,296.0,121.0,-26.0,-26.0,0.0,167.25936700563236,36.76955262170047,0.0,0.0,DIC-C2DH-HeLa,01,HeLa,#dc3cbe
5,Cell,15,15.0,312.5,119.0,-9.5,-28.0,16.62077013859466,183.880137144227,29.56771888394504,16.62077013859466,-6.911227119024681,DIC-C2DH-HeLa,01,HeLa,#dc3cbe
5,Cell,16,16.0,315.0,119.0,-7.0,-28.0,2.5,186.380137144227,28.861739379323623,2.5,0.0,DIC-C2DH-HeLa,01,HeLa,#dc3cbe
5,Cell,17,17.0,322.0,119.0,0.0,-28.0,7.0,193.380137144227,28.0,7.0,0.0,DIC-C2DH-HeLa,01,HeLa,#dc3cbe
5,Cell,18,18.0,332.0,119.0,10.0,-28.0,10.0,203.380137144227,29.73213749463701,10.0,0.0,DIC-C2DH-HeLa,01,HeLa,#dc3cbe
5,Cell,19,19.0,332.0,119.0,10.0,-28.0,0.0,203.380137144227,29.73213749463701,0.0,0.0,DIC-C2DH-HeLa,01,HeLa,#dc3cbe
5,Cell,20,20.0,371.0,133.0,49.0,-14.0,41.43669871020132,244.81683585442832,50.96076922496363,41.43669871020132,19.74683660542612,DIC-C2DH-HeLa,01,HeLa,#dc3cbe
5,Cell,21,21.0,376.5,121.0,54.5,-26.0,13.200378782444083,258.0172146368724,60.38418667167755,13.200378782444083,-65.37643521383639,DIC-C2DH-HeLa,01,HeLa,#dc3cbe
5,Cell,22,22.0,378.0,121.0,56.0,-26.0,1.5,259.5172146368724,61.74139616173253,1.5,0.0,DIC-C2DH-HeLa,01,HeLa,#dc3cbe
5,Cell,23,23.0,378.0,126.0,56.0,-21.0,5.0,264.5172146368724,59.80802621722272,5.0,90.0,DIC-C2DH-HeLa,01,HeLa,#dc3cbe
5,Cell,24,24.0,373.0,131.0,51.0,-16.0,7.071067811865476,271.58828244873786,53.45091205957107,7.071067811865476,135.0,DIC-C2DH-HeLa,01,HeLa,#dc3cbe
5,Cell,25,25.0,389.5,129.0,67.5,-18.0,16.62077013859466,288.2090525873325,69.85878613317011,16.62077013859466,-6.911227119024681,DIC-C2DH-HeLa,01,HeLa,#dc3cbe
5,Cell,26,26.0,391.0,129.0,69.0,-18.0,1.5,289.7090525873325,71.30918594402827,1.5,0.0,DIC-C2DH-HeLa,01,HeLa,#dc3cbe
5,Cell,27,27.0,388.0,140.0,66.0,-7.0,11.40175425099138,301.11080683832387,66.37017402418047,11.40175425099138,105.25511870305778,DIC-C2DH-HeLa,01,HeLa,#dc3cbe
5,Cell,28,28.0,385.0,145.0,63.0,-2.0,5.830951894845301,306.9417587331692,63.0317380372777,5.830951894845301,120.96375653207352,DIC-C2DH-HeLa,01,HeLa,#dc3cbe
5,Cell,29,29.0,385.0,133.0,63.0,-14.0,12.0,318.9417587331692,64.53681120105021,12.0,-90.0,DIC-C2DH-HeLa,01,HeLa,#dc3cbe
5,Cell,30,30.0,384.0,133.0,62.0,-14.0,1.0,319.9417587331692,63.56099432828282,1.0,180.0,DIC-C2DH-HeLa,01,HeLa,#dc3cbe
5,Cell,31,31.0,367.5,133.0,45.5,-14.0,16.5,336.4417587331692,47.60514678057405,16.5,180.0,DIC-C2DH-HeLa,01,HeLa,#dc3cbe
5,Cell,32,32.0,363.5,127.0,41.5,-20.0,7.211102550927978,343.6528612840972,46.06788469204984,7.211102550927978,-123.6900675259798,DIC-C2DH-HeLa,01,HeLa,#dc3cbe
5,Cell,33,33.0,396.0,110.0,74.0,-37.0,36.67764987018661,380.3305111542838,82.73451516749222,36.67764987018661,-27.613027823084472,DIC-C2DH-HeLa,01,HeLa,#dc3cbe
5,Cell,34,34.0,396.0,110.0,74.0,-37.0,0.0,380.3305111542838,82.73451516749222,0.0,0.0,DIC-C2DH-HeLa,01,HeLa,#dc3cbe
5,Cell,35,35.0,396.0,110.0,74.0,-37.0,0.0,380.3305111542838,82.73451516749222,0.0,0.0,DIC-C2DH-HeLa,01,HeLa,#dc3cbe
5,Cell,36,36.0,389.0,117.5,67.0,-29.5,10.259142264341596,390.5896534186254,73.20689858203255,10.259142264341596,133.02506598911805,DIC-C2DH-HeLa,01,HeLa,#dc3cbe
5,Cell,37,37.0,399.0,119.0,77.0,-28.0,10.111874208078342,400.70152762670375,81.93289937503738,10.111874208078342,8.530765609948133,DIC-C2DH-HeLa,01,HeLa,#dc3cbe
5,Cell,38,38.0,399.0,119.0,77.0,-28.0,0.0,400.70152762670375,81.93289937503738,0.0,0.0,DIC-C2DH-HeLa,01,HeLa,#dc3cbe
5,Cell,39,39.0,399.0,121.0,77.0,-26.0,2.0,402.70152762670375,81.27115109311545,2.0,90.0,DIC-C2DH-HeLa,01,HeLa,#dc3cbe
5,Cell,40,40.0,399.0,121.0,77.0,-26.0,0.0,402.70152762670375,81.27115109311545,0.0,0.0,DIC-C2DH-HeLa,01,HeLa,#dc3cbe
5,Cell,41,41.0,399.0,121.0,77.0,-26.0,0.0,402.70152762670375,81.27115109311545,0.0,0.0,DIC-C2DH-HeLa,01,HeLa,#dc3cbe
5,Cell,42,42.0,421.0,118.0,99.0,-29.0,22.20360331117452,424.9051309378783,103.16006979447036,22.20360331117452,-7.765166018425334,DIC-C2DH-HeLa,01,HeLa,#dc3cbe
5,Cell,43,43.0,446.5,113.0,124.5,-34.0,25.985572920372565,450.8907038582509,129.05909499140307,25.985572920372565,-11.093723011557849,DIC-C2DH-HeLa,01,HeLa,#dc3cbe
5,Cell,44,44.0,450.5,114.0,128.5,-33.0,4.123105625617661,455.0138094838685,132.66970264532893,4.123105625617661,14.036243467926475,DIC-C2DH-HeLa,01,HeLa,#dc3cbe
5,Cell,45,45.0,458.0,136.0,136.0,-11.0,23.24327859833892,478.2570880822074,136.444127759314,23.24327859833892,71.17528998175993,DIC-C2DH-HeLa,01,HeLa,#dc3cbe
5,Cell,46,46.0,458.0,140.0,136.0,-7.0,4.0,482.2570880822074,136.1800279042415,4.0,90.0,DIC-C2DH-HeLa,01,HeLa,#dc3cbe
5,Cell,47,47.0,451.0,121.0,129.0,-26.0,20.248456731316587,502.505544813524,131.59407281484982,20.248456731316587,-110.22485943116808,DIC-C2DH-HeLa,01,HeLa,#dc3cbe
5,Cell,48,48.0,451.0,104.0,129.0,-43.0,17.0,519.505544813524,135.9779393872403,17.0,-90.0,DIC-C2DH-HeLa,01,HeLa,#dc3cbe
5,Cell,49,49.0,452.5,104.0,130.5,-43.0,1.5,521.005544813524,137.40178310342264,1.5,0.0,DIC-C2DH-HeLa,01,HeLa,#dc3cbe
5,Cell,50,50.0,454.0,107.0,132.0,-40.0,3.3541019662496847,524.3596467797737,137.92751719653333,3.3541019662496847,63.43494882292201,DIC-C2DH-HeLa,01,HeLa,#dc3cbe
5,Cell,51,51.0,455.5394944707741,108.98104265402844,133.53949447077412,-38.01895734597156,2.5088988067724314,526.8685455865461,138.84609357552958,2.5088988067724314,52.14874785914719,DIC-C2DH-HeLa,01,HeLa,#dc3cbe
5,Cell,52,52.0,456.0,110.0,134.0,-37.0,1.1181857696094204,527.9867313561556,139.01438774457844,1.1181857696094204,65.67998211146143,DIC-C2DH-HeLa,01,HeLa,#dc3cbe
5,Cell,53,53.0,456.0,110.5,134.0,-36.5,0.5,528.4867313561556,138.8821442806814,0.5,90.0,DIC-C2DH-HeLa,01,HeLa,#dc3cbe
5,Cell,54,54.0,454.0,99.0,132.0,-48.0,11.672617529928752,540.1593488860843,140.4563989286355,11.672617529928752,-99.86580694308437,DIC-C2DH-HeLa,01,HeLa,#dc3cbe
5,Cell,55,55.0,447.0,98.0,125.0,-49.0,7.071067811865476,547.2304166979497,134.2609399639374,7.071067811865476,-171.86989764584402,DIC-C2DH-HeLa,01,HeLa,#dc3cbe
5,Cell,56,56.0,447.0,98.0,125.0,-49.0,0.0,547.2304166979497,134.2609399639374,0.0,0.0,DIC-C2DH-HeLa,01,HeLa,#dc3cbe
5,Cell,57,57.0,430.61711345789325,125.38288654210668,108.61711345789324,-21.617113457893325,31.90958236689144,579.1399990648412,110.74735631235758,31.90958236689144,120.89162934948575,DIC-C2DH-HeLa,01,HeLa,#dc3cbe
5,Cell,58,58.0,434.0,150.0,112.0,3.0,24.84846466797415,603.9884637328153,112.04017136723776,24.84846466797415,82.1754157283587,DIC-C2DH-HeLa,01,HeLa,#dc3cbe
5,Cell,59,59.0,431.0,153.0,109.0,6.0,4.242640687119285,608.2311044199346,109.16501271011695,4.242640687119285,135.0,DIC-C2DH-HeLa,01,HeLa,#dc3cbe
5,Cell,60,60.0,432.0,154.0,110.0,7.0,1.4142135623730951,609.6453179823077,110.22250223978769,1.4142135623730951,45.0,DIC-C2DH-HeLa,01,HeLa,#dc3cbe
5,Cell,61,61.0,432.0,154.0,110.0,7.0,0.0,609.6453179823077,110.22250223978769,0.0,0.0,DIC-C2DH-HeLa,01,HeLa,#dc3cbe
5,Cell,62,62.0,454.5,154.0,132.5,7.0,22.5,632.1453179823077,132.6847768208546,22.5,0.0,DIC-C2DH-HeLa,01,HeLa,#dc3cbe
5,Cell,63,63.0,461.0,154.0,139.0,7.0,6.5,638.6453179823077,139.17614738165446,6.5,0.0,DIC-C2DH-HeLa,01,HeLa,#dc3cbe
5,Cell,64,64.0,447.0,154.0,125.0,7.0,14.0,652.6453179823077,125.19584657647394,14.0,180.0,DIC-C2DH-HeLa,01,HeLa,#dc3cbe
5,Cell,65,65.0,451.0,143.0,129.0,-4.0,11.704699910719626,664.3500178930274,129.0620006043607,11.704699910719626,-70.01689347810003,DIC-C2DH-HeLa,01,HeLa,#dc3cbe
5,Cell,66,66.0,451.0,143.0,129.0,-4.0,0.0,664.3500178930274,129.0620006043607,0.0,0.0,DIC-C2DH-HeLa,01,HeLa,#dc3cbe
5,Cell,67,67.0,447.0,125.0,125.0,-22.0,18.43908891458577,682.7891068076132,126.9212354178764,18.43908891458577,-102.52880770915152,DIC-C2DH-HeLa,01,HeLa,#dc3cbe
5,Cell,68,68.0,454.5,111.0,132.5,-36.0,15.88238017426859,698.6714869818818,137.3034959496662,15.88238017426859,-61.82140989004083,DIC-C2DH-HeLa,01,HeLa,#dc3cbe
22,Cell,0,0.0,416.0,348.0,0.0,0.0,0.0,0.0,0.0,0.0,0.0,DIC-C2DH-HeLa,02,HeLa,#dc3cbe
22,Cell,1,1.0,415.5,348.0,-0.5,0.0,0.5,0.5,0.5,0.5,180.0,DIC-C2DH-HeLa,02,HeLa,#dc3cbe
22,Cell,2,2.0,415.0,348.0,-1.0,0.0,0.5,1.0,1.0,0.5,180.0,DIC-C2DH-HeLa,02,HeLa,#dc3cbe
22,Cell,3,3.0,417.5,349.0,1.5,1.0,2.692582403567252,3.692582403567252,1.8027756377319943,2.692582403567252,21.80140948635181,DIC-C2DH-HeLa,02,HeLa,#dc3cbe
22,Cell,4,4.0,427.0,349.0,11.0,1.0,9.5,13.192582403567252,11.04536101718726,9.5,0.0,DIC-C2DH-HeLa,02,HeLa,#dc3cbe
22,Cell,5,5.0,432.5,350.0,16.5,2.0,5.5901699437494745,18.782752347316727,16.62077013859466,5.5901699437494745,10.304846468766032,DIC-C2DH-HeLa,02,HeLa,#dc3cbe
22,Cell,6,6.0,428.0,358.0,12.0,10.0,9.17877987534291,27.961532222659635,15.620499351813308,9.17877987534291,119.35775354279129,DIC-C2DH-HeLa,02,HeLa,#dc3cbe
22,Cell,7,7.0,426.0,351.5,10.0,3.5,6.800735254367722,34.76226747702736,10.594810050208546,6.800735254367722,-107.10272896905236,DIC-C2DH-HeLa,02,HeLa,#dc3cbe
22,Cell,8,8.0,426.0,352.0,10.0,4.0,0.5,35.26226747702736,10.770329614269007,0.5,90.0,DIC-C2DH-HeLa,02,HeLa,#dc3cbe
22,Cell,9,9.0,421.0,350.0,5.0,2.0,5.385164807134504,40.64743228416186,5.385164807134504,5.385164807134504,-158.19859051364818,DIC-C2DH-HeLa,02,HeLa,#dc3cbe
22,Cell,10,10.0,416.0,344.0,0.0,-4.0,7.810249675906654,48.45768196006851,4.0,7.810249675906654,-129.8055710922652,DIC-C2DH-HeLa,02,HeLa,#dc3cbe
22,Cell,11,11.0,416.0,343.5,0.0,-4.5,0.5,48.95768196006851,4.5,0.5,-90.0,DIC-C2DH-HeLa,02,HeLa,#dc3cbe
22,Cell,12,12.0,418.0,330.0,2.0,-18.0,13.64734406395618,62.605026024024696,18.110770276274835,13.64734406395618,-81.57303097851933,DIC-C2DH-HeLa,02,HeLa,#dc3cbe
22,Cell,13,13.0,408.0,340.0,-8.0,-8.0,14.142135623730953,76.74716164775565,11.31370849898476,14.142135623730953,135.0,DIC-C2DH-HeLa,02,HeLa,#dc3cbe
22,Cell,14,14.0,408.0,340.0,-8.0,-8.0,0.0,76.74716164775565,11.31370849898476,0.0,0.0,DIC-C2DH-HeLa,02,HeLa,#dc3cbe
22,Cell,15,15.0,411.0,341.0,-5.0,-7.0,3.1622776601683795,79.90943930792403,8.602325267042627,3.1622776601683795,18.43494882292201,DIC-C2DH-HeLa,02,HeLa,#dc3cbe
22,Cell,16,16.0,410.0,340.0,-6.0,-8.0,1.4142135623730951,81.32365287029712,10.0,1.4142135623730951,-135.0,DIC-C2DH-HeLa,02,HeLa,#dc3cbe
22,Cell,17,17.0,410.0,337.0,-6.0,-11.0,3.0,84.32365287029712,12.529964086141668,3.0,-90.0,DIC-C2DH-HeLa,02,HeLa,#dc3cbe
22,Cell,18,18.0,410.0,337.0,-6.0,-11.0,0.0,84.32365287029712,12.529964086141668,0.0,0.0,DIC-C2DH-HeLa,02,HeLa,#dc3cbe
22,Cell,19,19.0,410.0,337.0,-6.0,-11.0,0.0,84.32365287029712,12.529964086141668,0.0,0.0,DIC-C2DH-HeLa,02,HeLa,#dc3cbe
22,Cell,20,20.0,410.0,337.0,-6.0,-11.0,0.0,84.32365287029712,12.529964086141668,0.0,0.0,DIC-C2DH-HeLa,02,HeLa,#dc3cbe
22,Cell,21,21.0,407.0,337.0,-9.0,-11.0,3.0,87.32365287029712,14.212670403551895,3.0,180.0,DIC-C2DH-HeLa,02,HeLa,#dc3cbe
22,Cell,22,22.0,407.0,337.0,-9.0,-11.0,0.0,87.32365287029712,14.212670403551895,0.0,0.0,DIC-C2DH-HeLa,02,HeLa,#dc3cbe
22,Cell,23,23.0,407.0,337.0,-9.0,-11.0,0.0,87.32365287029712,14.212670403551895,0.0,0.0,DIC-C2DH-HeLa,02,HeLa,#dc3cbe
22,Cell,24,24.0,407.0,337.0,-9.0,-11.0,0.0,87.32365287029712,14.212670403551895,0.0,0.0,DIC-C2DH-HeLa,02,HeLa,#dc3cbe
22,Cell,25,25.0,407.0,336.0,-9.0,-12.0,1.0,88.32365287029712,15.0,1.0,-90.0,DIC-C2DH-HeLa,02,HeLa,#dc3cbe
22,Cell,26,26.0,401.0,331.0,-15.0,-17.0,7.810249675906654,96.1339025462038,22.67156809750927,7.810249675906654,-140.19442890773482,DIC-C2DH-HeLa,02,HeLa,#dc3cbe
22,Cell,27,27.0,401.0,331.0,-15.0,-17.0,0.0,96.1339025462038,22.67156809750927,0.0,0.0,DIC-C2DH-HeLa,02,HeLa,#dc3cbe
22,Cell,28,28.0,401.0,330.5,-15.0,-17.5,0.5,96.6339025462038,23.04886114323222,0.5,-90.0,DIC-C2DH-HeLa,02,HeLa,#dc3cbe
22,Cell,29,29.0,401.0,330.0,-15.0,-18.0,0.5,97.1339025462038,23.43074902771996,0.5,-90.0,DIC-C2DH-HeLa,02,HeLa,#dc3cbe
22,Cell,30,30.0,401.0,330.0,-15.0,-18.0,0.0,97.1339025462038,23.43074902771996,0.0,0.0,DIC-C2DH-HeLa,02,HeLa,#dc3cbe
22,Cell,31,31.0,401.0,330.0,-15.0,-18.0,0.0,97.1339025462038,23.43074902771996,0.0,0.0,DIC-C2DH-HeLa,02,HeLa,#dc3cbe
22,Cell,32,32.0,401.0,330.0,-15.0,-18.0,0.0,97.1339025462038,23.43074902771996,0.0,0.0,DIC-C2DH-HeLa,02,HeLa,#dc3cbe
22,Cell,33,33.0,401.0,330.0,-15.0,-18.0,0.0,97.1339025462038,23.43074902771996,0.0,0.0,DIC-C2DH-HeLa,02,HeLa,#dc3cbe
22,Cell,34,34.0,401.0,330.0,-15.0,-18.0,0.0,97.1339025462038,23.43074902771996,0.0,0.0,DIC-C2DH-HeLa,02,HeLa,#dc3cbe
22,Cell,35,35.0,401.0,330.0,-15.0,-18.0,0.0,97.1339025462038,23.43074902771996,0.0,0.0,DIC-C2DH-HeLa,02,HeLa,#dc3cbe
22,Cell,36,36.0,428.0,332.5,12.0,-15.5,27.115493725912497,124.24939627211629,19.60229578391266,27.115493725912497,5.29008120537127,DIC-C2DH-HeLa,02,HeLa,#dc3cbe
22,Cell,37,37.0,429.0,333.0,13.0,-15.0,1.118033988749895,125.3674302608662,19.849433241279208,1.118033988749895,26.56505117707799,DIC-C2DH-HeLa,02,HeLa,#dc3cbe
22,Cell,38,38.0,429.0,333.0,13.0,-15.0,0.0,125.3674302608662,19.849433241279208,0.0,0.0,DIC-C2DH-HeLa,02,HeLa,#dc3cbe
22,Cell,39,39.0,429.0,333.0,13.0,-15.0,0.0,125.3674302608662,19.849433241279208,0.0,0.0,DIC-C2DH-HeLa,02,HeLa,#dc3cbe
22,Cell,40,40.0,429.0,332.0,13.0,-16.0,1.0,126.3674302608662,20.615528128088304,1.0,-90.0,DIC-C2DH-HeLa,02,HeLa,#dc3cbe
22,Cell,41,41.0,429.0,332.0,13.0,-16.0,0.0,126.3674302608662,20.615528128088304,0.0,0.0,DIC-C2DH-HeLa,02,HeLa,#dc3cbe
22,Cell,42,42.0,430.0,326.0,14.0,-22.0,6.082762530298219,132.4501927911644,26.0768096208106,6.082762530298219,-80.53767779197439,DIC-C2DH-HeLa,02,HeLa,#dc3cbe
22,Cell,43,43.0,430.0,326.0,14.0,-22.0,0.0,132.4501927911644,26.0768096208106,0.0,0.0,DIC-C2DH-HeLa,02,HeLa,#dc3cbe
22,Cell,44,44.0,430.0,326.0,14.0,-22.0,0.0,132.4501927911644,26.0768096208106,0.0,0.0,DIC-C2DH-HeLa,02,HeLa,#dc3cbe
22,Cell,45,45.0,433.0,319.0,17.0,-29.0,7.615773105863909,140.06596589702832,33.61547262794322,7.615773105863909,-66.80140948635182,DIC-C2DH-HeLa,02,HeLa,#dc3cbe
22,Cell,46,46.0,433.0,318.0,17.0,-30.0,1.0,141.06596589702832,34.48187929913333,1.0,-90.0,DIC-C2DH-HeLa,02,HeLa,#dc3cbe
22,Cell,47,47.0,432.0,306.0,16.0,-42.0,12.041594578792296,153.1075604758206,44.94441010848846,12.041594578792296,-94.76364169072616,DIC-C2DH-HeLa,02,HeLa,#dc3cbe
22,Cell,48,48.0,432.0,306.0,16.0,-42.0,0.0,153.1075604758206,44.94441010848846,0.0,0.0,DIC-C2DH-HeLa,02,HeLa,#dc3cbe
22,Cell,49,49.0,432.0,306.0,16.0,-42.0,0.0,153.1075604758206,44.94441010848846,0.0,0.0,DIC-C2DH-HeLa,02,HeLa,#dc3cbe
22,Cell,50,50.0,432.0,306.0,16.0,-42.0,0.0,153.1075604758206,44.94441010848846,0.0,0.0,DIC-C2DH-HeLa,02,HeLa,#dc3cbe
22,Cell,51,51.0,426.0,300.0,10.0,-48.0,8.48528137423857,161.5928418500592,49.03060268852505,8.48528137423857,-135.0,DIC-C2DH-HeLa,02,HeLa,#dc3cbe
22,Cell,52,52.0,426.0,300.0,10.0,-48.0,0.0,161.5928418500592,49.03060268852505,0.0,0.0,DIC-C2DH-HeLa,02,HeLa,#dc3cbe
22,Cell,53,53.0,421.0,313.5,5.0,-34.5,14.396180048887969,175.98902189894716,34.860436027106715,14.396180048887969,110.32313682966296,DIC-C2DH-HeLa,02,HeLa,#dc3cbe
22,Cell,54,54.0,435.0,321.0,19.0,-27.0,15.88238017426859,191.87140207321573,33.015148038438355,15.88238017426859,28.17859010995917,DIC-C2DH-HeLa,02,HeLa,#dc3cbe
22,Cell,55,55.0,435.0,321.0,19.0,-27.0,0.0,191.87140207321573,33.015148038438355,0.0,0.0,DIC-C2DH-HeLa,02,HeLa,#dc3cbe
22,Cell,56,56.0,442.40086439762285,328.5991356023771,26.40086439762285,-19.40086439762291,10.607528257578034,202.47893033079376,32.76277125513992,10.607528257578034,45.757296113149096,DIC-C2DH-HeLa,02,HeLa,#dc3cbe
22,Cell,57,57.0,443.0,329.0,27.0,-19.0,0.7208715109625325,203.19980184175628,33.015148038438355,0.7208715109625325,33.78534206632919,DIC-C2DH-HeLa,02,HeLa,#dc3cbe
22,Cell,58,58.0,441.5,328.5,25.5,-19.5,1.5811388300841898,204.78094067184048,32.101401838549044,1.5811388300841898,-161.56505117707798,DIC-C2DH-HeLa,02,HeLa,#dc3cbe
22,Cell,59,59.0,436.0,326.0,20.0,-22.0,6.041522986797286,210.82246365863776,29.73213749463701,6.041522986797286,-155.55604521958347,DIC-C2DH-HeLa,02,HeLa,#dc3cbe
22,Cell,60,60.0,432.0,317.0,16.0,-31.0,9.848857801796104,220.67132146043383,34.88552708502482,9.848857801796104,-113.96248897457818,DIC-C2DH-HeLa,02,HeLa,#dc3cbe
22,Cell,61,61.0,433.0,319.0,17.0,-29.0,2.23606797749979,222.9073894379337,33.61547262794322,2.23606797749979,63.43494882292201,DIC-C2DH-HeLa,02,HeLa,#dc3cbe
22,Cell,62,62.0,433.0,319.0,17.0,-29.0,0.0,222.9073894379337,33.61547262794322,0.0,0.0,DIC-C2DH-HeLa,02,HeLa,#dc3cbe
22,Cell,63,63.0,432.599135602377,319.40086439762285,16.599135602377032,-28.599135602377142,0.5669078677908417,223.4742973057245,33.0672324204681,0.5669078677908417,135.00000000000813,DIC-C2DH-HeLa,02,HeLa,#dc3cbe
22,Cell,64,64.0,448.0,337.5,32.0,-10.5,23.764791893622935,247.23908919934743,33.67862823809782,23.764791893622935,49.60497082422705,DIC-C2DH-HeLa,02,HeLa,#dc3cbe
22,Cell,65,65.0,448.0,339.5,32.0,-8.5,2.0,249.23908919934743,33.10966626228661,2.0,90.0,DIC-C2DH-HeLa,02,HeLa,#dc3cbe
22,Cell,66,66.0,448.0,342.0,32.0,-6.0,2.5,251.73908919934743,32.55764119219941,2.5,90.0,DIC-C2DH-HeLa,02,HeLa,#dc3cbe
22,Cell,67,67.0,436.0,348.0,20.0,0.0,13.41640786499874,265.1554970643461,20.0,13.41640786499874,153.43494882292202,DIC-C2DH-HeLa,02,HeLa,#dc3cbe
22,Cell,68,68.0,426.0,356.0,10.0,8.0,12.806248474865695,277.96174553921185,12.806248474865695,12.806248474865695,141.34019174590992,DIC-C2DH-HeLa,02,HeLa,#dc3cbe
22,Cell,69,69.0,421.0,350.0,5.0,2.0,7.810249675906654,285.7719952151185,5.385164807134504,7.810249675906654,-129.8055710922652,DIC-C2DH-HeLa,02,HeLa,#dc3cbe
22,Cell,70,70.0,421.0,349.5,5.0,1.5,0.5,286.2719952151185,5.220153254455275,0.5,-90.0,DIC-C2DH-HeLa,02,HeLa,#dc3cbe
22,Cell,71,71.0,418.0,343.0,2.0,-5.0,7.158910531638177,293.4309057467567,5.385164807134504,7.158910531638177,-114.77514056883192,DIC-C2DH-HeLa,02,HeLa,#dc3cbe
22,Cell,72,72.0,418.0,343.0,2.0,-5.0,0.0,293.4309057467567,5.385164807134504,0.0,0.0,DIC-C2DH-HeLa,02,HeLa,#dc3cbe
22,Cell,73,73.0,418.0,343.0,2.0,-5.0,0.0,293.4309057467567,5.385164807134504,0.0,0.0,DIC-C2DH-HeLa,02,HeLa,#dc3cbe
22,Cell,74,74.0,415.0,342.0,-1.0,-6.0,3.1622776601683795,296.5931834069251,6.082762530298219,3.1622776601683795,-161.56505117707798,DIC-C2DH-HeLa,02,HeLa,#dc3cbe
22,Cell,75,75.0,415.0,342.0,-1.0,-6.0,0.0,296.5931834069251,6.082762530298219,0.0,0.0,DIC-C2DH-HeLa,02,HeLa,#dc3cbe
22,Cell,76,76.0,415.0,342.0,-1.0,-6.0,0.0,296.5931834069251,6.082762530298219,0.0,0.0,DIC-C2DH-HeLa,02,HeLa,#dc3cbe
22,Cell,77,77.0,410.5,336.0,-5.5,-12.0,7.5,304.0931834069251,13.200378782444083,7.5,-126.86989764584402,DIC-C2DH-HeLa,02,HeLa,#dc3cbe
22,Cell,78,78.0,411.0,336.0,-5.0,-12.0,0.5,304.5931834069251,13.0,0.5,0.0,DIC-C2DH-HeLa,02,HeLa,#dc3cbe
22,Cell,79,79.0,411.0,336.0,-5.0,-12.0,0.0,304.5931834069251,13.0,0.0,0.0,DIC-C2DH-HeLa,02,HeLa,#dc3cbe
22,Cell,80,80.0,406.0,334.0,-10.0,-14.0,5.385164807134504,309.9783482140596,17.204650534085253,5.385164807134504,-158.19859051364818,DIC-C2DH-HeLa,02,HeLa,#dc3cbe
22,Cell,81,81.0,418.5,332.0,2.5,-16.0,12.658988901172163,322.6373371152318,16.194134740701646,12.658988901172163,-9.090276920822324,DIC-C2DH-HeLa,02,HeLa,#dc3cbe
22,Cell,82,82.0,419.0,332.0,3.0,-16.0,0.5,323.1373371152318,16.278820596099706,0.5,0.0,DIC-C2DH-HeLa,02,HeLa,#dc3cbe
22,Cell,83,83.0,437.0,332.0,21.0,-16.0,18.0,341.1373371152318,26.40075756488817,18.0,0.0,DIC-C2DH-HeLa,02,HeLa,#dc3cbe
9,Cell,0,0.0,249.0,341.0,0.0,0.0,0.0,0.0,0.0,0.0,0.0,DIC-C2DH-HeLa,02,HeLa,#dc3cbe
9,Cell,1,1.0,252.0,346.0,3.0,5.0,5.830951894845301,5.830951894845301,5.830951894845301,5.830951894845301,59.03624346792648,DIC-C2DH-HeLa,02,HeLa,#dc3cbe
9,Cell,2,2.0,241.0,339.0,-8.0,-2.0,13.038404810405298,18.8693567052506,8.246211251235321,13.038404810405298,-147.52880770915152,DIC-C2DH-HeLa,02,HeLa,#dc3cbe
9,Cell,3,3.0,241.5,339.0,-7.5,-2.0,0.5,19.3693567052506,7.762087348130012,0.5,0.0,DIC-C2DH-HeLa,02,HeLa,#dc3cbe
9,Cell,4,4.0,242.0,339.0,-7.0,-2.0,0.5,19.8693567052506,7.280109889280518,0.5,0.0,DIC-C2DH-HeLa,02,HeLa,#dc3cbe
9,Cell,5,5.0,245.5,341.0,-3.5,0.0,4.031128874149275,23.900485579399877,3.5,4.031128874149275,29.744881296942225,DIC-C2DH-HeLa,02,HeLa,#dc3cbe
9,Cell,6,6.0,242.0,346.0,-7.0,5.0,6.103277807866851,30.003763387266723,8.602325267042627,6.103277807866851,124.99202019855868,DIC-C2DH-HeLa,02,HeLa,#dc3cbe
9,Cell,7,7.0,242.0,346.0,-7.0,5.0,0.0,30.003763387266723,8.602325267042627,0.0,0.0,DIC-C2DH-HeLa,02,HeLa,#dc3cbe
9,Cell,8,8.0,246.0,325.0,-3.0,-16.0,21.37755832643195,51.38132171369867,16.278820596099706,21.37755832643195,-79.21570213243741,DIC-C2DH-HeLa,02,HeLa,#dc3cbe
9,Cell,9,9.0,246.0,325.0,-3.0,-16.0,0.0,51.38132171369867,16.278820596099706,0.0,0.0,DIC-C2DH-HeLa,02,HeLa,#dc3cbe
9,Cell,10,10.0,246.0,325.0,-3.0,-16.0,0.0,51.38132171369867,16.278820596099706,0.0,0.0,DIC-C2DH-HeLa,02,HeLa,#dc3cbe
9,Cell,11,11.0,246.0,325.0,-3.0,-16.0,0.0,51.38132171369867,16.278820596099706,0.0,0.0,DIC-C2DH-HeLa,02,HeLa,#dc3cbe
9,Cell,12,12.0,246.0,325.0,-3.0,-16.0,0.0,51.38132171369867,16.278820596099706,0.0,0.0,DIC-C2DH-HeLa,02,HeLa,#dc3cbe
9,Cell,13,13.0,246.0,325.0,-3.0,-16.0,0.0,51.38132171369867,16.278820596099706,0.0,0.0,DIC-C2DH-HeLa,02,HeLa,#dc3cbe
9,Cell,14,14.0,246.0,325.0,-3.0,-16.0,0.0,51.38132171369867,16.278820596099706,0.0,0.0,DIC-C2DH-HeLa,02,HeLa,#dc3cbe
9,Cell,15,15.0,240.0,333.0,-9.0,-8.0,10.0,61.38132171369867,12.041594578792296,10.0,126.86989764584402,DIC-C2DH-HeLa,02,HeLa,#dc3cbe
9,Cell,16,16.0,240.0,333.0,-9.0,-8.0,0.0,61.38132171369867,12.041594578792296,0.0,0.0,DIC-C2DH-HeLa,02,HeLa,#dc3cbe
9,Cell,17,17.0,239.0,328.0,-10.0,-13.0,5.0990195135927845,66.48034122729145,16.401219466856727,5.0990195135927845,-101.3099324740202,DIC-C2DH-HeLa,02,HeLa,#dc3cbe
9,Cell,18,18.0,239.0,328.0,-10.0,-13.0,0.0,66.48034122729145,16.401219466856727,0.0,0.0,DIC-C2DH-HeLa,02,HeLa,#dc3cbe
9,Cell,19,19.0,239.0,328.0,-10.0,-13.0,0.0,66.48034122729145,16.401219466856727,0.0,0.0,DIC-C2DH-HeLa,02,HeLa,#dc3cbe
9,Cell,20,20.0,247.0,307.0,-2.0,-34.0,22.47220505424423,88.95254628153567,34.058772731852805,22.47220505424423,-69.14554196042165,DIC-C2DH-HeLa,02,HeLa,#dc3cbe
9,Cell,21,21.0,247.0,307.0,-2.0,-34.0,0.0,88.95254628153567,34.058772731852805,0.0,0.0,DIC-C2DH-HeLa,02,HeLa,#dc3cbe
9,Cell,22,22.0,247.0,312.0,-2.0,-29.0,5.0,93.95254628153567,29.068883707497267,5.0,90.0,DIC-C2DH-HeLa,02,HeLa,#dc3cbe
9,Cell,23,23.0,247.0,312.0,-2.0,-29.0,0.0,93.95254628153567,29.068883707497267,0.0,0.0,DIC-C2DH-HeLa,02,HeLa,#dc3cbe
9,Cell,24,24.0,247.0,312.0,-2.0,-29.0,0.0,93.95254628153567,29.068883707497267,0.0,0.0,DIC-C2DH-HeLa,02,HeLa,#dc3cbe
9,Cell,25,25.0,236.0,323.0,-13.0,-18.0,15.556349186104043,109.50889546763972,22.20360331117452,15.556349186104043,135.0,DIC-C2DH-HeLa,02,HeLa,#dc3cbe
9,Cell,26,26.0,231.0,328.5,-18.0,-12.5,7.433034373659253,116.94192984129896,21.914607000811127,7.433034373659253,132.27368900609375,DIC-C2DH-HeLa,02,HeLa,#dc3cbe
9,Cell,27,27.0,232.5,327.0,-16.5,-14.0,2.1213203435596424,119.06325018485862,21.6390850083824,2.1213203435596424,-45.0,DIC-C2DH-HeLa,02,HeLa,#dc3cbe
9,Cell,28,28.0,234.0,327.0,-15.0,-14.0,1.5,120.56325018485862,20.518284528683196,1.5,0.0,DIC-C2DH-HeLa,02,HeLa,#dc3cbe
9,Cell,29,29.0,234.0,327.0,-15.0,-14.0,0.0,120.56325018485862,20.518284528683196,0.0,0.0,DIC-C2DH-HeLa,02,HeLa,#dc3cbe
9,Cell,30,30.0,234.0,327.0,-15.0,-14.0,0.0,120.56325018485862,20.518284528683196,0.0,0.0,DIC-C2DH-HeLa,02,HeLa,#dc3cbe
9,Cell,31,31.0,226.0,318.0,-23.0,-23.0,12.041594578792296,132.6048447636509,32.526911934581186,12.041594578792296,-131.6335393365702,DIC-C2DH-HeLa,02,HeLa,#dc3cbe
9,Cell,32,32.0,226.0,318.0,-23.0,-23.0,0.0,132.6048447636509,32.526911934581186,0.0,0.0,DIC-C2DH-HeLa,02,HeLa,#dc3cbe
9,Cell,33,33.0,226.0,318.0,-23.0,-23.0,0.0,132.6048447636509,32.526911934581186,0.0,0.0,DIC-C2DH-HeLa,02,HeLa,#dc3cbe
9,Cell,34,34.0,243.0,316.0,-6.0,-25.0,17.11724276862369,149.7220875322746,25.70992026436488,17.11724276862369,-6.709836807756933,DIC-C2DH-HeLa,02,HeLa,#dc3cbe
9,Cell,35,35.0,243.0,316.0,-6.0,-25.0,0.0,149.7220875322746,25.70992026436488,0.0,0.0,DIC-C2DH-HeLa,02,HeLa,#dc3cbe
9,Cell,36,36.0,244.0,316.0,-5.0,-25.0,1.0,150.7220875322746,25.495097567963924,1.0,0.0,DIC-C2DH-HeLa,02,HeLa,#dc3cbe
9,Cell,37,37.0,248.0,320.5,-1.0,-20.5,6.020797289396148,156.74288482167074,20.524375751773796,6.020797289396148,48.36646066342981,DIC-C2DH-HeLa,02,HeLa,#dc3cbe
9,Cell,38,38.0,250.0,325.5,1.0,-15.5,5.385164807134504,162.12804962880526,15.532224567009068,5.385164807134504,68.19859051364818,DIC-C2DH-HeLa,02,HeLa,#dc3cbe
9,Cell,39,39.0,250.0,327.0,1.0,-14.0,1.5,163.62804962880526,14.0356688476182,1.5,90.0,DIC-C2DH-HeLa,02,HeLa,#dc3cbe
9,Cell,40,40.0,234.0685279187817,320.39086294416245,-14.93147208121826,-20.60913705583755,17.24797075883079,180.8760203876361,25.44966382289748,17.24797075883079,-157.46898676233053,DIC-C2DH-HeLa,02,HeLa,#dc3cbe
9,Cell,41,41.0,237.0,321.0,-12.0,-20.0,2.994090265131724,183.87011065276775,23.323807579381203,2.994090265131724,11.73857120672213,DIC-C2DH-HeLa,02,HeLa,#dc3cbe
9,Cell,42,42.0,237.0,321.0,-12.0,-20.0,0.0,183.87011065276775,23.323807579381203,0.0,0.0,DIC-C2DH-HeLa,02,HeLa,#dc3cbe
9,Cell,43,43.0,239.5,311.0,-9.5,-30.0,10.307764064044152,194.17787471681197,31.468237955119125,10.307764064044152,-75.96375653207353,DIC-C2DH-HeLa,02,HeLa,#dc3cbe
9,Cell,44,44.0,240.0,311.0,-9.0,-30.0,0.5,194.67787471681197,31.32091952673165,0.5,0.0,DIC-C2DH-HeLa,02,HeLa,#dc3cbe
9,Cell,45,45.0,244.0,311.0,-5.0,-30.0,4.0,198.67787471681197,30.4138126514911,4.0,0.0,DIC-C2DH-HeLa,02,HeLa,#dc3cbe
9,Cell,46,46.0,244.0,311.0,-5.0,-30.0,0.0,198.67787471681197,30.4138126514911,0.0,0.0,DIC-C2DH-HeLa,02,HeLa,#dc3cbe
9,Cell,47,47.0,245.0,315.0,-4.0,-26.0,4.123105625617661,202.8009803424296,26.30589287593181,4.123105625617661,75.96375653207353,DIC-C2DH-HeLa,02,HeLa,#dc3cbe
9,Cell,48,48.0,246.0,315.0,-3.0,-26.0,1.0,203.8009803424296,26.1725046566048,1.0,0.0,DIC-C2DH-HeLa,02,HeLa,#dc3cbe
9,Cell,49,49.0,251.0,310.0,2.0,-31.0,7.071067811865476,210.87204815429507,31.064449134018133,7.071067811865476,-45.0,DIC-C2DH-HeLa,02,HeLa,#dc3cbe
9,Cell,50,50.0,248.0,310.0,-1.0,-31.0,3.0,213.87204815429507,31.016124838541646,3.0,180.0,DIC-C2DH-HeLa,02,HeLa,#dc3cbe
9,Cell,51,51.0,233.0,309.0,-16.0,-32.0,15.033296378372908,228.905344532668,35.77708763999664,15.033296378372908,-176.18592516570965,DIC-C2DH-HeLa,02,HeLa,#dc3cbe
9,Cell,52,52.0,231.0,310.0,-18.0,-31.0,2.23606797749979,231.14141251016775,35.84689665786984,2.23606797749979,153.43494882292202,DIC-C2DH-HeLa,02,HeLa,#dc3cbe
9,Cell,53,53.0,227.0,310.0,-22.0,-31.0,4.0,235.14141251016775,38.01315561749642,4.0,180.0,DIC-C2DH-HeLa,02,HeLa,#dc3cbe
9,Cell,54,54.0,227.0,310.0,-22.0,-31.0,0.0,235.14141251016775,38.01315561749642,0.0,0.0,DIC-C2DH-HeLa,02,HeLa,#dc3cbe
9,Cell,55,55.0,227.0,310.0,-22.0,-31.0,0.0,235.14141251016775,38.01315561749642,0.0,0.0,DIC-C2DH-HeLa,02,HeLa,#dc3cbe
9,Cell,56,56.0,227.0,310.0,-22.0,-31.0,0.0,235.14141251016775,38.01315561749642,0.0,0.0,DIC-C2DH-HeLa,02,HeLa,#dc3cbe
9,Cell,57,57.0,229.0,310.0,-20.0,-31.0,2.0,237.14141251016775,36.89173349139343,2.0,0.0,DIC-C2DH-HeLa,02,HeLa,#dc3cbe
9,Cell,58,58.0,229.0,310.0,-20.0,-31.0,0.0,237.14141251016775,36.89173349139343,0.0,0.0,DIC-C2DH-HeLa,02,HeLa,#dc3cbe
9,Cell,59,59.0,229.0,310.0,-20.0,-31.0,0.0,237.14141251016775,36.89173349139343,0.0,0.0,DIC-C2DH-HeLa,02,HeLa,#dc3cbe
9,Cell,60,60.0,229.0,310.0,-20.0,-31.0,0.0,237.14141251016775,36.89173349139343,0.0,0.0,DIC-C2DH-HeLa,02,HeLa,#dc3cbe
9,Cell,61,61.0,226.0,320.0,-23.0,-21.0,10.44030650891055,247.58171901907832,31.144823004794876,10.44030650891055,106.69924423399362,DIC-C2DH-HeLa,02,HeLa,#dc3cbe
9,Cell,62,62.0,227.0,326.0,-22.0,-15.0,6.082762530298219,253.66448154937652,26.627053911388696,6.082762530298219,80.53767779197439,DIC-C2DH-HeLa,02,HeLa,#dc3cbe
9,Cell,63,63.0,227.0,326.0,-22.0,-15.0,0.0,253.66448154937652,26.627053911388696,0.0,0.0,DIC-C2DH-HeLa,02,HeLa,#dc3cbe
9,Cell,64,64.0,227.0,326.0,-22.0,-15.0,0.0,253.66448154937652,26.627053911388696,0.0,0.0,DIC-C2DH-HeLa,02,HeLa,#dc3cbe
9,Cell,65,65.0,219.0,326.0,-30.0,-15.0,8.0,261.66448154937655,33.54101966249684,8.0,180.0,DIC-C2DH-HeLa,02,HeLa,#dc3cbe
9,Cell,66,66.0,219.0,326.0,-30.0,-15.0,0.0,261.66448154937655,33.54101966249684,0.0,0.0,DIC-C2DH-HeLa,02,HeLa,#dc3cbe
9,Cell,67,67.0,223.0,321.0,-26.0,-20.0,6.4031242374328485,268.0676057868094,32.802438933713454,6.4031242374328485,-51.34019174590991,DIC-C2DH-HeLa,02,HeLa,#dc3cbe
9,Cell,68,68.0,223.0,321.0,-26.0,-20.0,0.0,268.0676057868094,32.802438933713454,0.0,0.0,DIC-C2DH-HeLa,02,HeLa,#dc3cbe
9,Cell,69,69.0,224.0,321.0,-25.0,-20.0,1.0,269.0676057868094,32.01562118716424,1.0,0.0,DIC-C2DH-HeLa,02,HeLa,#dc3cbe
9,Cell,70,70.0,221.0,321.0,-28.0,-20.0,3.0,272.0676057868094,34.40930106817051,3.0,180.0,DIC-C2DH-HeLa,02,HeLa,#dc3cbe
9,Cell,71,71.0,221.0,321.0,-28.0,-20.0,0.0,272.0676057868094,34.40930106817051,0.0,0.0,DIC-C2DH-HeLa,02,HeLa,#dc3cbe
9,Cell,72,72.0,219.0,321.0,-30.0,-20.0,2.0,274.0676057868094,36.05551275463989,2.0,180.0,DIC-C2DH-HeLa,02,HeLa,#dc3cbe
9,Cell,73,73.0,205.0,327.0,-44.0,-14.0,15.231546211727816,289.29915199853724,46.17358552246078,15.231546211727816,156.80140948635182,DIC-C2DH-HeLa,02,HeLa,#dc3cbe
9,Cell,74,74.0,205.0,327.0,-44.0,-14.0,0.0,289.29915199853724,46.17358552246078,0.0,0.0,DIC-C2DH-HeLa,02,HeLa,#dc3cbe
9,Cell,75,75.0,215.0,324.0,-34.0,-17.0,10.44030650891055,299.7394585074478,38.01315561749642,10.44030650891055,-16.69924423399362,DIC-C2DH-HeLa,02,HeLa,#dc3cbe
9,Cell,76,76.0,221.0,330.0,-28.0,-11.0,8.48528137423857,308.2247398816864,30.083217912982647,8.48528137423857,45.0,DIC-C2DH-HeLa,02,HeLa,#dc3cbe
9,Cell,77,77.0,218.0,339.0,-31.0,-2.0,9.486832980505138,317.7115728621916,31.064449134018133,9.486832980505138,108.434948822922,DIC-C2DH-HeLa,02,HeLa,#dc3cbe
26,Cell,0,0.0,206.0,458.0,0.0,0.0,0.0,0.0,0.0,0.0,0.0,DIC-C2DH-HeLa,02,HeLa,#dc3cbe
26,Cell,1,1.0,206.0,458.0,0.0,0.0,0.0,0.0,0.0,0.0,0.0,DIC-C2DH-HeLa,02,HeLa,#dc3cbe
26,Cell,2,2.0,186.5,458.0,-19.5,0.0,19.5,19.5,19.5,19.5,180.0,DIC-C2DH-HeLa,02,HeLa,#dc3cbe
26,Cell,3,3.0,188.0,460.0,-18.0,2.0,2.5,22.0,18.110770276274835,2.5,53.13010235415598,DIC-C2DH-HeLa,02,HeLa,#dc3cbe
26,Cell,4,4.0,188.0,460.5,-18.0,2.5,0.5,22.5,18.172781845386247,0.5,90.0,DIC-C2DH-HeLa,02,HeLa,#dc3cbe
26,Cell,5,5.0,197.5,461.0,-8.5,3.0,9.513148795220223,32.013148795220225,9.013878188659971,9.513148795220223,3.0127875041833403,DIC-C2DH-HeLa,02,HeLa,#dc3cbe
26,Cell,6,6.0,198.0,464.0,-8.0,6.0,3.0413812651491097,35.05453006036934,10.0,3.0413812651491097,80.53767779197439,DIC-C2DH-HeLa,02,HeLa,#dc3cbe
26,Cell,7,7.0,208.0,451.0,2.0,-7.0,16.401219466856727,51.45574952722606,7.280109889280518,16.401219466856727,-52.43140797117251,DIC-C2DH-HeLa,02,HeLa,#dc3cbe
26,Cell,8,8.0,197.0,454.0,-9.0,-4.0,11.40175425099138,62.85750377821744,9.848857801796104,11.40175425099138,164.74488129694225,DIC-C2DH-HeLa,02,HeLa,#dc3cbe
26,Cell,9,9.0,197.0,454.0,-9.0,-4.0,0.0,62.85750377821744,9.848857801796104,0.0,0.0,DIC-C2DH-HeLa,02,HeLa,#dc3cbe
26,Cell,10,10.0,197.0,454.0,-9.0,-4.0,0.0,62.85750377821744,9.848857801796104,0.0,0.0,DIC-C2DH-HeLa,02,HeLa,#dc3cbe
26,Cell,11,11.0,197.0,454.0,-9.0,-4.0,0.0,62.85750377821744,9.848857801796104,0.0,0.0,DIC-C2DH-HeLa,02,HeLa,#dc3cbe
26,Cell,12,12.0,198.5,454.0,-7.5,-4.0,1.5,64.35750377821745,8.5,1.5,0.0,DIC-C2DH-HeLa,02,HeLa,#dc3cbe
26,Cell,13,13.0,208.0,456.0,2.0,-2.0,9.7082439194738,74.06574769769125,2.8284271247461903,9.7082439194738,11.888658039627972,DIC-C2DH-HeLa,02,HeLa,#dc3cbe
26,Cell,14,14.0,208.0,456.0,2.0,-2.0,0.0,74.06574769769125,2.8284271247461903,0.0,0.0,DIC-C2DH-HeLa,02,HeLa,#dc3cbe
26,Cell,15,15.0,198.0,453.0,-8.0,-5.0,10.44030650891055,84.5060542066018,9.433981132056603,10.44030650891055,-163.30075576600638,DIC-C2DH-HeLa,02,HeLa,#dc3cbe
26,Cell,16,16.0,201.0,453.0,-5.0,-5.0,3.0,87.5060542066018,7.071067811865476,3.0,0.0,DIC-C2DH-HeLa,02,HeLa,#dc3cbe
26,Cell,17,17.0,207.0,455.0,1.0,-3.0,6.324555320336759,93.83060952693856,3.1622776601683795,6.324555320336759,18.43494882292201,DIC-C2DH-HeLa,02,HeLa,#dc3cbe
26,Cell,18,18.0,221.0,446.0,15.0,-12.0,16.64331697709324,110.4739265040318,19.209372712298546,16.64331697709324,-32.7352262721076,DIC-C2DH-HeLa,02,HeLa,#dc3cbe
26,Cell,19,19.0,226.5,447.0,20.5,-11.0,5.5901699437494745,116.06409644778128,23.264780248263683,5.5901699437494745,10.304846468766032,DIC-C2DH-HeLa,02,HeLa,#dc3cbe
26,Cell,20,20.0,227.0,447.0,21.0,-11.0,0.5,116.56409644778128,23.706539182259394,0.5,0.0,DIC-C2DH-HeLa,02,HeLa,#dc3cbe
26,Cell,21,21.0,227.0,447.0,21.0,-11.0,0.0,116.56409644778128,23.706539182259394,0.0,0.0,DIC-C2DH-HeLa,02,HeLa,#dc3cbe
26,Cell,22,22.0,226.0,447.0,20.0,-11.0,1.0,117.56409644778128,22.825424421026653,1.0,180.0,DIC-C2DH-HeLa,02,HeLa,#dc3cbe
26,Cell,23,23.0,226.0,447.0,20.0,-11.0,0.0,117.56409644778128,22.825424421026653,0.0,0.0,DIC-C2DH-HeLa,02,HeLa,#dc3cbe
26,Cell,24,24.0,226.0,448.0,20.0,-10.0,1.0,118.56409644778128,22.360679774997894,1.0,90.0,DIC-C2DH-HeLa,02,HeLa,#dc3cbe
26,Cell,25,25.0,221.0,448.0,15.0,-10.0,5.0,123.56409644778128,18.027756377319943,5.0,180.0,DIC-C2DH-HeLa,02,HeLa,#dc3cbe
26,Cell,26,26.0,221.0,448.0,15.0,-10.0,0.0,123.56409644778128,18.027756377319943,0.0,0.0,DIC-C2DH-HeLa,02,HeLa,#dc3cbe
26,Cell,27,27.0,219.0,457.0,13.0,-1.0,9.219544457292889,132.78364090507415,13.038404810405298,9.219544457292889,102.52880770915152,DIC-C2DH-HeLa,02,HeLa,#dc3cbe
26,Cell,28,28.0,221.0,448.0,15.0,-10.0,9.219544457292889,142.00318536236705,18.027756377319943,9.219544457292889,-77.47119229084849,DIC-C2DH-HeLa,02,HeLa,#dc3cbe
26,Cell,29,29.0,219.0,449.0,13.0,-9.0,2.23606797749979,144.23925333986685,15.811388300841896,2.23606797749979,153.43494882292202,DIC-C2DH-HeLa,02,HeLa,#dc3cbe
26,Cell,30,30.0,219.0,449.0,13.0,-9.0,0.0,144.23925333986685,15.811388300841896,0.0,0.0,DIC-C2DH-HeLa,02,HeLa,#dc3cbe
26,Cell,31,31.0,219.0,449.0,13.0,-9.0,0.0,144.23925333986685,15.811388300841896,0.0,0.0,DIC-C2DH-HeLa,02,HeLa,#dc3cbe
26,Cell,32,32.0,219.0,449.0,13.0,-9.0,0.0,144.23925333986685,15.811388300841896,0.0,0.0,DIC-C2DH-HeLa,02,HeLa,#dc3cbe
26,Cell,33,33.0,219.0,449.0,13.0,-9.0,0.0,144.23925333986685,15.811388300841896,0.0,0.0,DIC-C2DH-HeLa,02,HeLa,#dc3cbe
26,Cell,34,34.0,219.0,449.0,13.0,-9.0,0.0,144.23925333986685,15.811388300841896,0.0,0.0,DIC-C2DH-HeLa,02,HeLa,#dc3cbe
26,Cell,35,35.0,219.0,449.0,13.0,-9.0,0.0,144.23925333986685,15.811388300841896,0.0,0.0,DIC-C2DH-HeLa,02,HeLa,#dc3cbe
26,Cell,36,36.0,219.0,449.0,13.0,-9.0,0.0,144.23925333986685,15.811388300841896,0.0,0.0,DIC-C2DH-HeLa,02,HeLa,#dc3cbe
26,Cell,37,37.0,219.0,449.0,13.0,-9.0,0.0,144.23925333986685,15.811388300841896,0.0,0.0,DIC-C2DH-HeLa,02,HeLa,#dc3cbe
26,Cell,38,38.0,219.0,449.0,13.0,-9.0,0.0,144.23925333986685,15.811388300841896,0.0,0.0,DIC-C2DH-HeLa,02,HeLa,#dc3cbe
26,Cell,39,39.0,204.0,453.0,-2.0,-5.0,15.524174696260024,159.76342803612687,5.385164807134504,15.524174696260024,165.06858282186246,DIC-C2DH-HeLa,02,HeLa,#dc3cbe
26,Cell,40,40.0,191.0,453.0,-15.0,-5.0,13.0,172.76342803612687,15.811388300841896,13.0,180.0,DIC-C2DH-HeLa,02,HeLa,#dc3cbe
26,Cell,41,41.0,191.0,453.0,-15.0,-5.0,0.0,172.76342803612687,15.811388300841896,0.0,0.0,DIC-C2DH-HeLa,02,HeLa,#dc3cbe
26,Cell,42,42.0,183.0,453.0,-23.0,-5.0,8.0,180.76342803612687,23.53720459187964,8.0,180.0,DIC-C2DH-HeLa,02,HeLa,#dc3cbe
26,Cell,43,43.0,180.0,453.0,-26.0,-5.0,3.0,183.76342803612687,26.476404589747453,3.0,180.0,DIC-C2DH-HeLa,02,HeLa,#dc3cbe
26,Cell,44,44.0,176.0,453.0,-30.0,-5.0,4.0,187.76342803612687,30.4138126514911,4.0,180.0,DIC-C2DH-HeLa,02,HeLa,#dc3cbe
26,Cell,45,45.0,176.0,453.0,-30.0,-5.0,0.0,187.76342803612687,30.4138126514911,0.0,0.0,DIC-C2DH-HeLa,02,HeLa,#dc3cbe
26,Cell,46,46.0,176.0,453.0,-30.0,-5.0,0.0,187.76342803612687,30.4138126514911,0.0,0.0,DIC-C2DH-HeLa,02,HeLa,#dc3cbe
26,Cell,47,47.0,176.0,453.0,-30.0,-5.0,0.0,187.76342803612687,30.4138126514911,0.0,0.0,DIC-C2DH-HeLa,02,HeLa,#dc3cbe
26,Cell,48,48.0,179.0,441.0,-27.0,-17.0,12.36931687685298,200.13274491297983,31.906112267087632,12.36931687685298,-75.96375653207353,DIC-C2DH-HeLa,02,HeLa,#dc3cbe
26,Cell,49,49.0,179.0,441.0,-27.0,-17.0,0.0,200.13274491297983,31.906112267087632,0.0,0.0,DIC-C2DH-HeLa,02,HeLa,#dc3cbe
26,Cell,50,50.0,163.0,442.0,-43.0,-16.0,16.0312195418814,216.1639644548613,45.880278987817846,16.0312195418814,176.42366562500266,DIC-C2DH-HeLa,02,HeLa,#dc3cbe
26,Cell,51,51.0,163.0,444.5,-43.0,-13.5,2.5,218.6639644548613,45.069390943299865,2.5,90.0,DIC-C2DH-HeLa,02,HeLa,#dc3cbe
26,Cell,52,52.0,163.0,446.0,-43.0,-12.0,1.5,220.1639644548613,44.64302857109943,1.5,90.0,DIC-C2DH-HeLa,02,HeLa,#dc3cbe
26,Cell,53,53.0,163.0,449.0,-43.0,-9.0,3.0,223.1639644548613,43.93176527297759,3.0,90.0,DIC-C2DH-HeLa,02,HeLa,#dc3cbe
26,Cell,54,54.0,162.0,450.0,-44.0,-8.0,1.4142135623730951,224.5781780172344,44.7213595499958,1.4142135623730951,135.0,DIC-C2DH-HeLa,02,HeLa,#dc3cbe
26,Cell,55,55.0,162.0,456.0,-44.0,-2.0,6.0,230.5781780172344,44.04543109109048,6.0,90.0,DIC-C2DH-HeLa,02,HeLa,#dc3cbe
26,Cell,56,56.0,148.0,459.0,-58.0,1.0,14.317821063276352,244.8959990805107,58.00862004909271,14.317821063276352,167.90524292298792,DIC-C2DH-HeLa,02,HeLa,#dc3cbe
26,Cell,57,57.0,146.0,456.0,-60.0,-2.0,3.605551275463989,248.5015503559747,60.03332407921454,3.605551275463989,-123.6900675259798,DIC-C2DH-HeLa,02,HeLa,#dc3cbe
26,Cell,58,58.0,141.0,452.0,-65.0,-6.0,6.4031242374328485,254.90467459340755,65.27633568147036,6.4031242374328485,-141.34019174590992,DIC-C2DH-HeLa,02,HeLa,#dc3cbe
26,Cell,59,59.0,141.0,452.0,-65.0,-6.0,0.0,254.90467459340755,65.27633568147036,0.0,0.0,DIC-C2DH-HeLa,02,HeLa,#dc3cbe
26,Cell,60,60.0,137.0,452.0,-69.0,-6.0,4.0,258.90467459340755,69.26037828369117,4.0,180.0,DIC-C2DH-HeLa,02,HeLa,#dc3cbe
26,Cell,61,61.0,136.0,452.0,-70.0,-6.0,1.0,259.90467459340755,70.25667228100119,1.0,180.0,DIC-C2DH-HeLa,02,HeLa,#dc3cbe
26,Cell,62,62.0,136.0,452.0,-70.0,-6.0,0.0,259.90467459340755,70.25667228100119,0.0,0.0,DIC-C2DH-HeLa,02,HeLa,#dc3cbe
26,Cell,63,63.0,136.0,452.0,-70.0,-6.0,0.0,259.90467459340755,70.25667228100119,0.0,0.0,DIC-C2DH-HeLa,02,HeLa,#dc3cbe
26,Cell,64,64.0,136.0,452.0,-70.0,-6.0,0.0,259.90467459340755,70.25667228100119,0.0,0.0,DIC-C2DH-HeLa,02,HeLa,#dc3cbe
26,Cell,65,65.0,136.0,452.0,-70.0,-6.0,0.0,259.90467459340755,70.25667228100119,0.0,0.0,DIC-C2DH-HeLa,02,HeLa,#dc3cbe
26,Cell,66,66.0,126.0,451.0,-80.0,-7.0,10.04987562112089,269.95455021452847,80.30566605165541,10.04987562112089,-174.28940686250036,DIC-C2DH-HeLa,02,HeLa,#dc3cbe
26,Cell,67,67.0,124.0,459.0,-82.0,1.0,8.246211251235321,278.2007614657638,82.00609733428362,8.246211251235321,104.0362434679265,DIC-C2DH-HeLa,02,HeLa,#dc3cbe
26,Cell,68,68.0,127.0,463.0,-79.0,5.0,5.0,283.2007614657638,79.1580697086532,5.0,53.13010235415598,DIC-C2DH-HeLa,02,HeLa,#dc3cbe
26,Cell,69,69.0,127.0,463.0,-79.0,5.0,0.0,283.2007614657638,79.1580697086532,0.0,0.0,DIC-C2DH-HeLa,02,HeLa,#dc3cbe
26,Cell,70,70.0,149.0,460.0,-57.0,2.0,22.20360331117452,305.4043647769383,57.0350769263968,22.20360331117452,-7.765166018425334,DIC-C2DH-HeLa,02,HeLa,#dc3cbe
26,Cell,71,71.0,144.0,462.0,-62.0,4.0,5.385164807134504,310.7895295840728,62.12889826803627,5.385164807134504,158.19859051364818,DIC-C2DH-HeLa,02,HeLa,#dc3cbe
26,Cell,72,72.0,126.0,462.0,-80.0,4.0,18.0,328.7895295840728,80.09993757800315,18.0,180.0,DIC-C2DH-HeLa,02,HeLa,#dc3cbe
26,Cell,73,73.0,117.0,462.0,-89.0,4.0,9.0,337.7895295840728,89.08984229416954,9.0,180.0,DIC-C2DH-HeLa,02,HeLa,#dc3cbe
18,Cell,0,0.0,389.0,169.0,0.0,0.0,0.0,0.0,0.0,0.0,0.0,DIC-C2DH-HeLa,02,HeLa,#dc3cbe
18,Cell,1,1.0,389.0,169.0,0.0,0.0,0.0,0.0,0.0,0.0,0.0,DIC-C2DH-HeLa,02,HeLa,#dc3cbe
18,Cell,2,2.0,389.0,169.0,0.0,0.0,0.0,0.0,0.0,0.0,0.0,DIC-C2DH-HeLa,02,HeLa,#dc3cbe
18,Cell,3,3.0,389.0,169.0,0.0,0.0,0.0,0.0,0.0,0.0,0.0,DIC-C2DH-HeLa,02,HeLa,#dc3cbe
18,Cell,4,4.0,389.0,169.0,0.0,0.0,0.0,0.0,0.0,0.0,0.0,DIC-C2DH-HeLa,02,HeLa,#dc3cbe
18,Cell,5,5.0,389.0,169.0,0.0,0.0,0.0,0.0,0.0,0.0,0.0,DIC-C2DH-HeLa,02,HeLa,#dc3cbe
18,Cell,6,6.0,389.0,169.0,0.0,0.0,0.0,0.0,0.0,0.0,0.0,DIC-C2DH-HeLa,02,HeLa,#dc3cbe
18,Cell,7,7.0,389.0,169.0,0.0,0.0,0.0,0.0,0.0,0.0,0.0,DIC-C2DH-HeLa,02,HeLa,#dc3cbe
18,Cell,8,8.0,389.5,169.0,0.5,0.0,0.5,0.5,0.5,0.5,0.0,DIC-C2DH-HeLa,02,HeLa,#dc3cbe
18,Cell,9,9.0,390.0,169.0,1.0,0.0,0.5,1.0,1.0,0.5,0.0,DIC-C2DH-HeLa,02,HeLa,#dc3cbe
18,Cell,10,10.0,391.0,166.0,2.0,-3.0,3.1622776601683795,4.16227766016838,3.605551275463989,3.1622776601683795,-71.56505117707799,DIC-C2DH-HeLa,02,HeLa,#dc3cbe
18,Cell,11,11.0,391.0,166.0,2.0,-3.0,0.0,4.16227766016838,3.605551275463989,0.0,0.0,DIC-C2DH-HeLa,02,HeLa,#dc3cbe
18,Cell,12,12.0,393.0,163.0,4.0,-6.0,3.605551275463989,7.7678289356323695,7.211102550927978,3.605551275463989,-56.309932474020215,DIC-C2DH-HeLa,02,HeLa,#dc3cbe
18,Cell,13,13.0,393.0,163.0,4.0,-6.0,0.0,7.7678289356323695,7.211102550927978,0.0,0.0,DIC-C2DH-HeLa,02,HeLa,#dc3cbe
18,Cell,14,14.0,394.0,163.0,5.0,-6.0,1.0,8.76782893563237,7.810249675906654,1.0,0.0,DIC-C2DH-HeLa,02,HeLa,#dc3cbe
18,Cell,15,15.0,396.0,162.0,7.0,-7.0,2.23606797749979,11.00389691313216,9.899494936611664,2.23606797749979,-26.56505117707799,DIC-C2DH-HeLa,02,HeLa,#dc3cbe
18,Cell,16,16.0,400.0,156.0,11.0,-13.0,7.211102550927978,18.21499946406014,17.029386365926403,7.211102550927978,-56.309932474020215,DIC-C2DH-HeLa,02,HeLa,#dc3cbe
18,Cell,17,17.0,402.0,155.0,13.0,-14.0,2.23606797749979,20.45106744155993,19.1049731745428,2.23606797749979,-26.56505117707799,DIC-C2DH-HeLa,02,HeLa,#dc3cbe
18,Cell,18,18.0,412.0,153.0,23.0,-16.0,10.198039027185567,30.649106468745497,28.0178514522438,10.198039027185567,-11.309932474020211,DIC-C2DH-HeLa,02,HeLa,#dc3cbe
18,Cell,19,19.0,412.0,153.0,23.0,-16.0,0.0,30.649106468745497,28.0178514522438,0.0,0.0,DIC-C2DH-HeLa,02,HeLa,#dc3cbe
18,Cell,20,20.0,412.0,153.0,23.0,-16.0,0.0,30.649106468745497,28.0178514522438,0.0,0.0,DIC-C2DH-HeLa,02,HeLa,#dc3cbe
18,Cell,21,21.0,412.0,152.5,23.0,-16.5,0.5,31.149106468745497,28.30635970943632,0.5,-90.0,DIC-C2DH-HeLa,02,HeLa,#dc3cbe
18,Cell,22,22.0,412.0,152.0,23.0,-17.0,0.5,31.649106468745497,28.600699292150185,0.5,-90.0,DIC-C2DH-HeLa,02,HeLa,#dc3cbe
18,Cell,23,23.0,412.0,152.0,23.0,-17.0,0.0,31.649106468745497,28.600699292150185,0.0,0.0,DIC-C2DH-HeLa,02,HeLa,#dc3cbe
18,Cell,24,24.0,412.0,152.0,23.0,-17.0,0.0,31.649106468745497,28.600699292150185,0.0,0.0,DIC-C2DH-HeLa,02,HeLa,#dc3cbe
18,Cell,25,25.0,412.0,152.0,23.0,-17.0,0.0,31.649106468745497,28.600699292150185,0.0,0.0,DIC-C2DH-HeLa,02,HeLa,#dc3cbe
18,Cell,26,26.0,412.0,152.0,23.0,-17.0,0.0,31.649106468745497,28.600699292150185,0.0,0.0,DIC-C2DH-HeLa,02,HeLa,#dc3cbe
18,Cell,27,27.0,412.0,151.5,23.0,-17.5,0.5,32.1491064687455,28.90069203323685,0.5,-90.0,DIC-C2DH-HeLa,02,HeLa,#dc3cbe
18,Cell,28,28.0,412.0,151.0,23.0,-18.0,0.5,32.6491064687455,29.206163733020468,0.5,-90.0,DIC-C2DH-HeLa,02,HeLa,#dc3cbe
18,Cell,29,29.0,412.0,151.0,23.0,-18.0,0.0,32.6491064687455,29.206163733020468,0.0,0.0,DIC-C2DH-HeLa,02,HeLa,#dc3cbe
18,Cell,30,30.0,412.0,151.0,23.0,-18.0,0.0,32.6491064687455,29.206163733020468,0.0,0.0,DIC-C2DH-HeLa,02,HeLa,#dc3cbe
18,Cell,31,31.0,412.0,151.0,23.0,-18.0,0.0,32.6491064687455,29.206163733020468,0.0,0.0,DIC-C2DH-HeLa,02,HeLa,#dc3cbe
18,Cell,32,32.0,412.0,151.0,23.0,-18.0,0.0,32.6491064687455,29.206163733020468,0.0,0.0,DIC-C2DH-HeLa,02,HeLa,#dc3cbe
18,Cell,33,33.0,412.0,151.0,23.0,-18.0,0.0,32.6491064687455,29.206163733020468,0.0,0.0,DIC-C2DH-HeLa,02,HeLa,#dc3cbe
18,Cell,34,34.0,412.0,151.0,23.0,-18.0,0.0,32.6491064687455,29.206163733020468,0.0,0.0,DIC-C2DH-HeLa,02,HeLa,#dc3cbe
18,Cell,35,35.0,412.0,151.0,23.0,-18.0,0.0,32.6491064687455,29.206163733020468,0.0,0.0,DIC-C2DH-HeLa,02,HeLa,#dc3cbe
18,Cell,36,36.0,412.0,151.0,23.0,-18.0,0.0,32.6491064687455,29.206163733020468,0.0,0.0,DIC-C2DH-HeLa,02,HeLa,#dc3cbe
18,Cell,37,37.0,412.0,151.0,23.0,-18.0,0.0,32.6491064687455,29.206163733020468,0.0,0.0,DIC-C2DH-HeLa,02,HeLa,#dc3cbe
18,Cell,38,38.0,412.0,151.0,23.0,-18.0,0.0,32.6491064687455,29.206163733020468,0.0,0.0,DIC-C2DH-HeLa,02,HeLa,#dc3cbe
18,Cell,39,39.0,412.0,151.0,23.0,-18.0,0.0,32.6491064687455,29.206163733020468,0.0,0.0,DIC-C2DH-HeLa,02,HeLa,#dc3cbe
18,Cell,40,40.0,412.0,152.0,23.0,-17.0,1.0,33.6491064687455,28.600699292150185,1.0,90.0,DIC-C2DH-HeLa,02,HeLa,#dc3cbe
18,Cell,41,41.0,412.0,152.0,23.0,-17.0,0.0,33.6491064687455,28.600699292150185,0.0,0.0,DIC-C2DH-HeLa,02,HeLa,#dc3cbe
18,Cell,42,42.0,420.0,155.0,31.0,-14.0,8.54400374531753,42.19311021406303,34.0147027033899,8.54400374531753,20.556045219583464,DIC-C2DH-HeLa,02,HeLa,#dc3cbe
18,Cell,43,43.0,420.0,155.0,31.0,-14.0,0.0,42.19311021406303,34.0147027033899,0.0,0.0,DIC-C2DH-HeLa,02,HeLa,#dc3cbe
18,Cell,44,44.0,427.0,148.0,38.0,-21.0,9.899494936611664,52.0926051506747,43.41658669218482,9.899494936611664,-45.0,DIC-C2DH-HeLa,02,HeLa,#dc3cbe
18,Cell,45,45.0,430.0,144.0,41.0,-25.0,5.0,57.0926051506747,48.02082881417188,5.0,-53.13010235415598,DIC-C2DH-HeLa,02,HeLa,#dc3cbe
18,Cell,46,46.0,430.0,144.0,41.0,-25.0,0.0,57.0926051506747,48.02082881417188,0.0,0.0,DIC-C2DH-HeLa,02,HeLa,#dc3cbe
18,Cell,47,47.0,434.0,141.0,45.0,-28.0,5.0,62.0926051506747,53.0,5.0,-36.86989764584402,DIC-C2DH-HeLa,02,HeLa,#dc3cbe
18,Cell,48,48.0,434.0,140.0,45.0,-29.0,1.0,63.0926051506747,53.53503525729669,1.0,-90.0,DIC-C2DH-HeLa,02,HeLa,#dc3cbe
18,Cell,49,49.0,432.0,135.0,43.0,-34.0,5.385164807134504,68.4777699578092,54.81788029466298,5.385164807134504,-111.80140948635182,DIC-C2DH-HeLa,02,HeLa,#dc3cbe
18,Cell,50,50.0,432.0,135.0,43.0,-34.0,0.0,68.4777699578092,54.81788029466298,0.0,0.0,DIC-C2DH-HeLa,02,HeLa,#dc3cbe
18,Cell,51,51.0,432.0,134.0,43.0,-35.0,1.0,69.4777699578092,55.44366510251645,1.0,-90.0,DIC-C2DH-HeLa,02,HeLa,#dc3cbe
18,Cell,52,52.0,435.0,124.0,46.0,-45.0,10.44030650891055,79.91807646671975,64.35060217278468,10.44030650891055,-73.30075576600638,DIC-C2DH-HeLa,02,HeLa,#dc3cbe
18,Cell,53,53.0,435.0,124.0,46.0,-45.0,0.0,79.91807646671975,64.35060217278468,0.0,0.0,DIC-C2DH-HeLa,02,HeLa,#dc3cbe
18,Cell,54,54.0,435.0,124.0,46.0,-45.0,0.0,79.91807646671975,64.35060217278468,0.0,0.0,DIC-C2DH-HeLa,02,HeLa,#dc3cbe
18,Cell,55,55.0,435.0,124.0,46.0,-45.0,0.0,79.91807646671975,64.35060217278468,0.0,0.0,DIC-C2DH-HeLa,02,HeLa,#dc3cbe
18,Cell,56,56.0,425.0,138.0,36.0,-31.0,17.204650534085253,97.122727000805,47.50789408087881,17.204650534085253,125.5376777919744,DIC-C2DH-HeLa,02,HeLa,#dc3cbe
18,Cell,57,57.0,421.0,141.0,32.0,-28.0,5.0,102.122727000805,42.5205832509386,5.0,143.13010235415598,DIC-C2DH-HeLa,02,HeLa,#dc3cbe
18,Cell,58,58.0,415.0,135.0,26.0,-34.0,8.48528137423857,110.60800837504358,42.80186911806539,8.48528137423857,-135.0,DIC-C2DH-HeLa,02,HeLa,#dc3cbe
18,Cell,59,59.0,415.0,116.0,26.0,-53.0,19.0,129.6080083750436,59.033888572581766,19.0,-90.0,DIC-C2DH-HeLa,02,HeLa,#dc3cbe
44,Cell,0,0.0,92.0,59.0,0.0,0.0,0.0,0.0,0.0,0.0,0.0,DIC-C2DH-HeLa,02,HeLa,#dc3cbe
44,Cell,1,1.0,92.0,59.0,0.0,0.0,0.0,0.0,0.0,0.0,0.0,DIC-C2DH-HeLa,02,HeLa,#dc3cbe
44,Cell,2,2.0,92.0,59.0,0.0,0.0,0.0,0.0,0.0,0.0,0.0,DIC-C2DH-HeLa,02,HeLa,#dc3cbe
44,Cell,3,3.0,92.0,59.5,0.0,0.5,0.5,0.5,0.5,0.5,90.0,DIC-C2DH-HeLa,02,HeLa,#dc3cbe
44,Cell,4,4.0,92.0,60.0,0.0,1.0,0.5,1.0,1.0,0.5,90.0,DIC-C2DH-HeLa,02,HeLa,#dc3cbe
44,Cell,5,5.0,92.0,60.0,0.0,1.0,0.0,1.0,1.0,0.0,0.0,DIC-C2DH-HeLa,02,HeLa,#dc3cbe
44,Cell,6,6.0,92.0,60.0,0.0,1.0,0.0,1.0,1.0,0.0,0.0,DIC-C2DH-HeLa,02,HeLa,#dc3cbe
44,Cell,7,7.0,92.0,60.0,0.0,1.0,0.0,1.0,1.0,0.0,0.0,DIC-C2DH-HeLa,02,HeLa,#dc3cbe
44,Cell,8,8.0,92.0,60.0,0.0,1.0,0.0,1.0,1.0,0.0,0.0,DIC-C2DH-HeLa,02,HeLa,#dc3cbe
44,Cell,9,9.0,92.0,60.0,0.0,1.0,0.0,1.0,1.0,0.0,0.0,DIC-C2DH-HeLa,02,HeLa,#dc3cbe
44,Cell,10,10.0,92.0,60.0,0.0,1.0,0.0,1.0,1.0,0.0,0.0,DIC-C2DH-HeLa,02,HeLa,#dc3cbe
44,Cell,11,11.0,92.0,60.0,0.0,1.0,0.0,1.0,1.0,0.0,0.0,DIC-C2DH-HeLa,02,HeLa,#dc3cbe
44,Cell,12,12.0,92.0,60.0,0.0,1.0,0.0,1.0,1.0,0.0,0.0,DIC-C2DH-HeLa,02,HeLa,#dc3cbe
44,Cell,13,13.0,92.0,60.0,0.0,1.0,0.0,1.0,1.0,0.0,0.0,DIC-C2DH-HeLa,02,HeLa,#dc3cbe
44,Cell,14,14.0,92.0,60.0,0.0,1.0,0.0,1.0,1.0,0.0,0.0,DIC-C2DH-HeLa,02,HeLa,#dc3cbe
44,Cell,15,15.0,92.0,60.0,0.0,1.0,0.0,1.0,1.0,0.0,0.0,DIC-C2DH-HeLa,02,HeLa,#dc3cbe
44,Cell,16,16.0,92.0,60.0,0.0,1.0,0.0,1.0,1.0,0.0,0.0,DIC-C2DH-HeLa,02,HeLa,#dc3cbe
44,Cell,17,17.0,92.0,60.0,0.0,1.0,0.0,1.0,1.0,0.0,0.0,DIC-C2DH-HeLa,02,HeLa,#dc3cbe
44,Cell,18,18.0,92.0,60.0,0.0,1.0,0.0,1.0,1.0,0.0,0.0,DIC-C2DH-HeLa,02,HeLa,#dc3cbe
44,Cell,19,19.0,92.0,60.0,0.0,1.0,0.0,1.0,1.0,0.0,0.0,DIC-C2DH-HeLa,02,HeLa,#dc3cbe
44,Cell,20,20.0,92.0,60.0,0.0,1.0,0.0,1.0,1.0,0.0,0.0,DIC-C2DH-HeLa,02,HeLa,#dc3cbe
44,Cell,21,21.0,92.0,60.0,0.0,1.0,0.0,1.0,1.0,0.0,0.0,DIC-C2DH-HeLa,02,HeLa,#dc3cbe
44,Cell,22,22.0,92.0,60.0,0.0,1.0,0.0,1.0,1.0,0.0,0.0,DIC-C2DH-HeLa,02,HeLa,#dc3cbe
44,Cell,23,23.0,92.0,60.0,0.0,1.0,0.0,1.0,1.0,0.0,0.0,DIC-C2DH-HeLa,02,HeLa,#dc3cbe
44,Cell,24,24.0,92.0,60.0,0.0,1.0,0.0,1.0,1.0,0.0,0.0,DIC-C2DH-HeLa,02,HeLa,#dc3cbe
44,Cell,25,25.0,92.0,60.0,0.0,1.0,0.0,1.0,1.0,0.0,0.0,DIC-C2DH-HeLa,02,HeLa,#dc3cbe
44,Cell,26,26.0,92.0,60.0,0.0,1.0,0.0,1.0,1.0,0.0,0.0,DIC-C2DH-HeLa,02,HeLa,#dc3cbe
44,Cell,27,27.0,92.0,60.0,0.0,1.0,0.0,1.0,1.0,0.0,0.0,DIC-C2DH-HeLa,02,HeLa,#dc3cbe
44,Cell,28,28.0,96.0,63.0,4.0,4.0,5.0,6.0,5.656854249492381,5.0,36.86989764584402,DIC-C2DH-HeLa,02,HeLa,#dc3cbe
44,Cell,29,29.0,96.0,63.0,4.0,4.0,0.0,6.0,5.656854249492381,0.0,0.0,DIC-C2DH-HeLa,02,HeLa,#dc3cbe
44,Cell,30,30.0,96.0,63.0,4.0,4.0,0.0,6.0,5.656854249492381,0.0,0.0,DIC-C2DH-HeLa,02,HeLa,#dc3cbe
44,Cell,31,31.0,96.0,63.0,4.0,4.0,0.0,6.0,5.656854249492381,0.0,0.0,DIC-C2DH-HeLa,02,HeLa,#dc3cbe
44,Cell,32,32.0,104.0,52.0,12.0,-7.0,13.601470508735444,19.60147050873545,13.892443989449804,13.601470508735444,-53.9726266148964,DIC-C2DH-HeLa,02,HeLa,#dc3cbe
44,Cell,33,33.0,123.0,59.0,31.0,0.0,20.248456731316587,39.84992724005203,31.0,20.248456731316587,20.22485943116808,DIC-C2DH-HeLa,02,HeLa,#dc3cbe
44,Cell,34,34.0,123.0,62.0,31.0,3.0,3.0,42.84992724005203,31.144823004794876,3.0,90.0,DIC-C2DH-HeLa,02,HeLa,#dc3cbe
44,Cell,35,35.0,122.0,67.0,30.0,8.0,5.0990195135927845,47.94894675364482,31.04834939252005,5.0990195135927845,101.3099324740202,DIC-C2DH-HeLa,02,HeLa,#dc3cbe
44,Cell,36,36.0,121.0,67.0,29.0,8.0,1.0,48.94894675364482,30.083217912982647,1.0,180.0,DIC-C2DH-HeLa,02,HeLa,#dc3cbe
44,Cell,37,37.0,121.0,67.0,29.0,8.0,0.0,48.94894675364482,30.083217912982647,0.0,0.0,DIC-C2DH-HeLa,02,HeLa,#dc3cbe
44,Cell,38,38.0,117.0,67.0,25.0,8.0,4.0,52.94894675364482,26.248809496813376,4.0,180.0,DIC-C2DH-HeLa,02,HeLa,#dc3cbe
44,Cell,39,39.0,117.0,67.0,25.0,8.0,0.0,52.94894675364482,26.248809496813376,0.0,0.0,DIC-C2DH-HeLa,02,HeLa,#dc3cbe
44,Cell,40,40.0,112.0,63.0,20.0,4.0,6.4031242374328485,59.35207099107767,20.396078054371134,6.4031242374328485,-141.34019174590992,DIC-C2DH-HeLa,02,HeLa,#dc3cbe
44,Cell,41,41.0,112.0,63.0,20.0,4.0,0.0,59.35207099107767,20.396078054371134,0.0,0.0,DIC-C2DH-HeLa,02,HeLa,#dc3cbe
44,Cell,42,42.0,112.0,63.0,20.0,4.0,0.0,59.35207099107767,20.396078054371134,0.0,0.0,DIC-C2DH-HeLa,02,HeLa,#dc3cbe
44,Cell,43,43.0,112.0,63.0,20.0,4.0,0.0,59.35207099107767,20.396078054371134,0.0,0.0,DIC-C2DH-HeLa,02,HeLa,#dc3cbe
44,Cell,44,44.0,112.0,63.0,20.0,4.0,0.0,59.35207099107767,20.396078054371134,0.0,0.0,DIC-C2DH-HeLa,02,HeLa,#dc3cbe
44,Cell,45,45.0,119.0,59.0,27.0,0.0,8.06225774829855,67.41432873937622,27.0,8.06225774829855,-29.744881296942225,DIC-C2DH-HeLa,02,HeLa,#dc3cbe
44,Cell,46,46.0,119.0,59.0,27.0,0.0,0.0,67.41432873937622,27.0,0.0,0.0,DIC-C2DH-HeLa,02,HeLa,#dc3cbe
44,Cell,47,47.0,120.0,59.0,28.0,0.0,1.0,68.41432873937622,28.0,1.0,0.0,DIC-C2DH-HeLa,02,HeLa,#dc3cbe
44,Cell,48,48.0,120.0,59.0,28.0,0.0,0.0,68.41432873937622,28.0,0.0,0.0,DIC-C2DH-HeLa,02,HeLa,#dc3cbe
44,Cell,49,49.0,120.0,59.0,28.0,0.0,0.0,68.41432873937622,28.0,0.0,0.0,DIC-C2DH-HeLa,02,HeLa,#dc3cbe
44,Cell,50,50.0,120.0,59.0,28.0,0.0,0.0,68.41432873937622,28.0,0.0,0.0,DIC-C2DH-HeLa,02,HeLa,#dc3cbe
44,Cell,51,51.0,120.0,59.0,28.0,0.0,0.0,68.41432873937622,28.0,0.0,0.0,DIC-C2DH-HeLa,02,HeLa,#dc3cbe
44,Cell,52,52.0,119.59913560237707,59.59913560237709,27.599135602377075,0.5991356023770891,0.7208715109624934,69.13520025033871,27.605638001474148,0.7208715109624934,123.78534206633265,DIC-C2DH-HeLa,02,HeLa,#dc3cbe
44,Cell,53,53.0,119.0,60.0,27.0,1.0,0.7208715109624735,69.85607176130118,27.018512172212592,0.7208715109624735,146.2146579336677,DIC-C2DH-HeLa,02,HeLa,#dc3cbe
44,Cell,54,54.0,119.0,60.0,27.0,1.0,0.0,69.85607176130118,27.018512172212592,0.0,0.0,DIC-C2DH-HeLa,02,HeLa,#dc3cbe
44,Cell,55,55.0,119.0,60.0,27.0,1.0,0.0,69.85607176130118,27.018512172212592,0.0,0.0,DIC-C2DH-HeLa,02,HeLa,#dc3cbe
44,Cell,56,56.0,118.0,60.0,26.0,1.0,1.0,70.85607176130118,26.019223662515376,1.0,180.0,DIC-C2DH-HeLa,02,HeLa,#dc3cbe
44,Cell,57,57.0,108.0,60.0,16.0,1.0,10.0,80.85607176130118,16.0312195418814,10.0,180.0,DIC-C2DH-HeLa,02,HeLa,#dc3cbe
45,Cell,0,0.0,43.0,75.0,0.0,0.0,0.0,0.0,0.0,0.0,0.0,DIC-C2DH-HeLa,02,HeLa,#dc3cbe
45,Cell,1,1.0,44.0,75.0,1.0,0.0,1.0,1.0,1.0,1.0,0.0,DIC-C2DH-HeLa,02,HeLa,#dc3cbe
45,Cell,2,2.0,45.0,75.0,2.0,0.0,1.0,2.0,2.0,1.0,0.0,DIC-C2DH-HeLa,02,HeLa,#dc3cbe
45,Cell,3,3.0,50.0,80.0,7.0,5.0,7.071067811865476,9.071067811865476,8.602325267042627,7.071067811865476,45.0,DIC-C2DH-HeLa,02,HeLa,#dc3cbe
45,Cell,4,4.0,53.0,85.0,10.0,10.0,5.830951894845301,14.902019706710776,14.142135623730953,5.830951894845301,59.03624346792648,DIC-C2DH-HeLa,02,HeLa,#dc3cbe
45,Cell,5,5.0,48.0,89.5,5.0,14.5,6.726812023536855,21.628831730247637,15.337861650177969,6.726812023536855,138.01278750418336,DIC-C2DH-HeLa,02,HeLa,#dc3cbe
45,Cell,6,6.0,48.0,90.0,5.0,15.0,0.5,22.128831730247637,15.811388300841896,0.5,90.0,DIC-C2DH-HeLa,02,HeLa,#dc3cbe
45,Cell,7,7.0,48.0,90.0,5.0,15.0,0.0,22.128831730247637,15.811388300841896,0.0,0.0,DIC-C2DH-HeLa,02,HeLa,#dc3cbe
45,Cell,8,8.0,49.0,90.0,6.0,15.0,1.0,23.128831730247637,16.15549442140351,1.0,0.0,DIC-C2DH-HeLa,02,HeLa,#dc3cbe
45,Cell,9,9.0,51.0,78.5,8.0,3.5,11.672617529928752,34.80144926017638,8.73212459828649,11.672617529928752,-80.13419305691563,DIC-C2DH-HeLa,02,HeLa,#dc3cbe
45,Cell,10,10.0,52.0,80.0,9.0,5.0,1.8027756377319943,36.60422489790838,10.295630140987,1.8027756377319943,56.309932474020215,DIC-C2DH-HeLa,02,HeLa,#dc3cbe
45,Cell,11,11.0,52.0,81.0,9.0,6.0,1.0,37.60422489790838,10.816653826391969,1.0,90.0,DIC-C2DH-HeLa,02,HeLa,#dc3cbe
45,Cell,12,12.0,52.0,82.0,9.0,7.0,1.0,38.60422489790838,11.40175425099138,1.0,90.0,DIC-C2DH-HeLa,02,HeLa,#dc3cbe
45,Cell,13,13.0,52.0,86.5,9.0,11.5,4.5,43.10422489790838,14.603081866510234,4.5,90.0,DIC-C2DH-HeLa,02,HeLa,#dc3cbe
45,Cell,14,14.0,48.0,93.0,5.0,18.0,7.632168761236874,50.73639365914526,18.68154169226941,7.632168761236874,121.60750224624891,DIC-C2DH-HeLa,02,HeLa,#dc3cbe
45,Cell,15,15.0,49.0,66.0,6.0,-9.0,27.018512172212592,77.75490583135785,10.816653826391969,27.018512172212592,-87.87890360333854,DIC-C2DH-HeLa,02,HeLa,#dc3cbe
45,Cell,16,16.0,49.0,85.0,6.0,10.0,19.0,96.75490583135785,11.6619037896906,19.0,90.0,DIC-C2DH-HeLa,02,HeLa,#dc3cbe
45,Cell,17,17.0,49.0,85.0,6.0,10.0,0.0,96.75490583135785,11.6619037896906,0.0,0.0,DIC-C2DH-HeLa,02,HeLa,#dc3cbe
45,Cell,18,18.0,56.0,93.0,13.0,18.0,10.63014581273465,107.3850516440925,22.20360331117452,10.63014581273465,48.81407483429036,DIC-C2DH-HeLa,02,HeLa,#dc3cbe
45,Cell,19,19.0,56.0,93.0,13.0,18.0,0.0,107.3850516440925,22.20360331117452,0.0,0.0,DIC-C2DH-HeLa,02,HeLa,#dc3cbe
45,Cell,20,20.0,56.0,93.0,13.0,18.0,0.0,107.3850516440925,22.20360331117452,0.0,0.0,DIC-C2DH-HeLa,02,HeLa,#dc3cbe
45,Cell,21,21.0,56.0,93.0,13.0,18.0,0.0,107.3850516440925,22.20360331117452,0.0,0.0,DIC-C2DH-HeLa,02,HeLa,#dc3cbe
45,Cell,22,22.0,56.0,93.0,13.0,18.0,0.0,107.3850516440925,22.20360331117452,0.0,0.0,DIC-C2DH-HeLa,02,HeLa,#dc3cbe
45,Cell,23,23.0,56.0,93.0,13.0,18.0,0.0,107.3850516440925,22.20360331117452,0.0,0.0,DIC-C2DH-HeLa,02,HeLa,#dc3cbe
45,Cell,24,24.0,56.0,93.0,13.0,18.0,0.0,107.3850516440925,22.20360331117452,0.0,0.0,DIC-C2DH-HeLa,02,HeLa,#dc3cbe
45,Cell,25,25.0,56.0,93.0,13.0,18.0,0.0,107.3850516440925,22.20360331117452,0.0,0.0,DIC-C2DH-HeLa,02,HeLa,#dc3cbe
45,Cell,26,26.0,56.0,93.0,13.0,18.0,0.0,107.3850516440925,22.20360331117452,0.0,0.0,DIC-C2DH-HeLa,02,HeLa,#dc3cbe
45,Cell,27,27.0,56.0,93.0,13.0,18.0,0.0,107.3850516440925,22.20360331117452,0.0,0.0,DIC-C2DH-HeLa,02,HeLa,#dc3cbe
45,Cell,28,28.0,56.0,93.0,13.0,18.0,0.0,107.3850516440925,22.20360331117452,0.0,0.0,DIC-C2DH-HeLa,02,HeLa,#dc3cbe
45,Cell,29,29.0,57.0,94.0,14.0,19.0,1.4142135623730951,108.7992652064656,23.600847442411894,1.4142135623730951,45.0,DIC-C2DH-HeLa,02,HeLa,#dc3cbe
45,Cell,30,30.0,57.0,84.0,14.0,9.0,10.0,118.7992652064656,16.64331697709324,10.0,-90.0,DIC-C2DH-HeLa,02,HeLa,#dc3cbe
45,Cell,31,31.0,57.0,84.0,14.0,9.0,0.0,118.7992652064656,16.64331697709324,0.0,0.0,DIC-C2DH-HeLa,02,HeLa,#dc3cbe
45,Cell,32,32.0,61.0,87.0,18.0,12.0,5.0,123.7992652064656,21.633307652783937,5.0,36.86989764584402,DIC-C2DH-HeLa,02,HeLa,#dc3cbe
45,Cell,33,33.0,61.0,87.0,18.0,12.0,0.0,123.7992652064656,21.633307652783937,0.0,0.0,DIC-C2DH-HeLa,02,HeLa,#dc3cbe
45,Cell,34,34.0,59.0,84.0,16.0,9.0,3.605551275463989,127.4048164819296,18.35755975068582,3.605551275463989,-123.6900675259798,DIC-C2DH-HeLa,02,HeLa,#dc3cbe
45,Cell,35,35.0,59.0,84.0,16.0,9.0,0.0,127.4048164819296,18.35755975068582,0.0,0.0,DIC-C2DH-HeLa,02,HeLa,#dc3cbe
45,Cell,36,36.0,54.0,80.0,11.0,5.0,6.4031242374328485,133.80794071936242,12.083045973594572,6.4031242374328485,-141.34019174590992,DIC-C2DH-HeLa,02,HeLa,#dc3cbe
45,Cell,37,37.0,54.0,80.0,11.0,5.0,0.0,133.80794071936242,12.083045973594572,0.0,0.0,DIC-C2DH-HeLa,02,HeLa,#dc3cbe
45,Cell,38,38.0,54.0,80.0,11.0,5.0,0.0,133.80794071936242,12.083045973594572,0.0,0.0,DIC-C2DH-HeLa,02,HeLa,#dc3cbe
45,Cell,39,39.0,54.0,80.0,11.0,5.0,0.0,133.80794071936242,12.083045973594572,0.0,0.0,DIC-C2DH-HeLa,02,HeLa,#dc3cbe
45,Cell,40,40.0,54.0,80.0,11.0,5.0,0.0,133.80794071936242,12.083045973594572,0.0,0.0,DIC-C2DH-HeLa,02,HeLa,#dc3cbe
45,Cell,41,41.0,55.0,80.0,12.0,5.0,1.0,134.80794071936242,13.0,1.0,0.0,DIC-C2DH-HeLa,02,HeLa,#dc3cbe
45,Cell,42,42.0,57.0,82.0,14.0,7.0,2.8284271247461903,137.6363678441086,15.652475842498529,2.8284271247461903,45.0,DIC-C2DH-HeLa,02,HeLa,#dc3cbe
45,Cell,43,43.0,57.0,82.0,14.0,7.0,0.0,137.6363678441086,15.652475842498529,0.0,0.0,DIC-C2DH-HeLa,02,HeLa,#dc3cbe
45,Cell,44,44.0,57.0,82.0,14.0,7.0,0.0,137.6363678441086,15.652475842498529,0.0,0.0,DIC-C2DH-HeLa,02,HeLa,#dc3cbe
45,Cell,45,45.0,59.0,98.0,16.0,23.0,16.1245154965971,153.7608833407057,28.0178514522438,16.1245154965971,82.87498365109819,DIC-C2DH-HeLa,02,HeLa,#dc3cbe
45,Cell,46,46.0,59.0,98.0,16.0,23.0,0.0,153.7608833407057,28.0178514522438,0.0,0.0,DIC-C2DH-HeLa,02,HeLa,#dc3cbe
45,Cell,47,47.0,59.0,98.0,16.0,23.0,0.0,153.7608833407057,28.0178514522438,0.0,0.0,DIC-C2DH-HeLa,02,HeLa,#dc3cbe
45,Cell,48,48.0,59.0,97.0,16.0,22.0,1.0,154.7608833407057,27.202941017470888,1.0,-90.0,DIC-C2DH-HeLa,02,HeLa,#dc3cbe
45,Cell,49,49.0,59.0,96.0,16.0,21.0,1.0,155.7608833407057,26.40075756488817,1.0,-90.0,DIC-C2DH-HeLa,02,HeLa,#dc3cbe
45,Cell,50,50.0,59.0,95.5,16.0,20.5,0.5,156.2608833407057,26.004807247891687,0.5,-90.0,DIC-C2DH-HeLa,02,HeLa,#dc3cbe
45,Cell,51,51.0,59.0,95.0,16.0,20.0,0.5,156.7608833407057,25.612496949731398,0.5,-90.0,DIC-C2DH-HeLa,02,HeLa,#dc3cbe
45,Cell,52,52.0,59.0,95.0,16.0,20.0,0.0,156.7608833407057,25.612496949731398,0.0,0.0,DIC-C2DH-HeLa,02,HeLa,#dc3cbe
45,Cell,53,53.0,59.0,95.0,16.0,20.0,0.0,156.7608833407057,25.612496949731398,0.0,0.0,DIC-C2DH-HeLa,02,HeLa,#dc3cbe
45,Cell,54,54.0,57.0,94.0,14.0,19.0,2.23606797749979,158.9969513182055,23.600847442411894,2.23606797749979,-153.43494882292202,DIC-C2DH-HeLa,02,HeLa,#dc3cbe
1,Cell,0,0.0,193.0,199.0,0.0,0.0,0.0,0.0,0.0,0.0,0.0,DIC-C2DH-HeLa,02,HeLa,#dc3cbe
1,Cell,1,1.0,193.0,199.0,0.0,0.0,0.0,0.0,0.0,0.0,0.0,DIC-C2DH-HeLa,02,HeLa,#dc3cbe
1,Cell,2,2.0,193.0,199.0,0.0,0.0,0.0,0.0,0.0,0.0,0.0,DIC-C2DH-HeLa,02,HeLa,#dc3cbe
1,Cell,3,3.0,195.4008643976229,199.5991356023771,2.400864397622911,0.5991356023770891,2.474492539048962,2.474492539048962,2.474492539048962,2.474492539048962,14.01197202452225,DIC-C2DH-HeLa,02,HeLa,#dc3cbe
1,Cell,4,4.0,201.4008643976229,212.5991356023771,8.400864397622911,13.599135602377087,14.317821063276352,16.792313602325315,15.984711813451256,14.317821063276352,65.22485943116808,DIC-C2DH-HeLa,02,HeLa,#dc3cbe
1,Cell,5,5.0,202.0,213.0,9.0,14.0,0.7208715109624854,17.5131851132878,16.64331697709324,0.7208715109624854,33.7853420663317,DIC-C2DH-HeLa,02,HeLa,#dc3cbe
1,Cell,6,6.0,204.0,215.0,11.0,16.0,2.8284271247461903,20.341612238033992,19.4164878389476,2.8284271247461903,45.0,DIC-C2DH-HeLa,02,HeLa,#dc3cbe
1,Cell,7,7.0,204.0,215.0,11.0,16.0,0.0,20.341612238033992,19.4164878389476,0.0,0.0,DIC-C2DH-HeLa,02,HeLa,#dc3cbe
1,Cell,8,8.0,204.5,204.0,11.5,5.0,11.01135777277262,31.35297001080661,12.539936203984452,11.01135777277262,-87.39743779750019,DIC-C2DH-HeLa,02,HeLa,#dc3cbe
1,Cell,9,9.0,205.0,204.0,12.0,5.0,0.5,31.85297001080661,13.0,0.5,0.0,DIC-C2DH-HeLa,02,HeLa,#dc3cbe
1,Cell,10,10.0,205.0,204.0,12.0,5.0,0.0,31.85297001080661,13.0,0.0,0.0,DIC-C2DH-HeLa,02,HeLa,#dc3cbe
1,Cell,11,11.0,209.0,204.0,16.0,5.0,4.0,35.852970010806615,16.76305461424021,4.0,0.0,DIC-C2DH-HeLa,02,HeLa,#dc3cbe
1,Cell,12,12.0,210.0,204.0,17.0,5.0,1.0,36.852970010806615,17.72004514666935,1.0,0.0,DIC-C2DH-HeLa,02,HeLa,#dc3cbe
1,Cell,13,13.0,210.0,204.0,17.0,5.0,0.0,36.852970010806615,17.72004514666935,0.0,0.0,DIC-C2DH-HeLa,02,HeLa,#dc3cbe
1,Cell,14,14.0,210.0,204.0,17.0,5.0,0.0,36.852970010806615,17.72004514666935,0.0,0.0,DIC-C2DH-HeLa,02,HeLa,#dc3cbe
1,Cell,15,15.0,210.0,204.0,17.0,5.0,0.0,36.852970010806615,17.72004514666935,0.0,0.0,DIC-C2DH-HeLa,02,HeLa,#dc3cbe
1,Cell,16,16.0,210.0,204.0,17.0,5.0,0.0,36.852970010806615,17.72004514666935,0.0,0.0,DIC-C2DH-HeLa,02,HeLa,#dc3cbe
1,Cell,17,17.0,208.0,204.0,15.0,5.0,2.0,38.852970010806615,15.811388300841896,2.0,180.0,DIC-C2DH-HeLa,02,HeLa,#dc3cbe
1,Cell,18,18.0,208.0,204.0,15.0,5.0,0.0,38.852970010806615,15.811388300841896,0.0,0.0,DIC-C2DH-HeLa,02,HeLa,#dc3cbe
1,Cell,19,19.0,201.0,202.0,8.0,3.0,7.280109889280518,46.13307990008713,8.54400374531753,7.280109889280518,-164.05460409907712,DIC-C2DH-HeLa,02,HeLa,#dc3cbe
1,Cell,20,20.0,183.0,202.0,-10.0,3.0,18.0,64.13307990008713,10.44030650891055,18.0,180.0,DIC-C2DH-HeLa,02,HeLa,#dc3cbe
1,Cell,21,21.0,183.0,202.0,-10.0,3.0,0.0,64.13307990008713,10.44030650891055,0.0,0.0,DIC-C2DH-HeLa,02,HeLa,#dc3cbe
1,Cell,22,22.0,188.0,207.0,-5.0,8.0,7.071067811865476,71.2041477119526,9.433981132056603,7.071067811865476,45.0,DIC-C2DH-HeLa,02,HeLa,#dc3cbe
1,Cell,23,23.0,190.0,201.0,-3.0,2.0,6.324555320336759,77.52870303228936,3.605551275463989,6.324555320336759,-71.56505117707799,DIC-C2DH-HeLa,02,HeLa,#dc3cbe
1,Cell,24,24.0,190.0,201.0,-3.0,2.0,0.0,77.52870303228936,3.605551275463989,0.0,0.0,DIC-C2DH-HeLa,02,HeLa,#dc3cbe
1,Cell,25,25.0,189.0,200.0,-4.0,1.0,1.4142135623730951,78.94291659466245,4.123105625617661,1.4142135623730951,-135.0,DIC-C2DH-HeLa,02,HeLa,#dc3cbe
1,Cell,26,26.0,189.0,200.0,-4.0,1.0,0.0,78.94291659466245,4.123105625617661,0.0,0.0,DIC-C2DH-HeLa,02,HeLa,#dc3cbe
1,Cell,27,27.0,179.0,195.0,-14.0,-4.0,11.180339887498947,90.1232564821614,14.560219778561036,11.180339887498947,-153.43494882292202,DIC-C2DH-HeLa,02,HeLa,#dc3cbe
1,Cell,28,28.0,179.0,195.0,-14.0,-4.0,0.0,90.1232564821614,14.560219778561036,0.0,0.0,DIC-C2DH-HeLa,02,HeLa,#dc3cbe
1,Cell,29,29.0,179.0,195.0,-14.0,-4.0,0.0,90.1232564821614,14.560219778561036,0.0,0.0,DIC-C2DH-HeLa,02,HeLa,#dc3cbe
1,Cell,30,30.0,179.0,195.0,-14.0,-4.0,0.0,90.1232564821614,14.560219778561036,0.0,0.0,DIC-C2DH-HeLa,02,HeLa,#dc3cbe
1,Cell,31,31.0,179.0,195.0,-14.0,-4.0,0.0,90.1232564821614,14.560219778561036,0.0,0.0,DIC-C2DH-HeLa,02,HeLa,#dc3cbe
1,Cell,32,32.0,179.0,195.0,-14.0,-4.0,0.0,90.1232564821614,14.560219778561036,0.0,0.0,DIC-C2DH-HeLa,02,HeLa,#dc3cbe
1,Cell,33,33.0,179.0,195.0,-14.0,-4.0,0.0,90.1232564821614,14.560219778561036,0.0,0.0,DIC-C2DH-HeLa,02,HeLa,#dc3cbe
1,Cell,34,34.0,179.0,195.0,-14.0,-4.0,0.0,90.1232564821614,14.560219778561036,0.0,0.0,DIC-C2DH-HeLa,02,HeLa,#dc3cbe
1,Cell,35,35.0,179.0,195.0,-14.0,-4.0,0.0,90.1232564821614,14.560219778561036,0.0,0.0,DIC-C2DH-HeLa,02,HeLa,#dc3cbe
1,Cell,36,36.0,179.0,195.0,-14.0,-4.0,0.0,90.1232564821614,14.560219778561036,0.0,0.0,DIC-C2DH-HeLa,02,HeLa,#dc3cbe
1,Cell,37,37.0,177.0,195.0,-16.0,-4.0,2.0,92.1232564821614,16.492422502470642,2.0,180.0,DIC-C2DH-HeLa,02,HeLa,#dc3cbe
1,Cell,38,38.0,177.0,195.0,-16.0,-4.0,0.0,92.1232564821614,16.492422502470642,0.0,0.0,DIC-C2DH-HeLa,02,HeLa,#dc3cbe
1,Cell,39,39.0,177.0,195.0,-16.0,-4.0,0.0,92.1232564821614,16.492422502470642,0.0,0.0,DIC-C2DH-HeLa,02,HeLa,#dc3cbe
1,Cell,40,40.0,177.0,195.0,-16.0,-4.0,0.0,92.1232564821614,16.492422502470642,0.0,0.0,DIC-C2DH-HeLa,02,HeLa,#dc3cbe
1,Cell,41,41.0,168.0,183.0,-25.0,-16.0,15.0,107.1232564821614,29.68164415931166,15.0,-126.86989764584402,DIC-C2DH-HeLa,02,HeLa,#dc3cbe
1,Cell,42,42.0,168.0,184.5,-25.0,-14.5,1.5,108.6232564821614,28.90069203323685,1.5,90.0,DIC-C2DH-HeLa,02,HeLa,#dc3cbe
1,Cell,43,43.0,168.0,186.0,-25.0,-13.0,1.5,110.1232564821614,28.178005607210743,1.5,90.0,DIC-C2DH-HeLa,02,HeLa,#dc3cbe
1,Cell,44,44.0,168.5991356023771,186.4008643976229,-24.40086439762291,-12.599135602377087,0.7208715109624854,110.84412799312388,27.46161687297868,0.7208715109624854,33.7853420663317,DIC-C2DH-HeLa,02,HeLa,#dc3cbe
1,Cell,45,45.0,172.0,187.0,-21.0,-12.0,3.4532364704802365,114.29736446360413,24.186773244895647,3.4532364704802365,9.99136360005812,DIC-C2DH-HeLa,02,HeLa,#dc3cbe
1,Cell,46,46.0,172.0,187.0,-21.0,-12.0,0.0,114.29736446360413,24.186773244895647,0.0,0.0,DIC-C2DH-HeLa,02,HeLa,#dc3cbe
1,Cell,47,47.0,172.0,187.0,-21.0,-12.0,0.0,114.29736446360413,24.186773244895647,0.0,0.0,DIC-C2DH-HeLa,02,HeLa,#dc3cbe
1,Cell,48,48.0,170.0,187.0,-23.0,-12.0,2.0,116.29736446360413,25.942243542145693,2.0,180.0,DIC-C2DH-HeLa,02,HeLa,#dc3cbe
16,Cell,0,0.0,378.0,167.0,0.0,0.0,0.0,0.0,0.0,0.0,0.0,DIC-C2DH-HeLa,02,HeLa,#dc3cbe
16,Cell,1,1.0,378.0,166.5,0.0,-0.5,0.5,0.5,0.5,0.5,-90.0,DIC-C2DH-HeLa,02,HeLa,#dc3cbe
16,Cell,2,2.0,370.0,172.0,-8.0,5.0,9.7082439194738,10.2082439194738,9.433981132056603,9.7082439194738,145.4914770123316,DIC-C2DH-HeLa,02,HeLa,#dc3cbe
16,Cell,3,3.0,370.0,172.0,-8.0,5.0,0.0,10.2082439194738,9.433981132056603,0.0,0.0,DIC-C2DH-HeLa,02,HeLa,#dc3cbe
16,Cell,4,4.0,361.0,172.0,-17.0,5.0,9.0,19.2082439194738,17.72004514666935,9.0,180.0,DIC-C2DH-HeLa,02,HeLa,#dc3cbe
16,Cell,5,5.0,361.0,172.0,-17.0,5.0,0.0,19.2082439194738,17.72004514666935,0.0,0.0,DIC-C2DH-HeLa,02,HeLa,#dc3cbe
16,Cell,6,6.0,362.1346646185356,172.3568868407578,-15.865335381464432,5.356886840757795,1.1894671133169437,20.397711032790745,16.745300934621365,1.1894671133169437,17.459961603057227,DIC-C2DH-HeLa,02,HeLa,#dc3cbe
16,Cell,7,7.0,363.0,173.0,-15.0,6.0,1.0781464919039,21.475857524694646,16.15549442140351,1.0781464919039,36.61955673723256,DIC-C2DH-HeLa,02,HeLa,#dc3cbe
16,Cell,8,8.0,363.0,173.0,-15.0,6.0,0.0,21.475857524694646,16.15549442140351,0.0,0.0,DIC-C2DH-HeLa,02,HeLa,#dc3cbe
16,Cell,9,9.0,363.0,173.0,-15.0,6.0,0.0,21.475857524694646,16.15549442140351,0.0,0.0,DIC-C2DH-HeLa,02,HeLa,#dc3cbe
16,Cell,10,10.0,359.0,186.0,-19.0,19.0,13.601470508735444,35.07732803343009,26.87005768508881,13.601470508735444,107.10272896905236,DIC-C2DH-HeLa,02,HeLa,#dc3cbe
16,Cell,11,11.0,363.0,192.0,-15.0,25.0,7.211102550927978,42.28843058435807,29.154759474226505,7.211102550927978,56.309932474020215,DIC-C2DH-HeLa,02,HeLa,#dc3cbe
16,Cell,12,12.0,363.0,192.0,-15.0,25.0,0.0,42.28843058435807,29.154759474226505,0.0,0.0,DIC-C2DH-HeLa,02,HeLa,#dc3cbe
16,Cell,13,13.0,366.0,182.0,-12.0,15.0,10.44030650891055,52.72873709326862,19.209372712298546,10.44030650891055,-73.30075576600638,DIC-C2DH-HeLa,02,HeLa,#dc3cbe
16,Cell,14,14.0,365.0,187.0,-13.0,20.0,5.0990195135927845,57.827756606861406,23.853720883753127,5.0990195135927845,101.3099324740202,DIC-C2DH-HeLa,02,HeLa,#dc3cbe
16,Cell,15,15.0,365.0,188.0,-13.0,21.0,1.0,58.827756606861406,24.698178070456937,1.0,90.0,DIC-C2DH-HeLa,02,HeLa,#dc3cbe
16,Cell,16,16.0,374.0,173.0,-4.0,6.0,17.4928556845359,76.32061229139731,7.211102550927978,17.4928556845359,-59.03624346792648,DIC-C2DH-HeLa,02,HeLa,#dc3cbe
16,Cell,17,17.0,374.0,173.0,-4.0,6.0,0.0,76.32061229139731,7.211102550927978,0.0,0.0,DIC-C2DH-HeLa,02,HeLa,#dc3cbe
16,Cell,18,18.0,377.0,173.5,-1.0,6.5,3.0413812651491097,79.36199355654642,6.576473218982953,3.0413812651491097,9.462322208025617,DIC-C2DH-HeLa,02,HeLa,#dc3cbe
16,Cell,19,19.0,377.0,174.0,-1.0,7.0,0.5,79.86199355654642,7.071067811865476,0.5,90.0,DIC-C2DH-HeLa,02,HeLa,#dc3cbe
16,Cell,20,20.0,380.0,172.0,2.0,5.0,3.605551275463989,83.46754483201042,5.385164807134504,3.605551275463989,-33.690067525979785,DIC-C2DH-HeLa,02,HeLa,#dc3cbe
16,Cell,21,21.0,380.0,172.0,2.0,5.0,0.0,83.46754483201042,5.385164807134504,0.0,0.0,DIC-C2DH-HeLa,02,HeLa,#dc3cbe
16,Cell,22,22.0,380.0,172.0,2.0,5.0,0.0,83.46754483201042,5.385164807134504,0.0,0.0,DIC-C2DH-HeLa,02,HeLa,#dc3cbe
16,Cell,23,23.0,380.0,172.0,2.0,5.0,0.0,83.46754483201042,5.385164807134504,0.0,0.0,DIC-C2DH-HeLa,02,HeLa,#dc3cbe
16,Cell,24,24.0,387.0,173.0,9.0,6.0,7.071067811865476,90.5386126438759,10.816653826391969,7.071067811865476,8.13010235415598,DIC-C2DH-HeLa,02,HeLa,#dc3cbe
16,Cell,25,25.0,387.0,173.0,9.0,6.0,0.0,90.5386126438759,10.816653826391969,0.0,0.0,DIC-C2DH-HeLa,02,HeLa,#dc3cbe
16,Cell,26,26.0,381.0,173.0,3.0,6.0,6.0,96.5386126438759,6.708203932499369,6.0,180.0,DIC-C2DH-HeLa,02,HeLa,#dc3cbe
16,Cell,27,27.0,371.0,157.0,-7.0,-10.0,18.867962264113206,115.4065749079891,12.206555615733702,18.867962264113206,-122.0053832080835,DIC-C2DH-HeLa,02,HeLa,#dc3cbe
16,Cell,28,28.0,371.0,157.0,-7.0,-10.0,0.0,115.4065749079891,12.206555615733702,0.0,0.0,DIC-C2DH-HeLa,02,HeLa,#dc3cbe
16,Cell,29,29.0,371.0,146.0,-7.0,-21.0,11.0,126.4065749079891,22.13594362117865,11.0,-90.0,DIC-C2DH-HeLa,02,HeLa,#dc3cbe
16,Cell,30,30.0,381.0,148.0,3.0,-19.0,10.198039027185567,136.60461393517463,19.235384061671343,10.198039027185567,11.309932474020211,DIC-C2DH-HeLa,02,HeLa,#dc3cbe
16,Cell,31,31.0,392.0,150.0,14.0,-17.0,11.180339887498947,147.7849538226736,22.02271554554524,11.180339887498947,10.304846468766032,DIC-C2DH-HeLa,02,HeLa,#dc3cbe
16,Cell,32,32.0,394.0,150.0,16.0,-17.0,2.0,149.7849538226736,23.345235059857504,2.0,0.0,DIC-C2DH-HeLa,02,HeLa,#dc3cbe
16,Cell,33,33.0,395.0,150.0,17.0,-17.0,1.0,150.7849538226736,24.04163056034261,1.0,0.0,DIC-C2DH-HeLa,02,HeLa,#dc3cbe
16,Cell,34,34.0,400.0,149.0,22.0,-18.0,5.0990195135927845,155.8839733362664,28.42534080710379,5.0990195135927845,-11.309932474020211,DIC-C2DH-HeLa,02,HeLa,#dc3cbe
16,Cell,35,35.0,398.0,147.0,20.0,-20.0,2.8284271247461903,158.71240046101258,28.284271247461906,2.8284271247461903,-135.0,DIC-C2DH-HeLa,02,HeLa,#dc3cbe
16,Cell,36,36.0,395.0,146.0,17.0,-21.0,3.1622776601683795,161.87467812118095,27.018512172212592,3.1622776601683795,-161.56505117707798,DIC-C2DH-HeLa,02,HeLa,#dc3cbe
16,Cell,37,37.0,395.0,146.0,17.0,-21.0,0.0,161.87467812118095,27.018512172212592,0.0,0.0,DIC-C2DH-HeLa,02,HeLa,#dc3cbe
4,Cell,0,0.0,215.0,185.0,0.0,0.0,0.0,0.0,0.0,0.0,0.0,DIC-C2DH-HeLa,02,HeLa,#dc3cbe
4,Cell,1,1.0,215.0,185.0,0.0,0.0,0.0,0.0,0.0,0.0,0.0,DIC-C2DH-HeLa,02,HeLa,#dc3cbe
4,Cell,2,2.0,202.0,192.5,-13.0,7.5,15.008331019803634,15.008331019803634,15.008331019803634,15.008331019803634,150.01836063115067,DIC-C2DH-HeLa,02,HeLa,#dc3cbe
4,Cell,3,3.0,202.0,193.0,-13.0,8.0,0.5,15.508331019803634,15.264337522473747,0.5,90.0,DIC-C2DH-HeLa,02,HeLa,#dc3cbe
4,Cell,4,4.0,202.0,193.0,-13.0,8.0,0.0,15.508331019803634,15.264337522473747,0.0,0.0,DIC-C2DH-HeLa,02,HeLa,#dc3cbe
4,Cell,5,5.0,202.0,193.0,-13.0,8.0,0.0,15.508331019803634,15.264337522473747,0.0,0.0,DIC-C2DH-HeLa,02,HeLa,#dc3cbe
4,Cell,6,6.0,202.0,193.0,-13.0,8.0,0.0,15.508331019803634,15.264337522473747,0.0,0.0,DIC-C2DH-HeLa,02,HeLa,#dc3cbe
4,Cell,7,7.0,192.0,194.0,-23.0,9.0,10.04987562112089,25.558206640924524,24.698178070456937,10.04987562112089,174.28940686250036,DIC-C2DH-HeLa,02,HeLa,#dc3cbe
4,Cell,8,8.0,189.0,198.0,-26.0,13.0,5.0,30.558206640924524,29.068883707497267,5.0,126.86989764584402,DIC-C2DH-HeLa,02,HeLa,#dc3cbe
4,Cell,9,9.0,184.0,193.0,-31.0,8.0,7.071067811865476,37.62927445279,32.01562118716424,7.071067811865476,-135.0,DIC-C2DH-HeLa,02,HeLa,#dc3cbe
4,Cell,10,10.0,186.0,182.0,-29.0,-3.0,11.180339887498947,48.80961434028895,29.154759474226505,11.180339887498947,-79.69515353123397,DIC-C2DH-HeLa,02,HeLa,#dc3cbe
4,Cell,11,11.0,193.0,205.0,-22.0,20.0,24.04163056034261,72.85124490063156,29.73213749463701,24.04163056034261,73.07248693585296,DIC-C2DH-HeLa,02,HeLa,#dc3cbe
4,Cell,12,12.0,193.0,205.0,-22.0,20.0,0.0,72.85124490063156,29.73213749463701,0.0,0.0,DIC-C2DH-HeLa,02,HeLa,#dc3cbe
4,Cell,13,13.0,193.0,205.0,-22.0,20.0,0.0,72.85124490063156,29.73213749463701,0.0,0.0,DIC-C2DH-HeLa,02,HeLa,#dc3cbe
4,Cell,14,14.0,193.0,205.0,-22.0,20.0,0.0,72.85124490063156,29.73213749463701,0.0,0.0,DIC-C2DH-HeLa,02,HeLa,#dc3cbe
4,Cell,15,15.0,189.0,204.0,-26.0,19.0,4.123105625617661,76.97435052624921,32.202484376209235,4.123105625617661,-165.96375653207352,DIC-C2DH-HeLa,02,HeLa,#dc3cbe
4,Cell,16,16.0,189.0,201.0,-26.0,16.0,3.0,79.97435052624921,30.52867504494749,3.0,-90.0,DIC-C2DH-HeLa,02,HeLa,#dc3cbe
4,Cell,17,17.0,189.0,194.0,-26.0,9.0,7.0,86.97435052624921,27.51363298439521,7.0,-90.0,DIC-C2DH-HeLa,02,HeLa,#dc3cbe
4,Cell,18,18.0,188.0,189.0,-27.0,4.0,5.0990195135927845,92.073370039842,27.29468812791236,5.0990195135927845,-101.3099324740202,DIC-C2DH-HeLa,02,HeLa,#dc3cbe
4,Cell,19,19.0,188.0,189.0,-27.0,4.0,0.0,92.073370039842,27.29468812791236,0.0,0.0,DIC-C2DH-HeLa,02,HeLa,#dc3cbe
4,Cell,20,20.0,173.0,190.0,-42.0,5.0,15.033296378372908,107.1066664182149,42.2965719651132,15.033296378372908,176.18592516570965,DIC-C2DH-HeLa,02,HeLa,#dc3cbe
4,Cell,21,21.0,173.0,191.0,-42.0,6.0,1.0,108.1066664182149,42.42640687119285,1.0,90.0,DIC-C2DH-HeLa,02,HeLa,#dc3cbe
4,Cell,22,22.0,173.0,191.0,-42.0,6.0,0.0,108.1066664182149,42.42640687119285,0.0,0.0,DIC-C2DH-HeLa,02,HeLa,#dc3cbe
4,Cell,23,23.0,183.0,192.0,-32.0,7.0,10.04987562112089,118.1565420393358,32.7566787083184,10.04987562112089,5.710593137499642,DIC-C2DH-HeLa,02,HeLa,#dc3cbe
4,Cell,24,24.0,184.0,192.0,-31.0,7.0,1.0,119.1565420393358,31.78049716414141,1.0,0.0,DIC-C2DH-HeLa,02,HeLa,#dc3cbe
4,Cell,25,25.0,184.0,192.0,-31.0,7.0,0.0,119.1565420393358,31.78049716414141,0.0,0.0,DIC-C2DH-HeLa,02,HeLa,#dc3cbe
4,Cell,26,26.0,184.0,192.0,-31.0,7.0,0.0,119.1565420393358,31.78049716414141,0.0,0.0,DIC-C2DH-HeLa,02,HeLa,#dc3cbe
4,Cell,27,27.0,184.0,192.0,-31.0,7.0,0.0,119.1565420393358,31.78049716414141,0.0,0.0,DIC-C2DH-HeLa,02,HeLa,#dc3cbe
4,Cell,28,28.0,188.0,193.0,-27.0,8.0,4.123105625617661,123.27964766495344,28.16025568065745,4.123105625617661,14.036243467926475,DIC-C2DH-HeLa,02,HeLa,#dc3cbe
4,Cell,29,29.0,188.0,193.0,-27.0,8.0,0.0,123.27964766495344,28.16025568065745,0.0,0.0,DIC-C2DH-HeLa,02,HeLa,#dc3cbe
4,Cell,30,30.0,188.0,193.0,-27.0,8.0,0.0,123.27964766495344,28.16025568065745,0.0,0.0,DIC-C2DH-HeLa,02,HeLa,#dc3cbe
4,Cell,31,31.0,188.0,193.0,-27.0,8.0,0.0,123.27964766495344,28.16025568065745,0.0,0.0,DIC-C2DH-HeLa,02,HeLa,#dc3cbe
4,Cell,32,32.0,188.0,193.0,-27.0,8.0,0.0,123.27964766495344,28.16025568065745,0.0,0.0,DIC-C2DH-HeLa,02,HeLa,#dc3cbe
4,Cell,33,33.0,188.0,193.0,-27.0,8.0,0.0,123.27964766495344,28.16025568065745,0.0,0.0,DIC-C2DH-HeLa,02,HeLa,#dc3cbe
4,Cell,34,34.0,188.0,193.0,-27.0,8.0,0.0,123.27964766495344,28.16025568065745,0.0,0.0,DIC-C2DH-HeLa,02,HeLa,#dc3cbe
8,Cell,0,0.0,131.0,282.0,0.0,0.0,0.0,0.0,0.0,0.0,0.0,DIC-C2DH-HeLa,02,HeLa,#dc3cbe
8,Cell,1,1.0,131.0,282.0,0.0,0.0,0.0,0.0,0.0,0.0,0.0,DIC-C2DH-HeLa,02,HeLa,#dc3cbe
8,Cell,2,2.0,137.0,283.0,6.0,1.0,6.082762530298219,6.082762530298219,6.082762530298219,6.082762530298219,9.462322208025617,DIC-C2DH-HeLa,02,HeLa,#dc3cbe
8,Cell,3,3.0,137.0,283.0,6.0,1.0,0.0,6.082762530298219,6.082762530298219,0.0,0.0,DIC-C2DH-HeLa,02,HeLa,#dc3cbe
8,Cell,4,4.0,143.0,273.0,12.0,-9.0,11.6619037896906,17.74466631998882,15.0,11.6619037896906,-59.03624346792648,DIC-C2DH-HeLa,02,HeLa,#dc3cbe
8,Cell,5,5.0,141.0,267.0,10.0,-15.0,6.324555320336759,24.06922164032558,18.027756377319943,6.324555320336759,-108.434948822922,DIC-C2DH-HeLa,02,HeLa,#dc3cbe
8,Cell,6,6.0,119.0,290.0,-12.0,8.0,31.827660925679098,55.89688256600468,14.422205101855956,31.827660925679098,133.7269699799433,DIC-C2DH-HeLa,02,HeLa,#dc3cbe
8,Cell,7,7.0,117.0,292.0,-14.0,10.0,2.8284271247461903,58.72530969075087,17.204650534085253,2.8284271247461903,135.0,DIC-C2DH-HeLa,02,HeLa,#dc3cbe
8,Cell,8,8.0,115.0,292.0,-16.0,10.0,2.0,60.72530969075087,18.867962264113206,2.0,180.0,DIC-C2DH-HeLa,02,HeLa,#dc3cbe
8,Cell,9,9.0,89.5,283.0,-41.5,1.0,27.04163456597992,87.7669442567308,41.51204644437564,27.04163456597992,-160.55996517182382,DIC-C2DH-HeLa,02,HeLa,#dc3cbe
8,Cell,10,10.0,89.0,283.0,-42.0,1.0,0.5,88.2669442567308,42.01190307520001,0.5,180.0,DIC-C2DH-HeLa,02,HeLa,#dc3cbe
8,Cell,11,11.0,90.0,283.0,-41.0,1.0,1.0,89.2669442567308,41.01219330881976,1.0,0.0,DIC-C2DH-HeLa,02,HeLa,#dc3cbe
8,Cell,12,12.0,91.0,283.0,-40.0,1.0,1.0,90.2669442567308,40.01249804748511,1.0,0.0,DIC-C2DH-HeLa,02,HeLa,#dc3cbe
8,Cell,13,13.0,100.0,281.0,-31.0,-1.0,9.219544457292889,99.48648871402368,31.016124838541646,9.219544457292889,-12.528807709151511,DIC-C2DH-HeLa,02,HeLa,#dc3cbe
8,Cell,14,14.0,100.0,281.0,-31.0,-1.0,0.0,99.48648871402368,31.016124838541646,0.0,0.0,DIC-C2DH-HeLa,02,HeLa,#dc3cbe
8,Cell,15,15.0,100.0,284.0,-31.0,2.0,3.0,102.48648871402368,31.064449134018133,3.0,90.0,DIC-C2DH-HeLa,02,HeLa,#dc3cbe
8,Cell,16,16.0,100.0,284.0,-31.0,2.0,0.0,102.48648871402368,31.064449134018133,0.0,0.0,DIC-C2DH-HeLa,02,HeLa,#dc3cbe
8,Cell,17,17.0,111.0,271.0,-20.0,-11.0,17.029386365926403,119.51587507995008,22.825424421026653,17.029386365926403,-49.76364169072618,DIC-C2DH-HeLa,02,HeLa,#dc3cbe
8,Cell,18,18.0,111.0,264.0,-20.0,-18.0,7.0,126.51587507995008,26.90724809414742,7.0,-90.0,DIC-C2DH-HeLa,02,HeLa,#dc3cbe
8,Cell,19,19.0,111.0,264.0,-20.0,-18.0,0.0,126.51587507995008,26.90724809414742,0.0,0.0,DIC-C2DH-HeLa,02,HeLa,#dc3cbe
8,Cell,20,20.0,105.0,283.0,-26.0,1.0,19.92485884517128,146.44073392512135,26.019223662515376,19.92485884517128,107.52556837372288,DIC-C2DH-HeLa,02,HeLa,#dc3cbe
8,Cell,21,21.0,113.0,287.0,-18.0,5.0,8.94427190999916,155.38500583512052,18.68154169226941,8.94427190999916,26.56505117707799,DIC-C2DH-HeLa,02,HeLa,#dc3cbe
8,Cell,22,22.0,114.0,289.5,-17.0,7.5,2.692582403567252,158.07758823868778,18.580904176062045,2.692582403567252,68.19859051364818,DIC-C2DH-HeLa,02,HeLa,#dc3cbe
8,Cell,23,23.0,114.0,293.0,-17.0,11.0,3.5,161.57758823868778,20.248456731316587,3.5,90.0,DIC-C2DH-HeLa,02,HeLa,#dc3cbe
8,Cell,24,24.0,125.52857142857142,307.9514285714285,-5.471428571428575,25.95142857142855,18.879967571746604,180.4575558104344,26.52193762737185,18.879967571746604,52.36532534203376,DIC-C2DH-HeLa,02,HeLa,#dc3cbe
8,Cell,25,25.0,119.0,290.0,-12.0,8.0,19.10172852526861,199.55928433570296,14.422205101855956,19.10172852526861,-109.9853030809898,DIC-C2DH-HeLa,02,HeLa,#dc3cbe
8,Cell,26,26.0,117.0,295.0,-14.0,13.0,5.385164807134504,204.9444491428375,19.1049731745428,5.385164807134504,111.80140948635182,DIC-C2DH-HeLa,02,HeLa,#dc3cbe
8,Cell,27,27.0,122.5,297.0,-8.5,15.0,5.852349955359813,210.7967990981973,17.240939649566666,5.852349955359813,19.98310652189998,DIC-C2DH-HeLa,02,HeLa,#dc3cbe
8,Cell,28,28.0,133.0,303.0,2.0,21.0,12.093386622447824,222.89018572064515,21.095023109728988,12.093386622447824,29.744881296942225,DIC-C2DH-HeLa,02,HeLa,#dc3cbe
8,Cell,29,29.0,121.0,295.0,-10.0,13.0,14.422205101855956,237.3123908225011,16.401219466856727,14.422205101855956,-146.30993247402023,DIC-C2DH-HeLa,02,HeLa,#dc3cbe
6,Cell,0,0.0,65.0,306.0,0.0,0.0,0.0,0.0,0.0,0.0,0.0,DIC-C2DH-HeLa,02,HeLa,#dc3cbe
6,Cell,1,1.0,65.0,306.0,0.0,0.0,0.0,0.0,0.0,0.0,0.0,DIC-C2DH-HeLa,02,HeLa,#dc3cbe
6,Cell,2,2.0,63.0,309.0,-2.0,3.0,3.605551275463989,3.605551275463989,3.605551275463989,3.605551275463989,123.6900675259798,DIC-C2DH-HeLa,02,HeLa,#dc3cbe
6,Cell,3,3.0,63.0,309.0,-2.0,3.0,0.0,3.605551275463989,3.605551275463989,0.0,0.0,DIC-C2DH-HeLa,02,HeLa,#dc3cbe
6,Cell,4,4.0,56.0,302.5,-9.0,-3.5,9.5524865872714,13.15803786273539,9.656603957913983,9.5524865872714,-137.12109639666144,DIC-C2DH-HeLa,02,HeLa,#dc3cbe
6,Cell,5,5.0,61.0,288.0,-4.0,-18.0,15.337861650177969,28.495899512913358,18.43908891458577,15.337861650177969,-70.97439396243132,DIC-C2DH-HeLa,02,HeLa,#dc3cbe
6,Cell,6,6.0,51.0,330.0,-14.0,24.0,43.17406628984581,71.66996580275915,27.784887978899608,43.17406628984581,103.3924977537511,DIC-C2DH-HeLa,02,HeLa,#dc3cbe
6,Cell,7,7.0,54.0,336.0,-11.0,30.0,6.708203932499369,78.37816973525852,31.95309061734092,6.708203932499369,63.43494882292201,DIC-C2DH-HeLa,02,HeLa,#dc3cbe
6,Cell,8,8.0,47.0,336.0,-18.0,30.0,7.0,85.37816973525852,34.9857113690718,7.0,180.0,DIC-C2DH-HeLa,02,HeLa,#dc3cbe
6,Cell,9,9.0,45.0,281.0,-20.0,-25.0,55.03635162326805,140.41452135852657,32.01562118716424,55.03635162326805,-92.08256527973089,DIC-C2DH-HeLa,02,HeLa,#dc3cbe
6,Cell,10,10.0,48.0,270.0,-17.0,-36.0,11.40175425099138,151.81627560951796,39.81205847478876,11.40175425099138,-74.74488129694222,DIC-C2DH-HeLa,02,HeLa,#dc3cbe
6,Cell,11,11.0,47.0,289.0,-18.0,-17.0,19.026297590440446,170.8425731999584,24.75883680627989,19.026297590440446,93.01278750418336,DIC-C2DH-HeLa,02,HeLa,#dc3cbe
6,Cell,12,12.0,46.0,296.0,-19.0,-10.0,7.071067811865476,177.91364101182387,21.470910553583888,7.071067811865476,98.130102354156,DIC-C2DH-HeLa,02,HeLa,#dc3cbe
6,Cell,13,13.0,50.0,347.0,-15.0,41.0,51.15662224971465,229.0702632615385,43.65775990588615,51.15662224971465,85.51539399045538,DIC-C2DH-HeLa,02,HeLa,#dc3cbe
6,Cell,14,14.0,50.0,352.0,-15.0,46.0,5.0,234.0702632615385,48.38388161361178,5.0,90.0,DIC-C2DH-HeLa,02,HeLa,#dc3cbe
6,Cell,15,15.0,52.0,354.0,-13.0,48.0,2.8284271247461903,236.8986903862847,49.72926703662542,2.8284271247461903,45.0,DIC-C2DH-HeLa,02,HeLa,#dc3cbe
6,Cell,16,16.0,56.0,354.0,-9.0,48.0,4.0,240.8986903862847,48.83646178829912,4.0,0.0,DIC-C2DH-HeLa,02,HeLa,#dc3cbe
6,Cell,17,17.0,64.0,329.0,-1.0,23.0,26.248809496813376,267.1474998830981,23.021728866442675,26.248809496813376,-72.25532837494306,DIC-C2DH-HeLa,02,HeLa,#dc3cbe
6,Cell,18,18.0,58.0,340.0,-7.0,34.0,12.529964086141668,279.67746396923974,34.713109915419565,12.529964086141668,118.6104596659652,DIC-C2DH-HeLa,02,HeLa,#dc3cbe
6,Cell,19,19.0,56.0,340.0,-9.0,34.0,2.0,281.67746396923974,35.17101079013795,2.0,180.0,DIC-C2DH-HeLa,02,HeLa,#dc3cbe
6,Cell,20,20.0,58.0,290.0,-7.0,-16.0,50.039984012787215,331.7174479820269,17.46424919657298,50.039984012787215,-87.70938995736147,DIC-C2DH-HeLa,02,HeLa,#dc3cbe
6,Cell,21,21.0,52.0,290.0,-13.0,-16.0,6.0,337.7174479820269,20.615528128088304,6.0,180.0,DIC-C2DH-HeLa,02,HeLa,#dc3cbe
6,Cell,22,22.0,49.0,318.0,-16.0,12.0,28.16025568065745,365.8777036626844,20.0,28.16025568065745,96.1155035662854,DIC-C2DH-HeLa,02,HeLa,#dc3cbe
6,Cell,23,23.0,58.0,300.0,-7.0,-6.0,20.12461179749811,386.0023154601825,9.219544457292889,20.12461179749811,-63.43494882292201,DIC-C2DH-HeLa,02,HeLa,#dc3cbe
6,Cell,24,24.0,51.0,293.0,-14.0,-13.0,9.899494936611664,395.9018103967942,19.1049731745428,9.899494936611664,-135.0,DIC-C2DH-HeLa,02,HeLa,#dc3cbe
6,Cell,25,25.0,53.0,336.0,-12.0,30.0,43.04648650006177,438.948296896856,32.31098884280702,43.04648650006177,87.33699923393286,DIC-C2DH-HeLa,02,HeLa,#dc3cbe
6,Cell,26,26.0,51.0,327.0,-14.0,21.0,9.219544457292889,448.1678413541488,25.238858928247925,9.219544457292889,-102.52880770915152,DIC-C2DH-HeLa,02,HeLa,#dc3cbe
6,Cell,27,27.0,60.0,317.0,-5.0,11.0,13.45362404707371,461.62146540122257,12.083045973594572,13.45362404707371,-48.012787504183336,DIC-C2DH-HeLa,02,HeLa,#dc3cbe
6,Cell,28,28.0,53.0,326.0,-12.0,20.0,11.40175425099138,473.0232196522139,23.323807579381203,11.40175425099138,127.8749836510982,DIC-C2DH-HeLa,02,HeLa,#dc3cbe
6,Cell,29,29.0,55.0,343.0,-10.0,37.0,17.11724276862369,490.1404624208376,38.3275357934736,17.11724276862369,83.29016319224307,DIC-C2DH-HeLa,02,HeLa,#dc3cbe
28,Cell,0,0.0,76.0,70.0,0.0,0.0,0.0,0.0,0.0,0.0,0.0,DIC-C2DH-HeLa,02,HeLa,#dc3cbe
28,Cell,1,1.0,76.0,70.0,0.0,0.0,0.0,0.0,0.0,0.0,0.0,DIC-C2DH-HeLa,02,HeLa,#dc3cbe
28,Cell,2,2.0,76.0,70.0,0.0,0.0,0.0,0.0,0.0,0.0,0.0,DIC-C2DH-HeLa,02,HeLa,#dc3cbe
28,Cell,3,3.0,76.0,70.0,0.0,0.0,0.0,0.0,0.0,0.0,0.0,DIC-C2DH-HeLa,02,HeLa,#dc3cbe
28,Cell,4,4.0,76.0,70.0,0.0,0.0,0.0,0.0,0.0,0.0,0.0,DIC-C2DH-HeLa,02,HeLa,#dc3cbe
28,Cell,5,5.0,76.0,70.0,0.0,0.0,0.0,0.0,0.0,0.0,0.0,DIC-C2DH-HeLa,02,HeLa,#dc3cbe
28,Cell,6,6.0,76.0,70.0,0.0,0.0,0.0,0.0,0.0,0.0,0.0,DIC-C2DH-HeLa,02,HeLa,#dc3cbe
28,Cell,7,7.0,74.0,70.0,-2.0,0.0,2.0,2.0,2.0,2.0,180.0,DIC-C2DH-HeLa,02,HeLa,#dc3cbe
28,Cell,8,8.0,67.0,59.0,-9.0,-11.0,13.038404810405298,15.038404810405298,14.212670403551895,13.038404810405298,-122.47119229084848,DIC-C2DH-HeLa,02,HeLa,#dc3cbe
28,Cell,9,9.0,67.0,59.0,-9.0,-11.0,0.0,15.038404810405298,14.212670403551895,0.0,0.0,DIC-C2DH-HeLa,02,HeLa,#dc3cbe
28,Cell,10,10.0,67.0,59.0,-9.0,-11.0,0.0,15.038404810405298,14.212670403551895,0.0,0.0,DIC-C2DH-HeLa,02,HeLa,#dc3cbe
28,Cell,11,11.0,67.0,59.0,-9.0,-11.0,0.0,15.038404810405298,14.212670403551895,0.0,0.0,DIC-C2DH-HeLa,02,HeLa,#dc3cbe
28,Cell,12,12.0,67.0,59.0,-9.0,-11.0,0.0,15.038404810405298,14.212670403551895,0.0,0.0,DIC-C2DH-HeLa,02,HeLa,#dc3cbe
28,Cell,13,13.0,67.0,59.0,-9.0,-11.0,0.0,15.038404810405298,14.212670403551895,0.0,0.0,DIC-C2DH-HeLa,02,HeLa,#dc3cbe
28,Cell,14,14.0,67.0,59.0,-9.0,-11.0,0.0,15.038404810405298,14.212670403551895,0.0,0.0,DIC-C2DH-HeLa,02,HeLa,#dc3cbe
28,Cell,15,15.0,67.0,59.0,-9.0,-11.0,0.0,15.038404810405298,14.212670403551895,0.0,0.0,DIC-C2DH-HeLa,02,HeLa,#dc3cbe
28,Cell,16,16.0,67.0,59.0,-9.0,-11.0,0.0,15.038404810405298,14.212670403551895,0.0,0.0,DIC-C2DH-HeLa,02,HeLa,#dc3cbe
28,Cell,17,17.0,67.0,59.0,-9.0,-11.0,0.0,15.038404810405298,14.212670403551895,0.0,0.0,DIC-C2DH-HeLa,02,HeLa,#dc3cbe
28,Cell,18,18.0,67.0,59.0,-9.0,-11.0,0.0,15.038404810405298,14.212670403551895,0.0,0.0,DIC-C2DH-HeLa,02,HeLa,#dc3cbe
28,Cell,19,19.0,67.0,59.0,-9.0,-11.0,0.0,15.038404810405298,14.212670403551895,0.0,0.0,DIC-C2DH-HeLa,02,HeLa,#dc3cbe
28,Cell,20,20.0,81.0,53.0,5.0,-17.0,15.231546211727816,30.269951022133117,17.72004514666935,15.231546211727816,-23.19859051364819,DIC-C2DH-HeLa,02,HeLa,#dc3cbe
28,Cell,21,21.0,81.0,53.0,5.0,-17.0,0.0,30.269951022133117,17.72004514666935,0.0,0.0,DIC-C2DH-HeLa,02,HeLa,#dc3cbe
28,Cell,22,22.0,81.0,53.0,5.0,-17.0,0.0,30.269951022133117,17.72004514666935,0.0,0.0,DIC-C2DH-HeLa,02,HeLa,#dc3cbe
28,Cell,23,23.0,96.0,53.0,20.0,-17.0,15.0,45.26995102213312,26.248809496813376,15.0,0.0,DIC-C2DH-HeLa,02,HeLa,#dc3cbe
28,Cell,24,24.0,96.0,53.0,20.0,-17.0,0.0,45.26995102213312,26.248809496813376,0.0,0.0,DIC-C2DH-HeLa,02,HeLa,#dc3cbe
28,Cell,25,25.0,87.0,71.0,11.0,1.0,20.12461179749811,65.39456281963122,11.04536101718726,20.12461179749811,116.565051177078,DIC-C2DH-HeLa,02,HeLa,#dc3cbe
32,Cell,0,0.0,167.0,51.0,0.0,0.0,0.0,0.0,0.0,0.0,0.0,DIC-C2DH-HeLa,02,HeLa,#dc3cbe
32,Cell,1,1.0,160.5,52.0,-6.5,1.0,6.576473218982953,6.576473218982953,6.576473218982953,6.576473218982953,171.2538377374448,DIC-C2DH-HeLa,02,HeLa,#dc3cbe
32,Cell,2,2.0,158.0,49.0,-9.0,-2.0,3.905124837953327,10.48159805693628,9.219544457292889,3.905124837953327,-129.8055710922652,DIC-C2DH-HeLa,02,HeLa,#dc3cbe
32,Cell,3,3.0,158.0,49.0,-9.0,-2.0,0.0,10.48159805693628,9.219544457292889,0.0,0.0,DIC-C2DH-HeLa,02,HeLa,#dc3cbe
32,Cell,4,4.0,158.0,49.0,-9.0,-2.0,0.0,10.48159805693628,9.219544457292889,0.0,0.0,DIC-C2DH-HeLa,02,HeLa,#dc3cbe
32,Cell,5,5.0,169.0,53.0,2.0,2.0,11.704699910719626,22.186297967655904,2.8284271247461903,11.704699910719626,19.98310652189998,DIC-C2DH-HeLa,02,HeLa,#dc3cbe
32,Cell,6,6.0,165.0,54.5,-2.0,3.5,4.272001872658765,26.45829984031467,4.031128874149275,4.272001872658765,159.44395478041653,DIC-C2DH-HeLa,02,HeLa,#dc3cbe
32,Cell,7,7.0,155.0,52.5,-12.0,1.5,10.198039027185567,36.65633886750024,12.093386622447824,10.198039027185567,-168.6900675259798,DIC-C2DH-HeLa,02,HeLa,#dc3cbe
32,Cell,8,8.0,151.0,54.0,-16.0,3.0,4.272001872658765,40.928340740159,16.278820596099706,4.272001872658765,159.44395478041653,DIC-C2DH-HeLa,02,HeLa,#dc3cbe
32,Cell,9,9.0,152.0,56.0,-15.0,5.0,2.23606797749979,43.16440871765879,15.811388300841896,2.23606797749979,63.43494882292201,DIC-C2DH-HeLa,02,HeLa,#dc3cbe
32,Cell,10,10.0,161.0,54.5,-6.0,3.5,9.12414379544733,52.28855251310612,6.946221994724902,9.12414379544733,-9.462322208025617,DIC-C2DH-HeLa,02,HeLa,#dc3cbe
32,Cell,11,11.0,160.0,51.0,-7.0,0.0,3.640054944640259,55.92860745774638,7.0,3.640054944640259,-105.94539590092285,DIC-C2DH-HeLa,02,HeLa,#dc3cbe
32,Cell,12,12.0,153.0,56.0,-14.0,5.0,8.602325267042627,64.53093272478901,14.866068747318506,8.602325267042627,144.46232220802565,DIC-C2DH-HeLa,02,HeLa,#dc3cbe
32,Cell,13,13.0,153.0,54.5,-14.0,3.5,1.5,66.03093272478901,14.430869689661812,1.5,-90.0,DIC-C2DH-HeLa,02,HeLa,#dc3cbe
32,Cell,14,14.0,155.0,53.0,-12.0,2.0,2.5,68.53093272478901,12.16552506059644,2.5,-36.86989764584402,DIC-C2DH-HeLa,02,HeLa,#dc3cbe
32,Cell,15,15.0,149.0,56.5,-18.0,5.5,6.946221994724902,75.47715471951392,18.82153022471871,6.946221994724902,149.74356283647074,DIC-C2DH-HeLa,02,HeLa,#dc3cbe
32,Cell,16,16.0,151.0,56.5,-16.0,5.5,2.0,77.47715471951392,16.91892431568863,2.0,0.0,DIC-C2DH-HeLa,02,HeLa,#dc3cbe
32,Cell,17,17.0,151.0,56.0,-16.0,5.0,0.5,77.97715471951392,16.76305461424021,0.5,-90.0,DIC-C2DH-HeLa,02,HeLa,#dc3cbe
32,Cell,18,18.0,145.0,55.0,-22.0,4.0,6.082762530298219,84.05991724981214,22.360679774997894,6.082762530298219,-170.5376777919744,DIC-C2DH-HeLa,02,HeLa,#dc3cbe
32,Cell,19,19.0,158.0,57.0,-9.0,6.0,13.152946437965904,97.21286368777804,10.816653826391969,13.152946437965904,8.74616226255521,DIC-C2DH-HeLa,02,HeLa,#dc3cbe
32,Cell,20,20.0,143.0,54.5,-24.0,3.5,15.20690632574555,112.4197700135236,24.253865671269807,15.20690632574555,-170.5376777919744,DIC-C2DH-HeLa,02,HeLa,#dc3cbe
32,Cell,21,21.0,153.0,58.0,-14.0,7.0,10.594810050208546,123.01458006373215,15.652475842498529,10.594810050208546,19.29004621918873,DIC-C2DH-HeLa,02,HeLa,#dc3cbe
32,Cell,22,22.0,143.0,56.0,-24.0,5.0,10.198039027185567,133.2126190909177,24.515301344262525,10.198039027185567,-168.6900675259798,DIC-C2DH-HeLa,02,HeLa,#dc3cbe
32,Cell,23,23.0,156.0,55.0,-11.0,4.0,13.038404810405298,146.251023901323,11.704699910719626,13.038404810405298,-4.398705354995532,DIC-C2DH-HeLa,02,HeLa,#dc3cbe
35,Cell,0,0.0,224.0,53.0,0.0,0.0,0.0,0.0,0.0,0.0,0.0,DIC-C2DH-HeLa,02,HeLa,#dc3cbe
35,Cell,1,1.0,235.0,53.0,11.0,0.0,11.0,11.0,11.0,11.0,0.0,DIC-C2DH-HeLa,02,HeLa,#dc3cbe
35,Cell,2,2.0,232.0,58.0,8.0,5.0,5.830951894845301,16.8309518948453,9.433981132056603,5.830951894845301,120.96375653207352,DIC-C2DH-HeLa,02,HeLa,#dc3cbe
35,Cell,3,3.0,224.0,50.0,0.0,-3.0,11.31370849898476,28.14466039383006,3.0,11.31370849898476,-135.0,DIC-C2DH-HeLa,02,HeLa,#dc3cbe
35,Cell,4,4.0,239.0,54.0,15.0,1.0,15.524174696260024,43.66883509009008,15.033296378372908,15.524174696260024,14.931417178137556,DIC-C2DH-HeLa,02,HeLa,#dc3cbe
35,Cell,5,5.0,244.0,49.5,20.0,-3.5,6.726812023536855,50.395647113626936,20.303940504246956,6.726812023536855,-41.98721249581666,DIC-C2DH-HeLa,02,HeLa,#dc3cbe
35,Cell,6,6.0,234.0,58.0,10.0,5.0,13.124404748406688,63.520051862033625,11.180339887498947,13.124404748406688,139.63546342690262,DIC-C2DH-HeLa,02,HeLa,#dc3cbe
35,Cell,7,7.0,234.0,69.0,10.0,16.0,11.0,74.52005186203363,18.867962264113206,11.0,90.0,DIC-C2DH-HeLa,02,HeLa,#dc3cbe
35,Cell,8,8.0,234.0,52.0,10.0,-1.0,17.0,91.52005186203364,10.04987562112089,17.0,-90.0,DIC-C2DH-HeLa,02,HeLa,#dc3cbe
35,Cell,9,9.0,224.0,52.0,0.0,-1.0,10.0,101.52005186203364,1.0,10.0,180.0,DIC-C2DH-HeLa,02,HeLa,#dc3cbe
35,Cell,10,10.0,223.0,59.0,-1.0,6.0,7.071067811865476,108.5911196738991,6.082762530298219,7.071067811865476,98.130102354156,DIC-C2DH-HeLa,02,HeLa,#dc3cbe
35,Cell,11,11.0,223.0,59.0,-1.0,6.0,0.0,108.5911196738991,6.082762530298219,0.0,0.0,DIC-C2DH-HeLa,02,HeLa,#dc3cbe
35,Cell,12,12.0,233.0,49.5,9.0,-3.5,13.793114224133722,122.38423389803282,9.656603957913983,13.793114224133722,-43.53119928561417,DIC-C2DH-HeLa,02,HeLa,#dc3cbe
35,Cell,13,13.0,220.0,49.5,-4.0,-3.5,13.0,135.38423389803282,5.315072906367325,13.0,180.0,DIC-C2DH-HeLa,02,HeLa,#dc3cbe
35,Cell,14,14.0,219.0,57.0,-5.0,4.0,7.566372975210778,142.9506068732436,6.4031242374328485,7.566372975210778,97.59464336859143,DIC-C2DH-HeLa,02,HeLa,#dc3cbe
35,Cell,15,15.0,208.0,52.0,-16.0,-1.0,12.083045973594572,155.03365284683818,16.0312195418814,12.083045973594572,-155.55604521958347,DIC-C2DH-HeLa,02,HeLa,#dc3cbe
35,Cell,16,16.0,230.0,53.0,6.0,0.0,22.02271554554524,177.05636839238343,6.0,22.02271554554524,2.6025622024998065,DIC-C2DH-HeLa,02,HeLa,#dc3cbe
35,Cell,17,17.0,220.0,49.0,-4.0,-4.0,10.770329614269007,187.82669800665244,5.656854249492381,10.770329614269007,-158.19859051364818,DIC-C2DH-HeLa,02,HeLa,#dc3cbe
35,Cell,18,18.0,226.0,48.0,2.0,-5.0,6.082762530298219,193.90946053695063,5.385164807134504,6.082762530298219,-9.462322208025617,DIC-C2DH-HeLa,02,HeLa,#dc3cbe
25,Cell,0,0.0,329.5,417.0,0.0,0.0,0.0,0.0,0.0,0.0,0.0,DIC-C2DH-HeLa,02,HeLa,#dc3cbe
25,Cell,1,1.0,340.0,429.0,10.5,12.0,15.945218719101977,15.945218719101977,15.945218719101977,15.945218719101977,48.81407483429036,DIC-C2DH-HeLa,02,HeLa,#dc3cbe
25,Cell,2,2.0,348.0,437.0,18.5,20.0,11.31370849898476,27.258927218086736,27.24426545165056,11.31370849898476,45.0,DIC-C2DH-HeLa,02,HeLa,#dc3cbe
25,Cell,3,3.0,348.0,437.0,18.5,20.0,0.0,27.258927218086736,27.24426545165056,0.0,0.0,DIC-C2DH-HeLa,02,HeLa,#dc3cbe
25,Cell,4,4.0,348.0,437.0,18.5,20.0,0.0,27.258927218086736,27.24426545165056,0.0,0.0,DIC-C2DH-HeLa,02,HeLa,#dc3cbe
25,Cell,5,5.0,347.0,440.5,17.5,23.5,3.640054944640259,30.898982162726995,29.300170647967224,3.640054944640259,105.94539590092285,DIC-C2DH-HeLa,02,HeLa,#dc3cbe
25,Cell,6,6.0,347.0,441.0,17.5,24.0,0.5,31.398982162726995,29.70269348055829,0.5,90.0,DIC-C2DH-HeLa,02,HeLa,#dc3cbe
25,Cell,7,7.0,347.0,441.0,17.5,24.0,0.0,31.398982162726995,29.70269348055829,0.0,0.0,DIC-C2DH-HeLa,02,HeLa,#dc3cbe
25,Cell,8,8.0,347.0,441.0,17.5,24.0,0.0,31.398982162726995,29.70269348055829,0.0,0.0,DIC-C2DH-HeLa,02,HeLa,#dc3cbe
25,Cell,9,9.0,347.0,441.0,17.5,24.0,0.0,31.398982162726995,29.70269348055829,0.0,0.0,DIC-C2DH-HeLa,02,HeLa,#dc3cbe
25,Cell,10,10.0,335.0,442.0,5.5,25.0,12.041594578792296,43.440576741519294,25.59785147234041,12.041594578792296,175.23635830927384,DIC-C2DH-HeLa,02,HeLa,#dc3cbe
25,Cell,11,11.0,336.0,442.0,6.5,25.0,1.0,44.440576741519294,25.83118270617898,1.0,0.0,DIC-C2DH-HeLa,02,HeLa,#dc3cbe
25,Cell,12,12.0,345.0,441.0,15.5,24.0,9.055385138137416,53.49596187965671,28.570089254323307,9.055385138137416,-6.34019174590991,DIC-C2DH-HeLa,02,HeLa,#dc3cbe
25,Cell,13,13.0,345.0,441.0,15.5,24.0,0.0,53.49596187965671,28.570089254323307,0.0,0.0,DIC-C2DH-HeLa,02,HeLa,#dc3cbe
25,Cell,14,14.0,345.0,441.0,15.5,24.0,0.0,53.49596187965671,28.570089254323307,0.0,0.0,DIC-C2DH-HeLa,02,HeLa,#dc3cbe
24,Cell,0,0.0,249.0,420.0,0.0,0.0,0.0,0.0,0.0,0.0,0.0,DIC-C2DH-HeLa,02,HeLa,#dc3cbe
24,Cell,1,1.0,263.5,430.0,14.5,10.0,17.613914953808536,17.613914953808536,17.613914953808536,17.613914953808536,34.59228868750995,DIC-C2DH-HeLa,02,HeLa,#dc3cbe
24,Cell,2,2.0,264.0,430.0,15.0,10.0,0.5,18.113914953808536,18.027756377319943,0.5,0.0,DIC-C2DH-HeLa,02,HeLa,#dc3cbe
24,Cell,3,3.0,270.0,442.0,21.0,22.0,13.41640786499874,31.530322818807274,30.4138126514911,13.41640786499874,63.43494882292201,DIC-C2DH-HeLa,02,HeLa,#dc3cbe
24,Cell,4,4.0,270.0,442.0,21.0,22.0,0.0,31.530322818807274,30.4138126514911,0.0,0.0,DIC-C2DH-HeLa,02,HeLa,#dc3cbe
24,Cell,5,5.0,269.0,442.0,20.0,22.0,1.0,32.53032281880728,29.73213749463701,1.0,180.0,DIC-C2DH-HeLa,02,HeLa,#dc3cbe
24,Cell,6,6.0,269.0,442.0,20.0,22.0,0.0,32.53032281880728,29.73213749463701,0.0,0.0,DIC-C2DH-HeLa,02,HeLa,#dc3cbe
24,Cell,7,7.0,269.0,442.0,20.0,22.0,0.0,32.53032281880728,29.73213749463701,0.0,0.0,DIC-C2DH-HeLa,02,HeLa,#dc3cbe
24,Cell,8,8.0,267.0,442.0,18.0,22.0,2.0,34.53032281880728,28.42534080710379,2.0,180.0,DIC-C2DH-HeLa,02,HeLa,#dc3cbe
24,Cell,9,9.0,266.0,442.0,17.0,22.0,1.0,35.53032281880728,27.80287754891569,1.0,180.0,DIC-C2DH-HeLa,02,HeLa,#dc3cbe
24,Cell,10,10.0,266.0,442.0,17.0,22.0,0.0,35.53032281880728,27.80287754891569,0.0,0.0,DIC-C2DH-HeLa,02,HeLa,#dc3cbe
24,Cell,11,11.0,265.5,441.0,16.5,21.0,1.118033988749895,36.64835680755717,26.706740722147284,1.118033988749895,-116.565051177078,DIC-C2DH-HeLa,02,HeLa,#dc3cbe
24,Cell,12,12.0,253.0,441.0,4.0,21.0,12.5,49.14835680755717,21.37755832643195,12.5,180.0,DIC-C2DH-HeLa,02,HeLa,#dc3cbe
24,Cell,13,13.0,253.0,449.5,4.0,29.5,8.5,57.64835680755717,29.769951293208397,8.5,90.0,DIC-C2DH-HeLa,02,HeLa,#dc3cbe
24,Cell,14,14.0,253.0,450.0,4.0,30.0,0.5,58.14835680755717,30.265491900843116,0.5,90.0,DIC-C2DH-HeLa,02,HeLa,#dc3cbe
20,Cell,0,0.0,451.0,114.0,0.0,0.0,0.0,0.0,0.0,0.0,0.0,DIC-C2DH-HeLa,02,HeLa,#dc3cbe
20,Cell,1,1.0,453.0,100.5,2.0,-13.5,13.64734406395618,13.64734406395618,13.64734406395618,13.64734406395618,-81.57303097851933,DIC-C2DH-HeLa,02,HeLa,#dc3cbe
20,Cell,2,2.0,458.0,97.0,7.0,-17.0,6.103277807866851,19.750621871823032,18.384776310850235,6.103277807866851,-34.99202019855867,DIC-C2DH-HeLa,02,HeLa,#dc3cbe
20,Cell,3,3.0,460.0,89.0,9.0,-25.0,8.246211251235321,27.99683312305835,26.570660511172846,8.246211251235321,-75.96375653207353,DIC-C2DH-HeLa,02,HeLa,#dc3cbe
20,Cell,4,4.0,457.0,79.0,6.0,-35.0,10.44030650891055,38.4371396319689,35.510561809129406,10.44030650891055,-106.69924423399362,DIC-C2DH-HeLa,02,HeLa,#dc3cbe
20,Cell,5,5.0,450.0,76.0,-1.0,-38.0,7.615773105863909,46.05291273783281,38.01315561749642,7.615773105863909,-156.80140948635182,DIC-C2DH-HeLa,02,HeLa,#dc3cbe
20,Cell,6,6.0,455.0,59.0,4.0,-55.0,17.72004514666935,63.77295788450216,55.14526271584895,17.72004514666935,-73.61045966596522,DIC-C2DH-HeLa,02,HeLa,#dc3cbe
20,Cell,7,7.0,462.0,72.0,11.0,-42.0,14.7648230602334,78.53778094473556,43.41658669218482,14.7648230602334,61.69924423399363,DIC-C2DH-HeLa,02,HeLa,#dc3cbe
20,Cell,8,8.0,462.0,62.0,11.0,-52.0,10.0,88.53778094473556,53.150729063673246,10.0,-90.0,DIC-C2DH-HeLa,02,HeLa,#dc3cbe
20,Cell,9,9.0,451.0,61.0,0.0,-53.0,11.04536101718726,99.58314196192282,53.0,11.04536101718726,-174.80557109226518,DIC-C2DH-HeLa,02,HeLa,#dc3cbe
20,Cell,10,10.0,451.0,59.0,0.0,-55.0,2.0,101.58314196192282,55.0,2.0,-90.0,DIC-C2DH-HeLa,02,HeLa,#dc3cbe
20,Cell,11,11.0,452.0,60.0,1.0,-54.0,1.4142135623730951,102.99735552429593,54.00925846556311,1.4142135623730951,45.0,DIC-C2DH-HeLa,02,HeLa,#dc3cbe
20,Cell,12,12.0,465.0,69.0,14.0,-45.0,15.811388300841896,118.8087438251378,47.12748667179272,15.811388300841896,34.69515353123397,DIC-C2DH-HeLa,02,HeLa,#dc3cbe
11,Cell,0,0.0,205.0,401.0,0.0,0.0,0.0,0.0,0.0,0.0,0.0,DIC-C2DH-HeLa,02,HeLa,#dc3cbe
11,Cell,1,1.0,205.0,375.0,0.0,-26.0,26.0,26.0,26.0,26.0,-90.0,DIC-C2DH-HeLa,02,HeLa,#dc3cbe
11,Cell,2,2.0,201.0,369.0,-4.0,-32.0,7.211102550927978,33.211102550927976,32.2490309931942,7.211102550927978,-123.6900675259798,DIC-C2DH-HeLa,02,HeLa,#dc3cbe
11,Cell,3,3.0,201.0,369.0,-4.0,-32.0,0.0,33.211102550927976,32.2490309931942,0.0,0.0,DIC-C2DH-HeLa,02,HeLa,#dc3cbe
11,Cell,4,4.0,201.0,369.0,-4.0,-32.0,0.0,33.211102550927976,32.2490309931942,0.0,0.0,DIC-C2DH-HeLa,02,HeLa,#dc3cbe
11,Cell,5,5.0,201.0,369.0,-4.0,-32.0,0.0,33.211102550927976,32.2490309931942,0.0,0.0,DIC-C2DH-HeLa,02,HeLa,#dc3cbe
12,Cell,0,0.0,226.0,318.0,0.0,0.0,0.0,0.0,0.0,0.0,0.0,DIC-C2DH-HeLa,02,HeLa,#dc3cbe
12,Cell,1,1.0,228.0,303.0,2.0,-15.0,15.132745950421556,15.132745950421556,15.132745950421556,15.132745950421556,-82.40535663140855,DIC-C2DH-HeLa,02,HeLa,#dc3cbe
12,Cell,2,2.0,249.0,290.0,23.0,-28.0,24.698178070456937,39.83092402087849,36.23534186398688,24.698178070456937,-31.7594800848128,DIC-C2DH-HeLa,02,HeLa,#dc3cbe
12,Cell,3,3.0,249.0,290.0,23.0,-28.0,0.0,39.83092402087849,36.23534186398688,0.0,0.0,DIC-C2DH-HeLa,02,HeLa,#dc3cbe
12,Cell,4,4.0,274.0,277.0,48.0,-41.0,28.178005607210743,68.00892962808923,63.12685640834652,28.178005607210743,-27.47443162627713,DIC-C2DH-HeLa,02,HeLa,#dc3cbe
12,Cell,5,5.0,294.0,263.0,68.0,-55.0,24.413111231467404,92.42204085955665,87.45856161634491,24.413111231467404,-34.99202019855867,DIC-C2DH-HeLa,02,HeLa,#dc3cbe
42,Cell,0,0.0,166.0,49.0,0.0,0.0,0.0,0.0,0.0,0.0,0.0,DIC-C2DH-HeLa,02,HeLa,#dc3cbe
42,Cell,1,1.0,166.0,46.0,0.0,-3.0,3.0,3.0,3.0,3.0,-90.0,DIC-C2DH-HeLa,02,HeLa,#dc3cbe
42,Cell,2,2.0,147.0,53.5,-19.0,4.5,20.42669821581549,23.42669821581549,19.525624189766635,20.42669821581549,158.45902408146156,DIC-C2DH-HeLa,02,HeLa,#dc3cbe
42,Cell,3,3.0,174.5,50.0,8.5,1.0,27.721832551258224,51.14853076707372,8.558621384311845,27.721832551258224,-7.253194612725333,DIC-C2DH-HeLa,02,HeLa,#dc3cbe
42,Cell,4,4.0,169.0,48.0,3.0,-1.0,5.852349955359813,57.000880722433536,3.1622776601683795,5.852349955359813,-160.01689347810003,DIC-C2DH-HeLa,02,HeLa,#dc3cbe
21,Cell,0,0.0,465.0,99.0,0.0,0.0,0.0,0.0,0.0,0.0,0.0,DIC-C2DH-HeLa,02,HeLa,#dc3cbe
21,Cell,1,1.0,461.0,99.0,-4.0,0.0,4.0,4.0,4.0,4.0,180.0,DIC-C2DH-HeLa,02,HeLa,#dc3cbe
21,Cell,2,2.0,461.0,99.0,-4.0,0.0,0.0,4.0,4.0,0.0,0.0,DIC-C2DH-HeLa,02,HeLa,#dc3cbe
21,Cell,3,3.0,461.0,100.0,-4.0,1.0,1.0,5.0,4.123105625617661,1.0,90.0,DIC-C2DH-HeLa,02,HeLa,#dc3cbe
27,Cell,0,0.0,110.0,461.0,0.0,0.0,0.0,0.0,0.0,0.0,0.0,DIC-C2DH-HeLa,02,HeLa,#dc3cbe
27,Cell,1,1.0,110.0,461.0,0.0,0.0,0.0,0.0,0.0,0.0,0.0,DIC-C2DH-HeLa,02,HeLa,#dc3cbe
27,Cell,2,2.0,118.0,458.0,8.0,-3.0,8.54400374531753,8.54400374531753,8.54400374531753,8.54400374531753,-20.556045219583464,DIC-C2DH-HeLa,02,HeLa,#dc3cbe
27,Cell,3,3.0,118.0,458.0,8.0,-3.0,0.0,8.54400374531753,8.54400374531753,0.0,0.0,DIC-C2DH-HeLa,02,HeLa,#dc3cbe
43,Cell,0,0.0,43.0,69.0,0.0,0.0,0.0,0.0,0.0,0.0,0.0,DIC-C2DH-HeLa,02,HeLa,#dc3cbe
43,Cell,1,1.0,47.0,78.0,4.0,9.0,9.848857801796104,9.848857801796104,9.848857801796104,9.848857801796104,66.03751102542182,DIC-C2DH-HeLa,02,HeLa,#dc3cbe
34,Cell,0,0.0,182.0,50.0,0.0,0.0,0.0,0.0,0.0,0.0,0.0,DIC-C2DH-HeLa,02,HeLa,#dc3cbe
34,Cell,1,1.0,171.0,49.0,-11.0,-1.0,11.04536101718726,11.04536101718726,11.04536101718726,11.04536101718726,-174.80557109226518,DIC-C2DH-HeLa,02,HeLa,#dc3cbe
41,Cell,0,0.0,453.0,211.0,0.0,0.0,0.0,0.0,0.0,0.0,0.0,DIC-C2DH-HeLa,02,HeLa,#dc3cbe
41,Cell,1,1.0,458.0,197.0,5.0,-14.0,14.866068747318506,14.866068747318506,14.866068747318506,14.866068747318506,-70.3461759419467,DIC-C2DH-HeLa,02,HeLa,#dc3cbe
23,Cell,0,0.0,350.0,422.0,0.0,0.0,0.0,0.0,0.0,0.0,0.0,DIC-C2DH-HeLa,02,HeLa,#dc3cbe
23,Cell,1,1.0,350.0,422.0,0.0,0.0,0.0,0.0,0.0,0.0,0.0,DIC-C2DH-HeLa,02,HeLa,#dc3cbe
23,Cell,2,2.0,350.0,421.5,0.0,-0.5,0.5,0.5,0.5,0.5,-90.0,DIC-C2DH-HeLa,02,HeLa,#dc3cbe
23,Cell,3,3.0,349.0,420.0,-1.0,-2.0,1.8027756377319943,2.302775637731995,2.23606797749979,1.8027756377319943,-123.6900675259798,DIC-C2DH-HeLa,02,HeLa,#dc3cbe
23,Cell,4,4.0,349.0,420.0,-1.0,-2.0,0.0,2.302775637731995,2.23606797749979,0.0,0.0,DIC-C2DH-HeLa,02,HeLa,#dc3cbe
23,Cell,5,5.0,349.0,420.0,-1.0,-2.0,0.0,2.302775637731995,2.23606797749979,0.0,0.0,DIC-C2DH-HeLa,02,HeLa,#dc3cbe
23,Cell,6,6.0,349.0,420.0,-1.0,-2.0,0.0,2.302775637731995,2.23606797749979,0.0,0.0,DIC-C2DH-HeLa,02,HeLa,#dc3cbe
23,Cell,7,7.0,349.0,420.0,-1.0,-2.0,0.0,2.302775637731995,2.23606797749979,0.0,0.0,DIC-C2DH-HeLa,02,HeLa,#dc3cbe
23,Cell,8,8.0,349.0,420.0,-1.0,-2.0,0.0,2.302775637731995,2.23606797749979,0.0,0.0,DIC-C2DH-HeLa,02,HeLa,#dc3cbe
23,Cell,9,9.0,349.0,420.0,-1.0,-2.0,0.0,2.302775637731995,2.23606797749979,0.0,0.0,DIC-C2DH-HeLa,02,HeLa,#dc3cbe
23,Cell,10,10.0,349.0,420.0,-1.0,-2.0,0.0,2.302775637731995,2.23606797749979,0.0,0.0,DIC-C2DH-HeLa,02,HeLa,#dc3cbe
23,Cell,11,11.0,349.0,420.0,-1.0,-2.0,0.0,2.302775637731995,2.23606797749979,0.0,0.0,DIC-C2DH-HeLa,02,HeLa,#dc3cbe
23,Cell,12,12.0,350.0,420.0,0.0,-2.0,1.0,3.302775637731995,2.0,1.0,0.0,DIC-C2DH-HeLa,02,HeLa,#dc3cbe
23,Cell,13,13.0,350.5,420.0,0.5,-2.0,0.5,3.802775637731995,2.0615528128088303,0.5,0.0,DIC-C2DH-HeLa,02,HeLa,#dc3cbe
23,Cell,14,14.0,351.0,420.0,1.0,-2.0,0.5,4.302775637731995,2.23606797749979,0.5,0.0,DIC-C2DH-HeLa,02,HeLa,#dc3cbe
23,Cell,15,15.0,351.0,420.0,1.0,-2.0,0.0,4.302775637731995,2.23606797749979,0.0,0.0,DIC-C2DH-HeLa,02,HeLa,#dc3cbe
23,Cell,16,16.0,351.0,420.0,1.0,-2.0,0.0,4.302775637731995,2.23606797749979,0.0,0.0,DIC-C2DH-HeLa,02,HeLa,#dc3cbe
23,Cell,17,17.0,351.0,420.0,1.0,-2.0,0.0,4.302775637731995,2.23606797749979,0.0,0.0,DIC-C2DH-HeLa,02,HeLa,#dc3cbe
23,Cell,18,18.0,351.0,420.0,1.0,-2.0,0.0,4.302775637731995,2.23606797749979,0.0,0.0,DIC-C2DH-HeLa,02,HeLa,#dc3cbe
23,Cell,19,19.0,351.0,420.0,1.0,-2.0,0.0,4.302775637731995,2.23606797749979,0.0,0.0,DIC-C2DH-HeLa,02,HeLa,#dc3cbe
23,Cell,20,20.0,351.0,420.0,1.0,-2.0,0.0,4.302775637731995,2.23606797749979,0.0,0.0,DIC-C2DH-HeLa,02,HeLa,#dc3cbe
23,Cell,21,21.0,351.0,420.0,1.0,-2.0,0.0,4.302775637731995,2.23606797749979,0.0,0.0,DIC-C2DH-HeLa,02,HeLa,#dc3cbe
23,Cell,22,22.0,351.0,420.0,1.0,-2.0,0.0,4.302775637731995,2.23606797749979,0.0,0.0,DIC-C2DH-HeLa,02,HeLa,#dc3cbe
23,Cell,23,23.0,351.0,420.0,1.0,-2.0,0.0,4.302775637731995,2.23606797749979,0.0,0.0,DIC-C2DH-HeLa,02,HeLa,#dc3cbe
23,Cell,24,24.0,351.0,420.0,1.0,-2.0,0.0,4.302775637731995,2.23606797749979,0.0,0.0,DIC-C2DH-HeLa,02,HeLa,#dc3cbe
23,Cell,25,25.0,351.0,420.0,1.0,-2.0,0.0,4.302775637731995,2.23606797749979,0.0,0.0,DIC-C2DH-HeLa,02,HeLa,#dc3cbe
23,Cell,26,26.0,351.0,420.0,1.0,-2.0,0.0,4.302775637731995,2.23606797749979,0.0,0.0,DIC-C2DH-HeLa,02,HeLa,#dc3cbe
23,Cell,27,27.0,351.0,420.0,1.0,-2.0,0.0,4.302775637731995,2.23606797749979,0.0,0.0,DIC-C2DH-HeLa,02,HeLa,#dc3cbe
23,Cell,28,28.0,351.0,420.0,1.0,-2.0,0.0,4.302775637731995,2.23606797749979,0.0,0.0,DIC-C2DH-HeLa,02,HeLa,#dc3cbe
23,Cell,29,29.0,351.0,420.0,1.0,-2.0,0.0,4.302775637731995,2.23606797749979,0.0,0.0,DIC-C2DH-HeLa,02,HeLa,#dc3cbe
23,Cell,30,30.0,351.0,420.0,1.0,-2.0,0.0,4.302775637731995,2.23606797749979,0.0,0.0,DIC-C2DH-HeLa,02,HeLa,#dc3cbe
23,Cell,31,31.0,351.0,420.0,1.0,-2.0,0.0,4.302775637731995,2.23606797749979,0.0,0.0,DIC-C2DH-HeLa,02,HeLa,#dc3cbe
23,Cell,32,32.0,351.0,420.0,1.0,-2.0,0.0,4.302775637731995,2.23606797749979,0.0,0.0,DIC-C2DH-HeLa,02,HeLa,#dc3cbe
23,Cell,33,33.0,351.0,420.0,1.0,-2.0,0.0,4.302775637731995,2.23606797749979,0.0,0.0,DIC-C2DH-HeLa,02,HeLa,#dc3cbe
23,Cell,34,34.0,351.0,420.0,1.0,-2.0,0.0,4.302775637731995,2.23606797749979,0.0,0.0,DIC-C2DH-HeLa,02,HeLa,#dc3cbe
23,Cell,35,35.0,351.0,420.0,1.0,-2.0,0.0,4.302775637731995,2.23606797749979,0.0,0.0,DIC-C2DH-HeLa,02,HeLa,#dc3cbe
23,Cell,36,36.0,351.0,420.0,1.0,-2.0,0.0,4.302775637731995,2.23606797749979,0.0,0.0,DIC-C2DH-HeLa,02,HeLa,#dc3cbe
23,Cell,37,37.0,351.0,420.0,1.0,-2.0,0.0,4.302775637731995,2.23606797749979,0.0,0.0,DIC-C2DH-HeLa,02,HeLa,#dc3cbe
23,Cell,38,38.0,351.0,420.0,1.0,-2.0,0.0,4.302775637731995,2.23606797749979,0.0,0.0,DIC-C2DH-HeLa,02,HeLa,#dc3cbe
23,Cell,39,39.0,351.5,420.0,1.5,-2.0,0.5,4.802775637731995,2.5,0.5,0.0,DIC-C2DH-HeLa,02,HeLa,#dc3cbe
23,Cell,40,40.0,352.0,420.0,2.0,-2.0,0.5,5.302775637731995,2.8284271247461903,0.5,0.0,DIC-C2DH-HeLa,02,HeLa,#dc3cbe
23,Cell,41,41.0,352.0,420.0,2.0,-2.0,0.0,5.302775637731995,2.8284271247461903,0.0,0.0,DIC-C2DH-HeLa,02,HeLa,#dc3cbe
23,Cell,42,42.0,352.0,421.0,2.0,-1.0,1.0,6.302775637731995,2.23606797749979,1.0,90.0,DIC-C2DH-HeLa,02,HeLa,#dc3cbe
23,Cell,43,43.0,352.0,421.0,2.0,-1.0,0.0,6.302775637731995,2.23606797749979,0.0,0.0,DIC-C2DH-HeLa,02,HeLa,#dc3cbe
23,Cell,44,44.0,346.0,421.5,-4.0,-0.5,6.020797289396148,12.323572927128144,4.031128874149275,6.020797289396148,175.23635830927384,DIC-C2DH-HeLa,02,HeLa,#dc3cbe
23,Cell,45,45.0,346.0,421.5,-4.0,-0.5,0.0,12.323572927128144,4.031128874149275,0.0,0.0,DIC-C2DH-HeLa,02,HeLa,#dc3cbe
23,Cell,46,46.0,345.0,421.0,-5.0,-1.0,1.118033988749895,13.441606915878038,5.0990195135927845,1.118033988749895,-153.43494882292202,DIC-C2DH-HeLa,02,HeLa,#dc3cbe
23,Cell,47,47.0,345.0,421.0,-5.0,-1.0,0.0,13.441606915878038,5.0990195135927845,0.0,0.0,DIC-C2DH-HeLa,02,HeLa,#dc3cbe
23,Cell,48,48.0,345.0,421.0,-5.0,-1.0,0.0,13.441606915878038,5.0990195135927845,0.0,0.0,DIC-C2DH-HeLa,02,HeLa,#dc3cbe
23,Cell,49,49.0,345.0,421.0,-5.0,-1.0,0.0,13.441606915878038,5.0990195135927845,0.0,0.0,DIC-C2DH-HeLa,02,HeLa,#dc3cbe
23,Cell,50,50.0,333.0,421.5,-17.0,-0.5,12.010412149464312,25.452019065342352,17.00735135169495,12.010412149464312,177.6140559696112,DIC-C2DH-HeLa,02,HeLa,#dc3cbe
23,Cell,51,51.0,333.0,422.0,-17.0,0.0,0.5,25.952019065342352,17.0,0.5,90.0,DIC-C2DH-HeLa,02,HeLa,#dc3cbe
23,Cell,52,52.0,321.0,430.0,-29.0,8.0,14.422205101855956,40.37422416719831,30.083217912982647,14.422205101855956,146.30993247402023,DIC-C2DH-HeLa,02,HeLa,#dc3cbe
23,Cell,53,53.0,321.0,430.0,-29.0,8.0,0.0,40.37422416719831,30.083217912982647,0.0,0.0,DIC-C2DH-HeLa,02,HeLa,#dc3cbe
23,Cell,54,54.0,321.0,430.0,-29.0,8.0,0.0,40.37422416719831,30.083217912982647,0.0,0.0,DIC-C2DH-HeLa,02,HeLa,#dc3cbe
23,Cell,55,55.0,320.0,430.0,-30.0,8.0,1.0,41.37422416719831,31.04834939252005,1.0,180.0,DIC-C2DH-HeLa,02,HeLa,#dc3cbe
23,Cell,56,56.0,320.0,430.0,-30.0,8.0,0.0,41.37422416719831,31.04834939252005,0.0,0.0,DIC-C2DH-HeLa,02,HeLa,#dc3cbe
23,Cell,57,57.0,320.0,429.5,-30.0,7.5,0.5,41.87422416719831,30.92329219213245,0.5,-90.0,DIC-C2DH-HeLa,02,HeLa,#dc3cbe
23,Cell,58,58.0,319.5,428.5,-30.5,6.5,1.118033988749895,42.9922581559482,31.184932259025352,1.118033988749895,-116.565051177078,DIC-C2DH-HeLa,02,HeLa,#dc3cbe
23,Cell,59,59.0,315.0,427.0,-35.0,5.0,4.743416490252569,47.73567464620077,35.35533905932738,4.743416490252569,-161.56505117707798,DIC-C2DH-HeLa,02,HeLa,#dc3cbe
23,Cell,60,60.0,315.0,427.0,-35.0,5.0,0.0,47.73567464620077,35.35533905932738,0.0,0.0,DIC-C2DH-HeLa,02,HeLa,#dc3cbe
23,Cell,61,61.0,295.0,444.0,-55.0,22.0,26.248809496813376,73.98448414301414,59.23681287847955,26.248809496813376,139.63546342690262,DIC-C2DH-HeLa,02,HeLa,#dc3cbe
23,Cell,62,62.0,295.0,444.0,-55.0,22.0,0.0,73.98448414301414,59.23681287847955,0.0,0.0,DIC-C2DH-HeLa,02,HeLa,#dc3cbe
23,Cell,63,63.0,295.0,445.0,-55.0,23.0,1.0,74.98448414301414,59.61543424315552,1.0,90.0,DIC-C2DH-HeLa,02,HeLa,#dc3cbe
23,Cell,64,64.0,299.5991356023771,444.599135602377,-50.40086439762291,22.599135602377032,4.616572381576411,79.60105652459055,55.23556881215399,4.616572381576411,-4.981357700425549,DIC-C2DH-HeLa,02,HeLa,#dc3cbe
23,Cell,65,65.0,312.5,431.0,-37.5,9.0,18.744833723927584,98.34589024851812,38.56488039654732,18.744833723927584,-46.50938631927501,DIC-C2DH-HeLa,02,HeLa,#dc3cbe
23,Cell,66,66.0,275.0,417.0,-75.0,-5.0,40.02811511925087,138.374005367769,75.16648189186454,40.02811511925087,-159.52772048025807,DIC-C2DH-HeLa,02,HeLa,#dc3cbe
23,Cell,67,67.0,275.0,417.0,-75.0,-5.0,0.0,138.374005367769,75.16648189186454,0.0,0.0,DIC-C2DH-HeLa,02,HeLa,#dc3cbe
23,Cell,68,68.0,276.0,413.0,-74.0,-9.0,4.123105625617661,142.49711099338666,74.54528824815154,4.123105625617661,-75.96375653207353,DIC-C2DH-HeLa,02,HeLa,#dc3cbe
5,Cell,0,0.0,156.0,285.0,0.0,0.0,0.0,0.0,0.0,0.0,0.0,DIC-C2DH-HeLa,02,HeLa,#dc3cbe
5,Cell,1,1.0,156.0,285.0,0.0,0.0,0.0,0.0,0.0,0.0,0.0,DIC-C2DH-HeLa,02,HeLa,#dc3cbe
5,Cell,2,2.0,149.0,273.0,-7.0,-12.0,13.892443989449804,13.892443989449804,13.892443989449804,13.892443989449804,-120.25643716352928,DIC-C2DH-HeLa,02,HeLa,#dc3cbe
5,Cell,3,3.0,149.0,273.0,-7.0,-12.0,0.0,13.892443989449804,13.892443989449804,0.0,0.0,DIC-C2DH-HeLa,02,HeLa,#dc3cbe
5,Cell,4,4.0,146.0,273.0,-10.0,-12.0,3.0,16.892443989449802,15.620499351813308,3.0,180.0,DIC-C2DH-HeLa,02,HeLa,#dc3cbe
5,Cell,5,5.0,146.0,273.0,-10.0,-12.0,0.0,16.892443989449802,15.620499351813308,0.0,0.0,DIC-C2DH-HeLa,02,HeLa,#dc3cbe
5,Cell,6,6.0,146.0,273.0,-10.0,-12.0,0.0,16.892443989449802,15.620499351813308,0.0,0.0,DIC-C2DH-HeLa,02,HeLa,#dc3cbe
5,Cell,7,7.0,146.0,273.0,-10.0,-12.0,0.0,16.892443989449802,15.620499351813308,0.0,0.0,DIC-C2DH-HeLa,02,HeLa,#dc3cbe
5,Cell,8,8.0,146.0,273.0,-10.0,-12.0,0.0,16.892443989449802,15.620499351813308,0.0,0.0,DIC-C2DH-HeLa,02,HeLa,#dc3cbe
5,Cell,9,9.0,156.0,269.0,0.0,-16.0,10.770329614269007,27.66277360371881,16.0,10.770329614269007,-21.80140948635181,DIC-C2DH-HeLa,02,HeLa,#dc3cbe
5,Cell,10,10.0,156.0,269.0,0.0,-16.0,0.0,27.66277360371881,16.0,0.0,0.0,DIC-C2DH-HeLa,02,HeLa,#dc3cbe
5,Cell,11,11.0,156.0,269.0,0.0,-16.0,0.0,27.66277360371881,16.0,0.0,0.0,DIC-C2DH-HeLa,02,HeLa,#dc3cbe
5,Cell,12,12.0,156.0,269.0,0.0,-16.0,0.0,27.66277360371881,16.0,0.0,0.0,DIC-C2DH-HeLa,02,HeLa,#dc3cbe
5,Cell,13,13.0,158.0,281.0,2.0,-4.0,12.16552506059644,39.82829866431525,4.47213595499958,12.16552506059644,80.53767779197439,DIC-C2DH-HeLa,02,HeLa,#dc3cbe
5,Cell,14,14.0,158.0,281.0,2.0,-4.0,0.0,39.82829866431525,4.47213595499958,0.0,0.0,DIC-C2DH-HeLa,02,HeLa,#dc3cbe
5,Cell,15,15.0,158.0,281.0,2.0,-4.0,0.0,39.82829866431525,4.47213595499958,0.0,0.0,DIC-C2DH-HeLa,02,HeLa,#dc3cbe
5,Cell,16,16.0,158.0,281.0,2.0,-4.0,0.0,39.82829866431525,4.47213595499958,0.0,0.0,DIC-C2DH-HeLa,02,HeLa,#dc3cbe
5,Cell,17,17.0,158.0,281.0,2.0,-4.0,0.0,39.82829866431525,4.47213595499958,0.0,0.0,DIC-C2DH-HeLa,02,HeLa,#dc3cbe
5,Cell,18,18.0,150.0,271.0,-6.0,-14.0,12.806248474865695,52.63454713918095,15.231546211727816,12.806248474865695,-128.6598082540901,DIC-C2DH-HeLa,02,HeLa,#dc3cbe
5,Cell,19,19.0,145.0,269.0,-11.0,-16.0,5.385164807134504,58.01971194631545,19.4164878389476,5.385164807134504,-158.19859051364818,DIC-C2DH-HeLa,02,HeLa,#dc3cbe
5,Cell,20,20.0,145.0,269.0,-11.0,-16.0,0.0,58.01971194631545,19.4164878389476,0.0,0.0,DIC-C2DH-HeLa,02,HeLa,#dc3cbe
5,Cell,21,21.0,145.0,269.0,-11.0,-16.0,0.0,58.01971194631545,19.4164878389476,0.0,0.0,DIC-C2DH-HeLa,02,HeLa,#dc3cbe
5,Cell,22,22.0,102.0,284.0,-54.0,-1.0,45.5411901469428,103.56090209325824,54.00925846556311,45.5411901469428,160.76932762433873,DIC-C2DH-HeLa,02,HeLa,#dc3cbe
5,Cell,23,23.0,110.0,282.0,-46.0,-3.0,8.246211251235321,111.80711334449356,46.09772228646444,8.246211251235321,-14.036243467926475,DIC-C2DH-HeLa,02,HeLa,#dc3cbe
5,Cell,24,24.0,118.5,273.0,-37.5,-12.0,12.379418403139947,124.18653174763352,39.37321424522006,12.379418403139947,-46.636577041616725,DIC-C2DH-HeLa,02,HeLa,#dc3cbe
5,Cell,25,25.0,119.0,273.0,-37.0,-12.0,0.5,124.68653174763352,38.897300677553446,0.5,0.0,DIC-C2DH-HeLa,02,HeLa,#dc3cbe
5,Cell,26,26.0,119.0,273.0,-37.0,-12.0,0.0,124.68653174763352,38.897300677553446,0.0,0.0,DIC-C2DH-HeLa,02,HeLa,#dc3cbe
5,Cell,27,27.0,130.5,275.5,-25.5,-9.5,11.76860229593982,136.45513404357334,27.212129648375555,11.76860229593982,12.264773727892402,DIC-C2DH-HeLa,02,HeLa,#dc3cbe
5,Cell,28,28.0,133.0,276.0,-23.0,-9.0,2.549509756796392,139.0046438003697,24.698178070456937,2.549509756796392,11.309932474020211,DIC-C2DH-HeLa,02,HeLa,#dc3cbe
5,Cell,29,29.0,133.0,276.0,-23.0,-9.0,0.0,139.0046438003697,24.698178070456937,0.0,0.0,DIC-C2DH-HeLa,02,HeLa,#dc3cbe
5,Cell,30,30.0,133.0,276.0,-23.0,-9.0,0.0,139.0046438003697,24.698178070456937,0.0,0.0,DIC-C2DH-HeLa,02,HeLa,#dc3cbe
5,Cell,31,31.0,129.5,264.0,-26.5,-21.0,12.5,151.5046438003697,33.811980125393426,12.5,-106.26020470831196,DIC-C2DH-HeLa,02,HeLa,#dc3cbe
5,Cell,32,32.0,126.0,264.0,-30.0,-21.0,3.5,155.0046438003697,36.61966684720111,3.5,180.0,DIC-C2DH-HeLa,02,HeLa,#dc3cbe
5,Cell,33,33.0,120.0,263.0,-36.0,-22.0,6.082762530298219,161.08740633066796,42.190046219457976,6.082762530298219,-170.5376777919744,DIC-C2DH-HeLa,02,HeLa,#dc3cbe
5,Cell,34,34.0,120.0,263.0,-36.0,-22.0,0.0,161.08740633066796,42.190046219457976,0.0,0.0,DIC-C2DH-HeLa,02,HeLa,#dc3cbe
5,Cell,35,35.0,120.0,263.0,-36.0,-22.0,0.0,161.08740633066796,42.190046219457976,0.0,0.0,DIC-C2DH-HeLa,02,HeLa,#dc3cbe
5,Cell,36,36.0,120.0,263.0,-36.0,-22.0,0.0,161.08740633066796,42.190046219457976,0.0,0.0,DIC-C2DH-HeLa,02,HeLa,#dc3cbe
5,Cell,37,37.0,120.0,263.0,-36.0,-22.0,0.0,161.08740633066796,42.190046219457976,0.0,0.0,DIC-C2DH-HeLa,02,HeLa,#dc3cbe
5,Cell,38,38.0,120.0,263.0,-36.0,-22.0,0.0,161.08740633066796,42.190046219457976,0.0,0.0,DIC-C2DH-HeLa,02,HeLa,#dc3cbe
5,Cell,39,39.0,120.0,263.0,-36.0,-22.0,0.0,161.08740633066796,42.190046219457976,0.0,0.0,DIC-C2DH-HeLa,02,HeLa,#dc3cbe
5,Cell,40,40.0,112.0,263.0,-44.0,-22.0,8.0,169.08740633066796,49.193495504995376,8.0,180.0,DIC-C2DH-HeLa,02,HeLa,#dc3cbe
5,Cell,41,41.0,112.0,263.0,-44.0,-22.0,0.0,169.08740633066796,49.193495504995376,0.0,0.0,DIC-C2DH-HeLa,02,HeLa,#dc3cbe
5,Cell,42,42.0,90.5,269.0,-65.5,-16.0,22.321514285549718,191.40892061621767,67.4258852370512,22.321514285549718,164.40718906073369,DIC-C2DH-HeLa,02,HeLa,#dc3cbe
5,Cell,43,43.0,94.0,270.0,-62.0,-15.0,3.640054944640259,195.04897556085797,63.788713735268246,3.640054944640259,15.945395900922856,DIC-C2DH-HeLa,02,HeLa,#dc3cbe
5,Cell,44,44.0,94.0,270.0,-62.0,-15.0,0.0,195.04897556085797,63.788713735268246,0.0,0.0,DIC-C2DH-HeLa,02,HeLa,#dc3cbe
5,Cell,45,45.0,95.0,265.0,-61.0,-20.0,5.0990195135927845,200.14799507445076,64.19501538281614,5.0990195135927845,-78.69006752597979,DIC-C2DH-HeLa,02,HeLa,#dc3cbe
5,Cell,46,46.0,95.5,265.0,-60.5,-20.0,0.5,200.64799507445076,63.7200910231616,0.5,0.0,DIC-C2DH-HeLa,02,HeLa,#dc3cbe
5,Cell,47,47.0,103.0,258.0,-53.0,-27.0,10.259142264341596,210.90713733879232,59.481089431852205,10.259142264341596,-43.02506598911803,DIC-C2DH-HeLa,02,HeLa,#dc3cbe
5,Cell,48,48.0,103.0,258.0,-53.0,-27.0,0.0,210.90713733879232,59.481089431852205,0.0,0.0,DIC-C2DH-HeLa,02,HeLa,#dc3cbe
5,Cell,49,49.0,110.0,252.0,-46.0,-33.0,9.219544457292889,220.1266817960852,56.61271941887264,9.219544457292889,-40.60129464500447,DIC-C2DH-HeLa,02,HeLa,#dc3cbe
5,Cell,50,50.0,90.0,253.0,-66.0,-32.0,20.024984394500787,240.151666190586,73.348483283569,20.024984394500787,177.13759477388828,DIC-C2DH-HeLa,02,HeLa,#dc3cbe
5,Cell,51,51.0,90.0,253.0,-66.0,-32.0,0.0,240.151666190586,73.348483283569,0.0,0.0,DIC-C2DH-HeLa,02,HeLa,#dc3cbe
5,Cell,52,52.0,104.0,270.0,-52.0,-15.0,22.02271554554524,262.17438173613124,54.12023651093924,22.02271554554524,50.527540151656176,DIC-C2DH-HeLa,02,HeLa,#dc3cbe
5,Cell,53,53.0,108.0,285.0,-48.0,0.0,15.524174696260024,277.6985564323913,48.0,15.524174696260024,75.06858282186246,DIC-C2DH-HeLa,02,HeLa,#dc3cbe
13,Cell,0,0.0,321.0,235.0,0.0,0.0,0.0,0.0,0.0,0.0,0.0,DIC-C2DH-HeLa,02,HeLa,#dc3cbe
13,Cell,1,1.0,321.0,235.0,0.0,0.0,0.0,0.0,0.0,0.0,0.0,DIC-C2DH-HeLa,02,HeLa,#dc3cbe
13,Cell,2,2.0,324.0,235.0,3.0,0.0,3.0,3.0,3.0,3.0,0.0,DIC-C2DH-HeLa,02,HeLa,#dc3cbe
13,Cell,3,3.0,324.0,235.0,3.0,0.0,0.0,3.0,3.0,0.0,0.0,DIC-C2DH-HeLa,02,HeLa,#dc3cbe
13,Cell,4,4.0,324.0,235.0,3.0,0.0,0.0,3.0,3.0,0.0,0.0,DIC-C2DH-HeLa,02,HeLa,#dc3cbe
13,Cell,5,5.0,324.0,235.0,3.0,0.0,0.0,3.0,3.0,0.0,0.0,DIC-C2DH-HeLa,02,HeLa,#dc3cbe
13,Cell,6,6.0,324.0,235.0,3.0,0.0,0.0,3.0,3.0,0.0,0.0,DIC-C2DH-HeLa,02,HeLa,#dc3cbe
13,Cell,7,7.0,324.0,235.0,3.0,0.0,0.0,3.0,3.0,0.0,0.0,DIC-C2DH-HeLa,02,HeLa,#dc3cbe
13,Cell,8,8.0,324.0,235.0,3.0,0.0,0.0,3.0,3.0,0.0,0.0,DIC-C2DH-HeLa,02,HeLa,#dc3cbe
13,Cell,9,9.0,324.0,235.0,3.0,0.0,0.0,3.0,3.0,0.0,0.0,DIC-C2DH-HeLa,02,HeLa,#dc3cbe
13,Cell,10,10.0,324.0,235.0,3.0,0.0,0.0,3.0,3.0,0.0,0.0,DIC-C2DH-HeLa,02,HeLa,#dc3cbe
13,Cell,11,11.0,324.0,235.0,3.0,0.0,0.0,3.0,3.0,0.0,0.0,DIC-C2DH-HeLa,02,HeLa,#dc3cbe
13,Cell,12,12.0,324.0,235.0,3.0,0.0,0.0,3.0,3.0,0.0,0.0,DIC-C2DH-HeLa,02,HeLa,#dc3cbe
13,Cell,13,13.0,324.0,235.0,3.0,0.0,0.0,3.0,3.0,0.0,0.0,DIC-C2DH-HeLa,02,HeLa,#dc3cbe
13,Cell,14,14.0,324.0,235.0,3.0,0.0,0.0,3.0,3.0,0.0,0.0,DIC-C2DH-HeLa,02,HeLa,#dc3cbe
13,Cell,15,15.0,327.0,233.0,6.0,-2.0,3.605551275463989,6.60555127546399,6.324555320336759,3.605551275463989,-33.690067525979785,DIC-C2DH-HeLa,02,HeLa,#dc3cbe
13,Cell,16,16.0,329.0,226.0,8.0,-9.0,7.280109889280518,13.885661164744509,12.041594578792296,7.280109889280518,-74.05460409907715,DIC-C2DH-HeLa,02,HeLa,#dc3cbe
13,Cell,17,17.0,329.0,226.0,8.0,-9.0,0.0,13.885661164744509,12.041594578792296,0.0,0.0,DIC-C2DH-HeLa,02,HeLa,#dc3cbe
13,Cell,18,18.0,331.0,216.0,10.0,-19.0,10.198039027185567,24.08370019193008,21.470910553583888,10.198039027185567,-78.69006752597979,DIC-C2DH-HeLa,02,HeLa,#dc3cbe
13,Cell,19,19.0,331.0,216.0,10.0,-19.0,0.0,24.08370019193008,21.470910553583888,0.0,0.0,DIC-C2DH-HeLa,02,HeLa,#dc3cbe
13,Cell,20,20.0,331.0,216.0,10.0,-19.0,0.0,24.08370019193008,21.470910553583888,0.0,0.0,DIC-C2DH-HeLa,02,HeLa,#dc3cbe
13,Cell,21,21.0,331.0,213.0,10.0,-22.0,3.0,27.08370019193008,24.166091947189145,3.0,-90.0,DIC-C2DH-HeLa,02,HeLa,#dc3cbe
13,Cell,22,22.0,331.0,213.0,10.0,-22.0,0.0,27.08370019193008,24.166091947189145,0.0,0.0,DIC-C2DH-HeLa,02,HeLa,#dc3cbe
13,Cell,23,23.0,331.0,213.0,10.0,-22.0,0.0,27.08370019193008,24.166091947189145,0.0,0.0,DIC-C2DH-HeLa,02,HeLa,#dc3cbe
13,Cell,24,24.0,331.0,213.0,10.0,-22.0,0.0,27.08370019193008,24.166091947189145,0.0,0.0,DIC-C2DH-HeLa,02,HeLa,#dc3cbe
13,Cell,25,25.0,331.0,213.0,10.0,-22.0,0.0,27.08370019193008,24.166091947189145,0.0,0.0,DIC-C2DH-HeLa,02,HeLa,#dc3cbe
13,Cell,26,26.0,331.0,213.0,10.0,-22.0,0.0,27.08370019193008,24.166091947189145,0.0,0.0,DIC-C2DH-HeLa,02,HeLa,#dc3cbe
13,Cell,27,27.0,331.0,213.0,10.0,-22.0,0.0,27.08370019193008,24.166091947189145,0.0,0.0,DIC-C2DH-HeLa,02,HeLa,#dc3cbe
13,Cell,28,28.0,331.0,213.0,10.0,-22.0,0.0,27.08370019193008,24.166091947189145,0.0,0.0,DIC-C2DH-HeLa,02,HeLa,#dc3cbe
13,Cell,29,29.0,331.0,213.0,10.0,-22.0,0.0,27.08370019193008,24.166091947189145,0.0,0.0,DIC-C2DH-HeLa,02,HeLa,#dc3cbe
13,Cell,30,30.0,331.0,213.0,10.0,-22.0,0.0,27.08370019193008,24.166091947189145,0.0,0.0,DIC-C2DH-HeLa,02,HeLa,#dc3cbe
13,Cell,31,31.0,331.0,213.0,10.0,-22.0,0.0,27.08370019193008,24.166091947189145,0.0,0.0,DIC-C2DH-HeLa,02,HeLa,#dc3cbe
13,Cell,32,32.0,331.0,213.0,10.0,-22.0,0.0,27.08370019193008,24.166091947189145,0.0,0.0,DIC-C2DH-HeLa,02,HeLa,#dc3cbe
13,Cell,33,33.0,331.0,213.0,10.0,-22.0,0.0,27.08370019193008,24.166091947189145,0.0,0.0,DIC-C2DH-HeLa,02,HeLa,#dc3cbe
13,Cell,34,34.0,335.0,211.0,14.0,-24.0,4.47213595499958,31.555836146929657,27.784887978899608,4.47213595499958,-26.56505117707799,DIC-C2DH-HeLa,02,HeLa,#dc3cbe
13,Cell,35,35.0,335.0,211.0,14.0,-24.0,0.0,31.555836146929657,27.784887978899608,0.0,0.0,DIC-C2DH-HeLa,02,HeLa,#dc3cbe
13,Cell,36,36.0,335.0,211.0,14.0,-24.0,0.0,31.555836146929657,27.784887978899608,0.0,0.0,DIC-C2DH-HeLa,02,HeLa,#dc3cbe
13,Cell,37,37.0,335.0,211.0,14.0,-24.0,0.0,31.555836146929657,27.784887978899608,0.0,0.0,DIC-C2DH-HeLa,02,HeLa,#dc3cbe
13,Cell,38,38.0,335.0,211.0,14.0,-24.0,0.0,31.555836146929657,27.784887978899608,0.0,0.0,DIC-C2DH-HeLa,02,HeLa,#dc3cbe
13,Cell,39,39.0,335.0,210.5,14.0,-24.5,0.5,32.05583614692966,28.21790211904493,0.5,-90.0,DIC-C2DH-HeLa,02,HeLa,#dc3cbe
13,Cell,40,40.0,335.0,210.0,14.0,-25.0,0.5,32.55583614692966,28.653097563788805,0.5,-90.0,DIC-C2DH-HeLa,02,HeLa,#dc3cbe
13,Cell,41,41.0,335.0,210.0,14.0,-25.0,0.0,32.55583614692966,28.653097563788805,0.0,0.0,DIC-C2DH-HeLa,02,HeLa,#dc3cbe
13,Cell,42,42.0,335.0,210.0,14.0,-25.0,0.0,32.55583614692966,28.653097563788805,0.0,0.0,DIC-C2DH-HeLa,02,HeLa,#dc3cbe
13,Cell,43,43.0,335.0,210.0,14.0,-25.0,0.0,32.55583614692966,28.653097563788805,0.0,0.0,DIC-C2DH-HeLa,02,HeLa,#dc3cbe
13,Cell,44,44.0,364.0,182.0,43.0,-53.0,40.311288741492746,72.86712488842241,68.24954212300622,40.311288741492746,-43.99491399474582,DIC-C2DH-HeLa,02,HeLa,#dc3cbe
13,Cell,45,45.0,364.0,182.0,43.0,-53.0,0.0,72.86712488842241,68.24954212300622,0.0,0.0,DIC-C2DH-HeLa,02,HeLa,#dc3cbe
17,Cell,0,0.0,304.5,219.0,0.0,0.0,0.0,0.0,0.0,0.0,0.0,DIC-C2DH-HeLa,02,HeLa,#dc3cbe
17,Cell,1,1.0,306.0,203.0,1.5,-16.0,16.070158679988197,16.070158679988197,16.070158679988197,16.070158679988197,-84.64417495714481,DIC-C2DH-HeLa,02,HeLa,#dc3cbe
17,Cell,2,2.0,299.0,190.0,-5.5,-29.0,14.7648230602334,30.8349817402216,29.516944286290883,14.7648230602334,-118.3007557660064,DIC-C2DH-HeLa,02,HeLa,#dc3cbe
17,Cell,3,3.0,299.0,190.0,-5.5,-29.0,0.0,30.8349817402216,29.516944286290883,0.0,0.0,DIC-C2DH-HeLa,02,HeLa,#dc3cbe
17,Cell,4,4.0,285.0,201.0,-19.5,-18.0,17.804493814764857,48.63947555498645,26.5377090194312,17.804493814764857,141.84277341263095,DIC-C2DH-HeLa,02,HeLa,#dc3cbe
17,Cell,5,5.0,299.0,204.0,-5.5,-15.0,14.317821063276352,62.95729661826281,15.976545308670458,14.317821063276352,12.094757077012105,DIC-C2DH-HeLa,02,HeLa,#dc3cbe
17,Cell,6,6.0,312.0,199.0,7.5,-20.0,13.92838827718412,76.88568489544693,21.360009363293827,13.92838827718412,-21.037511025421814,DIC-C2DH-HeLa,02,HeLa,#dc3cbe
17,Cell,7,7.0,307.0,200.5,2.5,-18.5,5.220153254455275,82.1058381499022,18.66815470259447,5.220153254455275,163.30075576600638,DIC-C2DH-HeLa,02,HeLa,#dc3cbe
17,Cell,8,8.0,307.40086439762285,206.5991356023771,2.900864397622854,-12.400864397622913,6.112294770498661,88.21813292040086,12.735637088957397,6.112294770498661,86.2396553654253,DIC-C2DH-HeLa,02,HeLa,#dc3cbe
17,Cell,9,9.0,309.0,207.0,4.5,-12.0,1.64861364184326,89.86674656224412,12.816005617976296,1.64861364184326,14.072673779032163,DIC-C2DH-HeLa,02,HeLa,#dc3cbe
17,Cell,10,10.0,334.0,246.0,29.5,27.0,46.32493928760188,136.191685849846,39.99062390110962,46.32493928760188,57.33908727832619,DIC-C2DH-HeLa,02,HeLa,#dc3cbe
17,Cell,11,11.0,334.0,238.0,29.5,19.0,8.0,144.191685849846,35.0891721190455,8.0,-90.0,DIC-C2DH-HeLa,02,HeLa,#dc3cbe
17,Cell,12,12.0,331.5,228.0,27.0,9.0,10.307764064044152,154.49944991389015,28.46049894151541,10.307764064044152,-104.0362434679265,DIC-C2DH-HeLa,02,HeLa,#dc3cbe
17,Cell,13,13.0,329.0,227.0,24.5,8.0,2.692582403567252,157.19203231745743,25.773047937719745,2.692582403567252,-158.19859051364818,DIC-C2DH-HeLa,02,HeLa,#dc3cbe
17,Cell,14,14.0,329.0,222.0,24.5,3.0,5.0,162.19203231745743,24.682990094394967,5.0,-90.0,DIC-C2DH-HeLa,02,HeLa,#dc3cbe
17,Cell,15,15.0,321.0,224.0,16.5,5.0,8.246211251235321,170.43824356869274,17.240939649566666,8.246211251235321,165.96375653207352,DIC-C2DH-HeLa,02,HeLa,#dc3cbe
17,Cell,16,16.0,312.0,210.0,7.5,-9.0,16.64331697709324,187.081560545786,11.71537451385998,16.64331697709324,-122.7352262721076,DIC-C2DH-HeLa,02,HeLa,#dc3cbe
17,Cell,17,17.0,312.0,210.0,7.5,-9.0,0.0,187.081560545786,11.71537451385998,0.0,0.0,DIC-C2DH-HeLa,02,HeLa,#dc3cbe
17,Cell,18,18.0,318.0,210.0,13.5,-9.0,6.0,193.081560545786,16.224980739587952,6.0,0.0,DIC-C2DH-HeLa,02,HeLa,#dc3cbe
17,Cell,19,19.0,318.0,210.0,13.5,-9.0,0.0,193.081560545786,16.224980739587952,0.0,0.0,DIC-C2DH-HeLa,02,HeLa,#dc3cbe
17,Cell,20,20.0,321.0,210.0,16.5,-9.0,3.0,196.081560545786,18.7949461292125,3.0,0.0,DIC-C2DH-HeLa,02,HeLa,#dc3cbe
17,Cell,21,21.0,321.5991356023771,210.4008643976229,17.09913560237709,-8.599135602377089,0.7208715109624854,196.80243205674847,19.139633524614545,0.7208715109624854,33.7853420663317,DIC-C2DH-HeLa,02,HeLa,#dc3cbe
17,Cell,22,22.0,322.0,211.0,17.5,-8.0,0.7208715109624854,197.52330356771097,19.241881404893856,0.7208715109624854,56.2146579336683,DIC-C2DH-HeLa,02,HeLa,#dc3cbe
17,Cell,23,23.0,322.0,211.0,17.5,-8.0,0.0,197.52330356771097,19.241881404893856,0.0,0.0,DIC-C2DH-HeLa,02,HeLa,#dc3cbe
17,Cell,24,24.0,322.0,210.5,17.5,-8.5,0.5,198.02330356771097,19.45507645834372,0.5,-90.0,DIC-C2DH-HeLa,02,HeLa,#dc3cbe
17,Cell,25,25.0,322.0,210.0,17.5,-9.0,0.5,198.52330356771097,19.67866865415443,0.5,-90.0,DIC-C2DH-HeLa,02,HeLa,#dc3cbe
17,Cell,26,26.0,322.0,210.0,17.5,-9.0,0.0,198.52330356771097,19.67866865415443,0.0,0.0,DIC-C2DH-HeLa,02,HeLa,#dc3cbe
17,Cell,27,27.0,328.0,210.0,23.5,-9.0,6.0,204.52330356771097,25.16445906432324,6.0,0.0,DIC-C2DH-HeLa,02,HeLa,#dc3cbe
17,Cell,28,28.0,352.0,210.0,47.5,-9.0,24.0,228.52330356771097,48.34511350695125,24.0,0.0,DIC-C2DH-HeLa,02,HeLa,#dc3cbe
17,Cell,29,29.0,348.0,207.0,43.5,-12.0,5.0,233.52330356771097,45.12482686947397,5.0,-143.13010235415598,DIC-C2DH-HeLa,02,HeLa,#dc3cbe
17,Cell,30,30.0,348.0,207.0,43.5,-12.0,0.0,233.52330356771097,45.12482686947397,0.0,0.0,DIC-C2DH-HeLa,02,HeLa,#dc3cbe
17,Cell,31,31.0,337.0,208.0,32.5,-11.0,11.04536101718726,244.56866458489824,34.311076928595526,11.04536101718726,174.80557109226518,DIC-C2DH-HeLa,02,HeLa,#dc3cbe
17,Cell,32,32.0,323.0,216.5,18.5,-2.5,16.3783393541592,260.9470039390574,18.66815470259447,16.3783393541592,148.73626830562256,DIC-C2DH-HeLa,02,HeLa,#dc3cbe
17,Cell,33,33.0,323.0,218.0,18.5,-1.0,1.5,262.4470039390574,18.527007313648905,1.5,90.0,DIC-C2DH-HeLa,02,HeLa,#dc3cbe
17,Cell,34,34.0,337.0,202.0,32.5,-17.0,21.2602916254693,283.7072955645267,36.67764987018661,21.2602916254693,-48.81407483429036,DIC-C2DH-HeLa,02,HeLa,#dc3cbe
17,Cell,35,35.0,337.0,202.0,32.5,-17.0,0.0,283.7072955645267,36.67764987018661,0.0,0.0,DIC-C2DH-HeLa,02,HeLa,#dc3cbe
17,Cell,36,36.0,344.0,213.0,39.5,-6.0,13.038404810405298,296.745700374932,39.95309750194596,13.038404810405298,57.52880770915152,DIC-C2DH-HeLa,02,HeLa,#dc3cbe
17,Cell,37,37.0,344.0,213.0,39.5,-6.0,0.0,296.745700374932,39.95309750194596,0.0,0.0,DIC-C2DH-HeLa,02,HeLa,#dc3cbe
2,Cell,0,0.0,135.0,171.0,0.0,0.0,0.0,0.0,0.0,0.0,0.0,DIC-C2DH-HeLa,02,HeLa,#dc3cbe
2,Cell,1,1.0,135.0,171.0,0.0,0.0,0.0,0.0,0.0,0.0,0.0,DIC-C2DH-HeLa,02,HeLa,#dc3cbe
2,Cell,2,2.0,129.0,170.0,-6.0,-1.0,6.082762530298219,6.082762530298219,6.082762530298219,6.082762530298219,-170.5376777919744,DIC-C2DH-HeLa,02,HeLa,#dc3cbe
2,Cell,3,3.0,120.0,177.0,-15.0,6.0,11.40175425099138,17.4845167812896,16.15549442140351,11.40175425099138,142.12501634890182,DIC-C2DH-HeLa,02,HeLa,#dc3cbe
2,Cell,4,4.0,124.0,182.0,-11.0,11.0,6.4031242374328485,23.887641018722448,15.556349186104043,6.4031242374328485,51.34019174590991,DIC-C2DH-HeLa,02,HeLa,#dc3cbe
2,Cell,5,5.0,124.0,182.0,-11.0,11.0,0.0,23.887641018722448,15.556349186104043,0.0,0.0,DIC-C2DH-HeLa,02,HeLa,#dc3cbe
2,Cell,6,6.0,124.0,182.0,-11.0,11.0,0.0,23.887641018722448,15.556349186104043,0.0,0.0,DIC-C2DH-HeLa,02,HeLa,#dc3cbe
2,Cell,7,7.0,116.0,176.0,-19.0,5.0,10.0,33.88764101872245,19.6468827043885,10.0,-143.13010235415598,DIC-C2DH-HeLa,02,HeLa,#dc3cbe
2,Cell,8,8.0,116.0,176.0,-19.0,5.0,0.0,33.88764101872245,19.6468827043885,0.0,0.0,DIC-C2DH-HeLa,02,HeLa,#dc3cbe
2,Cell,9,9.0,114.0,174.0,-21.0,3.0,2.8284271247461903,36.71606814346864,21.213203435596427,2.8284271247461903,-135.0,DIC-C2DH-HeLa,02,HeLa,#dc3cbe
2,Cell,10,10.0,114.0,174.0,-21.0,3.0,0.0,36.71606814346864,21.213203435596427,0.0,0.0,DIC-C2DH-HeLa,02,HeLa,#dc3cbe
2,Cell,11,11.0,114.0,174.0,-21.0,3.0,0.0,36.71606814346864,21.213203435596427,0.0,0.0,DIC-C2DH-HeLa,02,HeLa,#dc3cbe
2,Cell,12,12.0,114.0,179.0,-21.0,8.0,5.0,41.71606814346864,22.47220505424423,5.0,90.0,DIC-C2DH-HeLa,02,HeLa,#dc3cbe
2,Cell,13,13.0,100.0,184.0,-35.0,13.0,14.866068747318506,56.58213689078715,37.33630940518894,14.866068747318506,160.34617594194668,DIC-C2DH-HeLa,02,HeLa,#dc3cbe
2,Cell,14,14.0,73.5,179.0,-61.5,8.0,26.9675731203236,83.54971001111075,62.01814250685037,26.9675731203236,-169.3150875999973,DIC-C2DH-HeLa,02,HeLa,#dc3cbe
2,Cell,15,15.0,74.0,179.0,-61.0,8.0,0.5,84.04971001111075,61.5223536610881,0.5,0.0,DIC-C2DH-HeLa,02,HeLa,#dc3cbe
2,Cell,16,16.0,77.0,179.5,-58.0,8.5,3.0413812651491097,87.09109127625986,58.61953599270469,3.0413812651491097,9.462322208025617,DIC-C2DH-HeLa,02,HeLa,#dc3cbe
2,Cell,17,17.0,81.5,180.0,-53.5,9.0,4.527692569068709,91.61878384532857,54.25172808307584,4.527692569068709,6.34019174590991,DIC-C2DH-HeLa,02,HeLa,#dc3cbe
2,Cell,18,18.0,82.0,180.0,-53.0,9.0,0.5,92.11878384532857,53.75872022286245,0.5,0.0,DIC-C2DH-HeLa,02,HeLa,#dc3cbe
2,Cell,19,19.0,82.0,180.0,-53.0,9.0,0.0,92.11878384532857,53.75872022286245,0.0,0.0,DIC-C2DH-HeLa,02,HeLa,#dc3cbe
2,Cell,20,20.0,78.0,173.0,-57.0,2.0,8.06225774829855,100.18104159362711,57.0350769263968,8.06225774829855,-119.74488129694224,DIC-C2DH-HeLa,02,HeLa,#dc3cbe
2,Cell,21,21.0,78.0,173.0,-57.0,2.0,0.0,100.18104159362711,57.0350769263968,0.0,0.0,DIC-C2DH-HeLa,02,HeLa,#dc3cbe
2,Cell,22,22.0,89.0,166.0,-46.0,-5.0,13.038404810405298,113.2194464040324,46.2709412050371,13.038404810405298,-32.47119229084849,DIC-C2DH-HeLa,02,HeLa,#dc3cbe
2,Cell,23,23.0,89.0,166.0,-46.0,-5.0,0.0,113.2194464040324,46.2709412050371,0.0,0.0,DIC-C2DH-HeLa,02,HeLa,#dc3cbe
2,Cell,24,24.0,94.4008643976229,168.5991356023771,-40.5991356023771,-2.400864397622911,5.993733571076934,119.21317997510934,40.67006222660567,5.993733571076934,25.69892415985145,DIC-C2DH-HeLa,02,HeLa,#dc3cbe
2,Cell,25,25.0,68.0,193.0,-67.0,22.0,35.9500740512847,155.16325402639404,70.51950084905593,35.9500740512847,137.25449832136894,DIC-C2DH-HeLa,02,HeLa,#dc3cbe
2,Cell,26,26.0,69.5,194.0,-65.5,23.0,1.8027756377319943,156.96602966412604,69.42081820318744,1.8027756377319943,33.690067525979785,DIC-C2DH-HeLa,02,HeLa,#dc3cbe
2,Cell,27,27.0,74.5,193.0,-60.5,22.0,5.0990195135927845,162.06504917771883,64.37584950895794,5.0990195135927845,-11.309932474020211,DIC-C2DH-HeLa,02,HeLa,#dc3cbe
2,Cell,28,28.0,92.0,186.0,-43.0,15.0,18.848076824970764,180.9131260026896,45.5411901469428,18.848076824970764,-21.80140948635181,DIC-C2DH-HeLa,02,HeLa,#dc3cbe
2,Cell,29,29.0,92.0,186.0,-43.0,15.0,0.0,180.9131260026896,45.5411901469428,0.0,0.0,DIC-C2DH-HeLa,02,HeLa,#dc3cbe
2,Cell,30,30.0,92.0,185.5,-43.0,14.5,0.5,181.4131260026896,45.37895988230669,0.5,-90.0,DIC-C2DH-HeLa,02,HeLa,#dc3cbe
2,Cell,31,31.0,92.0,185.0,-43.0,14.0,0.5,181.9131260026896,45.22167621838005,0.5,-90.0,DIC-C2DH-HeLa,02,HeLa,#dc3cbe
2,Cell,32,32.0,91.5,185.0,-43.5,14.0,0.5,182.4131260026896,45.69737410398983,0.5,180.0,DIC-C2DH-HeLa,02,HeLa,#dc3cbe
2,Cell,33,33.0,91.0,185.0,-44.0,14.0,0.5,182.9131260026896,46.17358552246078,0.5,180.0,DIC-C2DH-HeLa,02,HeLa,#dc3cbe
2,Cell,34,34.0,91.0,185.0,-44.0,14.0,0.0,182.9131260026896,46.17358552246078,0.0,0.0,DIC-C2DH-HeLa,02,HeLa,#dc3cbe
36,Cell,0,0.0,221.0,53.0,0.0,0.0,0.0,0.0,0.0,0.0,0.0,DIC-C2DH-HeLa,02,HeLa,#dc3cbe
36,Cell,1,1.0,227.0,58.0,6.0,5.0,7.810249675906654,7.810249675906654,7.810249675906654,7.810249675906654,39.80557109226519,DIC-C2DH-HeLa,02,HeLa,#dc3cbe
36,Cell,2,2.0,218.0,53.0,-3.0,0.0,10.295630140987,18.10587981689365,3.0,10.295630140987,-150.94539590092288,DIC-C2DH-HeLa,02,HeLa,#dc3cbe
36,Cell,3,3.0,221.0,52.0,0.0,-1.0,3.1622776601683795,21.268157477062037,1.0,3.1622776601683795,-18.43494882292201,DIC-C2DH-HeLa,02,HeLa,#dc3cbe
36,Cell,4,4.0,172.0,49.0,-49.0,-4.0,49.09175083453431,70.35990831159634,49.16299421312742,49.09175083453431,-176.49646835521557,DIC-C2DH-HeLa,02,HeLa,#dc3cbe
36,Cell,5,5.0,187.0,53.0,-34.0,0.0,15.524174696260024,85.88408300785636,34.0,15.524174696260024,14.931417178137556,DIC-C2DH-HeLa,02,HeLa,#dc3cbe
36,Cell,6,6.0,204.0,57.0,-17.0,4.0,17.46424919657298,103.34833220442934,17.46424919657298,17.46424919657298,13.240519915187203,DIC-C2DH-HeLa,02,HeLa,#dc3cbe
36,Cell,7,7.0,204.0,57.0,-17.0,4.0,0.0,103.34833220442934,17.46424919657298,0.0,0.0,DIC-C2DH-HeLa,02,HeLa,#dc3cbe
36,Cell,8,8.0,197.0,53.0,-24.0,0.0,8.06225774829855,111.41058995272788,24.0,8.06225774829855,-150.2551187030578,DIC-C2DH-HeLa,02,HeLa,#dc3cbe
36,Cell,9,9.0,200.0,59.5,-21.0,6.5,7.158910531638177,118.56950048436606,21.982947936980608,7.158910531638177,65.22485943116808,DIC-C2DH-HeLa,02,HeLa,#dc3cbe
36,Cell,10,10.0,204.0,51.0,-17.0,-2.0,9.394147114027968,127.96364759839403,17.11724276862369,9.394147114027968,-64.79887635452492,DIC-C2DH-HeLa,02,HeLa,#dc3cbe
36,Cell,11,11.0,204.0,53.0,-17.0,0.0,2.0,129.96364759839403,17.0,2.0,90.0,DIC-C2DH-HeLa,02,HeLa,#dc3cbe
36,Cell,12,12.0,212.0,54.0,-9.0,1.0,8.06225774829855,138.02590534669258,9.055385138137416,8.06225774829855,7.125016348901798,DIC-C2DH-HeLa,02,HeLa,#dc3cbe
36,Cell,13,13.0,192.0,54.0,-29.0,1.0,20.0,158.02590534669258,29.017236257093817,20.0,180.0,DIC-C2DH-HeLa,02,HeLa,#dc3cbe
36,Cell,14,14.0,197.0,55.0,-24.0,2.0,5.0990195135927845,163.12492486028538,24.08318915758459,5.0990195135927845,11.309932474020211,DIC-C2DH-HeLa,02,HeLa,#dc3cbe
36,Cell,15,15.0,197.0,55.0,-24.0,2.0,0.0,163.12492486028538,24.08318915758459,0.0,0.0,DIC-C2DH-HeLa,02,HeLa,#dc3cbe
36,Cell,16,16.0,193.0,57.0,-28.0,4.0,4.47213595499958,167.59706081528495,28.284271247461906,4.47213595499958,153.43494882292202,DIC-C2DH-HeLa,02,HeLa,#dc3cbe
36,Cell,17,17.0,193.0,57.0,-28.0,4.0,0.0,167.59706081528495,28.284271247461906,0.0,0.0,DIC-C2DH-HeLa,02,HeLa,#dc3cbe
36,Cell,18,18.0,201.0,60.0,-20.0,7.0,8.54400374531753,176.14106456060247,21.18962010041709,8.54400374531753,20.556045219583464,DIC-C2DH-HeLa,02,HeLa,#dc3cbe
36,Cell,19,19.0,212.0,54.0,-9.0,1.0,12.529964086141668,188.67102864674413,9.055385138137416,12.529964086141668,-28.610459665965216,DIC-C2DH-HeLa,02,HeLa,#dc3cbe
36,Cell,20,20.0,206.0,58.0,-15.0,5.0,7.211102550927978,195.88213119767207,15.811388300841896,7.211102550927978,146.30993247402023,DIC-C2DH-HeLa,02,HeLa,#dc3cbe
36,Cell,21,21.0,206.0,58.0,-15.0,5.0,0.0,195.88213119767207,15.811388300841896,0.0,0.0,DIC-C2DH-HeLa,02,HeLa,#dc3cbe
36,Cell,22,22.0,204.0,56.0,-17.0,3.0,2.8284271247461903,198.7105583224183,17.26267650163207,2.8284271247461903,-135.0,DIC-C2DH-HeLa,02,HeLa,#dc3cbe
36,Cell,23,23.0,204.0,56.0,-17.0,3.0,0.0,198.7105583224183,17.26267650163207,0.0,0.0,DIC-C2DH-HeLa,02,HeLa,#dc3cbe
36,Cell,24,24.0,217.0,54.0,-4.0,1.0,13.152946437965904,211.86350476038425,4.123105625617661,13.152946437965904,-8.74616226255521,DIC-C2DH-HeLa,02,HeLa,#dc3cbe
36,Cell,25,25.0,211.0,53.0,-10.0,0.0,6.082762530298219,217.94626729068244,10.0,6.082762530298219,-170.5376777919744,DIC-C2DH-HeLa,02,HeLa,#dc3cbe
36,Cell,26,26.0,213.0,56.0,-8.0,3.0,3.605551275463989,221.55181856614644,8.54400374531753,3.605551275463989,56.309932474020215,DIC-C2DH-HeLa,02,HeLa,#dc3cbe
36,Cell,27,27.0,208.0,54.0,-13.0,1.0,5.385164807134504,226.93698337328092,13.038404810405298,5.385164807134504,-158.19859051364818,DIC-C2DH-HeLa,02,HeLa,#dc3cbe
36,Cell,28,28.0,212.0,54.0,-9.0,1.0,4.0,230.93698337328092,9.055385138137416,4.0,0.0,DIC-C2DH-HeLa,02,HeLa,#dc3cbe
36,Cell,29,29.0,213.0,50.0,-8.0,-3.0,4.123105625617661,235.0600889988986,8.54400374531753,4.123105625617661,-75.96375653207353,DIC-C2DH-HeLa,02,HeLa,#dc3cbe
19,Cell,0,0.0,382.0,144.5,0.0,0.0,0.0,0.0,0.0,0.0,0.0,DIC-C2DH-HeLa,02,HeLa,#dc3cbe
19,Cell,1,1.0,406.0,134.0,24.0,-10.5,26.196373794859472,26.196373794859472,26.196373794859472,26.196373794859472,-23.62937773065682,DIC-C2DH-HeLa,02,HeLa,#dc3cbe
19,Cell,2,2.0,397.0,104.0,15.0,-40.5,31.32091952673165,57.517293321591126,43.188540146663904,31.32091952673165,-106.69924423399362,DIC-C2DH-HeLa,02,HeLa,#dc3cbe
19,Cell,3,3.0,405.0,96.0,23.0,-48.5,11.31370849898476,68.83100182057589,53.67727638395972,11.31370849898476,-45.0,DIC-C2DH-HeLa,02,HeLa,#dc3cbe
19,Cell,4,4.0,405.0,96.0,23.0,-48.5,0.0,68.83100182057589,53.67727638395972,0.0,0.0,DIC-C2DH-HeLa,02,HeLa,#dc3cbe
19,Cell,5,5.0,405.0,96.0,23.0,-48.5,0.0,68.83100182057589,53.67727638395972,0.0,0.0,DIC-C2DH-HeLa,02,HeLa,#dc3cbe
19,Cell,6,6.0,405.0,95.5,23.0,-49.0,0.5,69.33100182057589,54.12947441089743,0.5,-90.0,DIC-C2DH-HeLa,02,HeLa,#dc3cbe
19,Cell,7,7.0,405.0,95.0,23.0,-49.5,0.5,69.83100182057589,54.58250635505848,0.5,-90.0,DIC-C2DH-HeLa,02,HeLa,#dc3cbe
19,Cell,8,8.0,405.0,95.0,23.0,-49.5,0.0,69.83100182057589,54.58250635505848,0.0,0.0,DIC-C2DH-HeLa,02,HeLa,#dc3cbe
19,Cell,9,9.0,405.0,94.5,23.0,-50.0,0.5,70.33100182057589,55.03635162326805,0.5,-90.0,DIC-C2DH-HeLa,02,HeLa,#dc3cbe
19,Cell,10,10.0,405.0,94.0,23.0,-50.5,0.5,70.83100182057589,55.49099025968089,0.5,-90.0,DIC-C2DH-HeLa,02,HeLa,#dc3cbe
19,Cell,11,11.0,407.0,92.0,25.0,-52.5,2.8284271247461903,73.65942894532208,58.14851674806504,2.8284271247461903,-45.0,DIC-C2DH-HeLa,02,HeLa,#dc3cbe
19,Cell,12,12.0,407.0,89.0,25.0,-55.5,3.0,76.65942894532208,60.87076473973364,3.0,-90.0,DIC-C2DH-HeLa,02,HeLa,#dc3cbe
19,Cell,13,13.0,416.0,93.5,34.0,-51.0,10.062305898749054,86.72173484407114,61.29437168288782,10.062305898749054,26.56505117707799,DIC-C2DH-HeLa,02,HeLa,#dc3cbe
19,Cell,14,14.0,418.0,94.0,36.0,-50.5,2.0615528128088303,88.78328765687996,62.01814250685037,2.0615528128088303,14.036243467926475,DIC-C2DH-HeLa,02,HeLa,#dc3cbe
19,Cell,15,15.0,419.0,93.0,37.0,-51.5,1.4142135623730951,90.19750121925306,63.413326675076746,1.4142135623730951,-45.0,DIC-C2DH-HeLa,02,HeLa,#dc3cbe
19,Cell,16,16.0,429.0,81.0,47.0,-63.5,15.620499351813308,105.81800057106636,79.00158226263572,15.620499351813308,-50.19442890773481,DIC-C2DH-HeLa,02,HeLa,#dc3cbe
19,Cell,17,17.0,420.0,78.0,38.0,-66.5,9.486832980505138,115.3048335515715,76.59144860883622,9.486832980505138,-161.56505117707798,DIC-C2DH-HeLa,02,HeLa,#dc3cbe
19,Cell,18,18.0,418.0,78.0,36.0,-66.5,2.0,117.3048335515715,75.61911134098311,2.0,180.0,DIC-C2DH-HeLa,02,HeLa,#dc3cbe
19,Cell,19,19.0,407.0,52.0,25.0,-92.5,28.231188426986208,145.5360219785577,95.818839483684,28.231188426986208,-112.9321004375898,DIC-C2DH-HeLa,02,HeLa,#dc3cbe
19,Cell,20,20.0,409.5,59.0,27.5,-85.5,7.433034373659253,152.96905635221694,89.81369606023348,7.433034373659253,70.3461759419467,DIC-C2DH-HeLa,02,HeLa,#dc3cbe
19,Cell,21,21.0,404.0,62.0,22.0,-82.5,6.264982043070834,159.23403839528777,85.38296082943013,6.264982043070834,151.3895403340348,DIC-C2DH-HeLa,02,HeLa,#dc3cbe
19,Cell,22,22.0,404.0,62.0,22.0,-82.5,0.0,159.23403839528777,85.38296082943013,0.0,0.0,DIC-C2DH-HeLa,02,HeLa,#dc3cbe
19,Cell,23,23.0,404.0,62.0,22.0,-82.5,0.0,159.23403839528777,85.38296082943013,0.0,0.0,DIC-C2DH-HeLa,02,HeLa,#dc3cbe
3,Cell,0,0.0,597.0,208.0,0.0,0.0,0.0,0.0,0.0,0.0,0.0,Fluo-C2DL-Huh7,01,Huh7,#2db95f
3,Cell,1,1.0,597.0,208.0,0.0,0.0,0.0,0.0,0.0,0.0,0.0,Fluo-C2DL-Huh7,01,Huh7,#2db95f
3,Cell,2,2.0,597.0,208.0,0.0,0.0,0.0,0.0,0.0,0.0,0.0,Fluo-C2DL-Huh7,01,Huh7,#2db95f
3,Cell,3,3.0,597.0,208.0,0.0,0.0,0.0,0.0,0.0,0.0,0.0,Fluo-C2DL-Huh7,01,Huh7,#2db95f
3,Cell,4,4.0,597.0,208.0,0.0,0.0,0.0,0.0,0.0,0.0,0.0,Fluo-C2DL-Huh7,01,Huh7,#2db95f
3,Cell,5,5.0,597.0,208.0,0.0,0.0,0.0,0.0,0.0,0.0,0.0,Fluo-C2DL-Huh7,01,Huh7,#2db95f
3,Cell,6,6.0,596.0,208.0,-1.0,0.0,1.0,1.0,1.0,1.0,180.0,Fluo-C2DL-Huh7,01,Huh7,#2db95f
3,Cell,7,7.0,596.0,208.0,-1.0,0.0,0.0,1.0,1.0,0.0,0.0,Fluo-C2DL-Huh7,01,Huh7,#2db95f
3,Cell,8,8.0,596.0,208.5,-1.0,0.5,0.5,1.5,1.118033988749895,0.5,90.0,Fluo-C2DL-Huh7,01,Huh7,#2db95f
3,Cell,9,9.0,596.0,209.0,-1.0,1.0,0.5,2.0,1.4142135623730951,0.5,90.0,Fluo-C2DL-Huh7,01,Huh7,#2db95f
3,Cell,10,10.0,596.0,209.0,-1.0,1.0,0.0,2.0,1.4142135623730951,0.0,0.0,Fluo-C2DL-Huh7,01,Huh7,#2db95f
3,Cell,11,11.0,596.0,209.0,-1.0,1.0,0.0,2.0,1.4142135623730951,0.0,0.0,Fluo-C2DL-Huh7,01,Huh7,#2db95f
3,Cell,12,12.0,596.0,209.0,-1.0,1.0,0.0,2.0,1.4142135623730951,0.0,0.0,Fluo-C2DL-Huh7,01,Huh7,#2db95f
3,Cell,13,13.0,596.0,209.0,-1.0,1.0,0.0,2.0,1.4142135623730951,0.0,0.0,Fluo-C2DL-Huh7,01,Huh7,#2db95f
3,Cell,14,14.0,596.0,206.0,-1.0,-2.0,3.0,5.0,2.23606797749979,3.0,-90.0,Fluo-C2DL-Huh7,01,Huh7,#2db95f
3,Cell,15,15.0,596.0,204.0,-1.0,-4.0,2.0,7.0,4.123105625617661,2.0,-90.0,Fluo-C2DL-Huh7,01,Huh7,#2db95f
3,Cell,16,16.0,598.0,202.0,1.0,-6.0,2.8284271247461903,9.82842712474619,6.082762530298219,2.8284271247461903,-45.0,Fluo-C2DL-Huh7,01,Huh7,#2db95f
3,Cell,17,17.0,598.0,201.0,1.0,-7.0,1.0,10.82842712474619,7.071067811865476,1.0,-90.0,Fluo-C2DL-Huh7,01,Huh7,#2db95f
3,Cell,18,18.0,602.0,198.0,5.0,-10.0,5.0,15.82842712474619,11.180339887498947,5.0,-36.86989764584402,Fluo-C2DL-Huh7,01,Huh7,#2db95f
3,Cell,19,19.0,603.0,198.0,6.0,-10.0,1.0,16.82842712474619,11.6619037896906,1.0,0.0,Fluo-C2DL-Huh7,01,Huh7,#2db95f
3,Cell,20,20.0,604.0,198.0,7.0,-10.0,1.0,17.82842712474619,12.206555615733702,1.0,0.0,Fluo-C2DL-Huh7,01,Huh7,#2db95f
3,Cell,21,21.0,603.0,199.0,6.0,-9.0,1.4142135623730951,19.242640687119287,10.816653826391969,1.4142135623730951,135.0,Fluo-C2DL-Huh7,01,Huh7,#2db95f
3,Cell,22,22.0,603.0,199.0,6.0,-9.0,0.0,19.242640687119287,10.816653826391969,0.0,0.0,Fluo-C2DL-Huh7,01,Huh7,#2db95f
3,Cell,23,23.0,606.0,202.0,9.0,-6.0,4.242640687119285,23.48528137423857,10.816653826391969,4.242640687119285,45.0,Fluo-C2DL-Huh7,01,Huh7,#2db95f
3,Cell,24,24.0,606.0,203.5,9.0,-4.5,1.5,24.98528137423857,10.062305898749054,1.5,90.0,Fluo-C2DL-Huh7,01,Huh7,#2db95f
3,Cell,25,25.0,606.0,203.0,9.0,-5.0,0.5,25.48528137423857,10.295630140987,0.5,-90.0,Fluo-C2DL-Huh7,01,Huh7,#2db95f
3,Cell,26,26.0,607.5,203.5,10.5,-4.5,1.5811388300841898,27.06642020432276,11.423659658795865,1.5811388300841898,18.43494882292201,Fluo-C2DL-Huh7,01,Huh7,#2db95f
3,Cell,27,27.0,609.0,205.5,12.0,-2.5,2.5,29.56642020432276,12.257650672131264,2.5,53.13010235415598,Fluo-C2DL-Huh7,01,Huh7,#2db95f
3,Cell,28,28.0,610.0,206.0,13.0,-2.0,1.118033988749895,30.684454193072654,13.152946437965904,1.118033988749895,26.56505117707799,Fluo-C2DL-Huh7,01,Huh7,#2db95f
3,Cell,29,29.0,610.5,205.5,13.5,-2.5,0.7071067811865476,31.3915609742592,13.729530217745982,0.7071067811865476,-45.0,Fluo-C2DL-Huh7,01,Huh7,#2db95f
13,Cell,0,0.0,555.0,693.0,0.0,0.0,0.0,0.0,0.0,0.0,0.0,Fluo-C2DL-Huh7,01,Huh7,#2db95f
13,Cell,1,1.0,555.0,693.0,0.0,0.0,0.0,0.0,0.0,0.0,0.0,Fluo-C2DL-Huh7,01,Huh7,#2db95f
13,Cell,2,2.0,555.0,693.0,0.0,0.0,0.0,0.0,0.0,0.0,0.0,Fluo-C2DL-Huh7,01,Huh7,#2db95f
13,Cell,3,3.0,555.0,693.0,0.0,0.0,0.0,0.0,0.0,0.0,0.0,Fluo-C2DL-Huh7,01,Huh7,#2db95f
13,Cell,4,4.0,555.0,693.0,0.0,0.0,0.0,0.0,0.0,0.0,0.0,Fluo-C2DL-Huh7,01,Huh7,#2db95f
13,Cell,5,5.0,555.0,693.0,0.0,0.0,0.0,0.0,0.0,0.0,0.0,Fluo-C2DL-Huh7,01,Huh7,#2db95f
13,Cell,6,6.0,555.0,693.0,0.0,0.0,0.0,0.0,0.0,0.0,0.0,Fluo-C2DL-Huh7,01,Huh7,#2db95f
13,Cell,7,7.0,555.0,693.0,0.0,0.0,0.0,0.0,0.0,0.0,0.0,Fluo-C2DL-Huh7,01,Huh7,#2db95f
13,Cell,8,8.0,555.0,693.0,0.0,0.0,0.0,0.0,0.0,0.0,0.0,Fluo-C2DL-Huh7,01,Huh7,#2db95f
13,Cell,9,9.0,555.0,693.0,0.0,0.0,0.0,0.0,0.0,0.0,0.0,Fluo-C2DL-Huh7,01,Huh7,#2db95f
13,Cell,10,10.0,555.0,693.0,0.0,0.0,0.0,0.0,0.0,0.0,0.0,Fluo-C2DL-Huh7,01,Huh7,#2db95f
13,Cell,11,11.0,555.0,693.0,0.0,0.0,0.0,0.0,0.0,0.0,0.0,Fluo-C2DL-Huh7,01,Huh7,#2db95f
13,Cell,12,12.0,555.0,693.0,0.0,0.0,0.0,0.0,0.0,0.0,0.0,Fluo-C2DL-Huh7,01,Huh7,#2db95f
13,Cell,13,13.0,555.0,693.0,0.0,0.0,0.0,0.0,0.0,0.0,0.0,Fluo-C2DL-Huh7,01,Huh7,#2db95f
13,Cell,14,14.0,555.0,693.0,0.0,0.0,0.0,0.0,0.0,0.0,0.0,Fluo-C2DL-Huh7,01,Huh7,#2db95f
13,Cell,15,15.0,555.0,693.0,0.0,0.0,0.0,0.0,0.0,0.0,0.0,Fluo-C2DL-Huh7,01,Huh7,#2db95f
13,Cell,16,16.0,555.0,693.0,0.0,0.0,0.0,0.0,0.0,0.0,0.0,Fluo-C2DL-Huh7,01,Huh7,#2db95f
13,Cell,17,17.0,555.0,693.0,0.0,0.0,0.0,0.0,0.0,0.0,0.0,Fluo-C2DL-Huh7,01,Huh7,#2db95f
13,Cell,18,18.0,555.0,693.0,0.0,0.0,0.0,0.0,0.0,0.0,0.0,Fluo-C2DL-Huh7,01,Huh7,#2db95f
13,Cell,19,19.0,555.0,693.0,0.0,0.0,0.0,0.0,0.0,0.0,0.0,Fluo-C2DL-Huh7,01,Huh7,#2db95f
13,Cell,20,20.0,555.0,693.0,0.0,0.0,0.0,0.0,0.0,0.0,0.0,Fluo-C2DL-Huh7,01,Huh7,#2db95f
13,Cell,21,21.0,555.0,693.0,0.0,0.0,0.0,0.0,0.0,0.0,0.0,Fluo-C2DL-Huh7,01,Huh7,#2db95f
13,Cell,22,22.0,555.0,693.0,0.0,0.0,0.0,0.0,0.0,0.0,0.0,Fluo-C2DL-Huh7,01,Huh7,#2db95f
13,Cell,23,23.0,555.0,693.0,0.0,0.0,0.0,0.0,0.0,0.0,0.0,Fluo-C2DL-Huh7,01,Huh7,#2db95f
13,Cell,24,24.0,555.0,693.0,0.0,0.0,0.0,0.0,0.0,0.0,0.0,Fluo-C2DL-Huh7,01,Huh7,#2db95f
13,Cell,25,25.0,555.0,693.0,0.0,0.0,0.0,0.0,0.0,0.0,0.0,Fluo-C2DL-Huh7,01,Huh7,#2db95f
13,Cell,26,26.0,555.0,693.0,0.0,0.0,0.0,0.0,0.0,0.0,0.0,Fluo-C2DL-Huh7,01,Huh7,#2db95f
13,Cell,27,27.0,555.0,693.0,0.0,0.0,0.0,0.0,0.0,0.0,0.0,Fluo-C2DL-Huh7,01,Huh7,#2db95f
13,Cell,28,28.0,558.0,699.0,3.0,6.0,6.708203932499369,6.708203932499369,6.708203932499369,6.708203932499369,63.43494882292201,Fluo-C2DL-Huh7,01,Huh7,#2db95f
13,Cell,29,29.0,558.0,699.0,3.0,6.0,0.0,6.708203932499369,6.708203932499369,0.0,0.0,Fluo-C2DL-Huh7,01,Huh7,#2db95f
21,Cell,0,0.0,60.0,940.0,0.0,0.0,0.0,0.0,0.0,0.0,0.0,Fluo-C2DL-Huh7,01,Huh7,#2db95f
21,Cell,1,1.0,60.0,940.0,0.0,0.0,0.0,0.0,0.0,0.0,0.0,Fluo-C2DL-Huh7,01,Huh7,#2db95f
21,Cell,2,2.0,60.0,940.0,0.0,0.0,0.0,0.0,0.0,0.0,0.0,Fluo-C2DL-Huh7,01,Huh7,#2db95f
21,Cell,3,3.0,60.0,940.0,0.0,0.0,0.0,0.0,0.0,0.0,0.0,Fluo-C2DL-Huh7,01,Huh7,#2db95f
21,Cell,4,4.0,60.0,940.0,0.0,0.0,0.0,0.0,0.0,0.0,0.0,Fluo-C2DL-Huh7,01,Huh7,#2db95f
21,Cell,5,5.0,59.0,942.0,-1.0,2.0,2.23606797749979,2.23606797749979,2.23606797749979,2.23606797749979,116.565051177078,Fluo-C2DL-Huh7,01,Huh7,#2db95f
21,Cell,6,6.0,59.0,942.0,-1.0,2.0,0.0,2.23606797749979,2.23606797749979,0.0,0.0,Fluo-C2DL-Huh7,01,Huh7,#2db95f
21,Cell,7,7.0,59.0,940.0,-1.0,0.0,2.0,4.23606797749979,1.0,2.0,-90.0,Fluo-C2DL-Huh7,01,Huh7,#2db95f
21,Cell,8,8.0,58.0,933.0,-2.0,-7.0,7.071067811865476,11.307135789365264,7.280109889280518,7.071067811865476,-98.130102354156,Fluo-C2DL-Huh7,01,Huh7,#2db95f
21,Cell,9,9.0,58.0,933.0,-2.0,-7.0,0.0,11.307135789365264,7.280109889280518,0.0,0.0,Fluo-C2DL-Huh7,01,Huh7,#2db95f
21,Cell,10,10.0,58.0,933.0,-2.0,-7.0,0.0,11.307135789365264,7.280109889280518,0.0,0.0,Fluo-C2DL-Huh7,01,Huh7,#2db95f
21,Cell,11,11.0,58.0,937.0,-2.0,-3.0,4.0,15.307135789365264,3.605551275463989,4.0,90.0,Fluo-C2DL-Huh7,01,Huh7,#2db95f
21,Cell,12,12.0,57.0,942.0,-3.0,2.0,5.0990195135927845,20.406155302958048,3.605551275463989,5.0990195135927845,101.3099324740202,Fluo-C2DL-Huh7,01,Huh7,#2db95f
21,Cell,13,13.0,57.0,946.0,-3.0,6.0,4.0,24.406155302958048,6.708203932499369,4.0,90.0,Fluo-C2DL-Huh7,01,Huh7,#2db95f
21,Cell,14,14.0,59.0,942.0,-1.0,2.0,4.47213595499958,28.878291257957628,2.23606797749979,4.47213595499958,-63.43494882292201,Fluo-C2DL-Huh7,01,Huh7,#2db95f
21,Cell,15,15.0,62.0,940.0,2.0,0.0,3.605551275463989,32.483842533421615,2.0,3.605551275463989,-33.690067525979785,Fluo-C2DL-Huh7,01,Huh7,#2db95f
21,Cell,16,16.0,60.0,943.0,0.0,3.0,3.605551275463989,36.0893938088856,3.0,3.605551275463989,123.6900675259798,Fluo-C2DL-Huh7,01,Huh7,#2db95f
21,Cell,17,17.0,58.0,939.0,-2.0,-1.0,4.47213595499958,40.56152976388518,2.23606797749979,4.47213595499958,-116.565051177078,Fluo-C2DL-Huh7,01,Huh7,#2db95f
21,Cell,18,18.0,57.0,941.0,-3.0,1.0,2.23606797749979,42.797597741384976,3.1622776601683795,2.23606797749979,116.565051177078,Fluo-C2DL-Huh7,01,Huh7,#2db95f
21,Cell,19,19.0,58.0,940.0,-2.0,0.0,1.4142135623730951,44.21181130375807,2.0,1.4142135623730951,-45.0,Fluo-C2DL-Huh7,01,Huh7,#2db95f
21,Cell,20,20.0,58.0,940.0,-2.0,0.0,0.0,44.21181130375807,2.0,0.0,0.0,Fluo-C2DL-Huh7,01,Huh7,#2db95f
21,Cell,21,21.0,58.0,940.0,-2.0,0.0,0.0,44.21181130375807,2.0,0.0,0.0,Fluo-C2DL-Huh7,01,Huh7,#2db95f
21,Cell,22,22.0,58.0,939.0,-2.0,-1.0,1.0,45.21181130375807,2.23606797749979,1.0,-90.0,Fluo-C2DL-Huh7,01,Huh7,#2db95f
21,Cell,23,23.0,58.0,939.0,-2.0,-1.0,0.0,45.21181130375807,2.23606797749979,0.0,0.0,Fluo-C2DL-Huh7,01,Huh7,#2db95f
21,Cell,24,24.0,58.0,939.0,-2.0,-1.0,0.0,45.21181130375807,2.23606797749979,0.0,0.0,Fluo-C2DL-Huh7,01,Huh7,#2db95f
21,Cell,25,25.0,58.0,939.0,-2.0,-1.0,0.0,45.21181130375807,2.23606797749979,0.0,0.0,Fluo-C2DL-Huh7,01,Huh7,#2db95f
21,Cell,26,26.0,58.0,939.0,-2.0,-1.0,0.0,45.21181130375807,2.23606797749979,0.0,0.0,Fluo-C2DL-Huh7,01,Huh7,#2db95f
21,Cell,27,27.0,62.0,936.0,2.0,-4.0,5.0,50.21181130375807,4.47213595499958,5.0,-36.86989764584402,Fluo-C2DL-Huh7,01,Huh7,#2db95f
21,Cell,28,28.0,62.0,936.0,2.0,-4.0,0.0,50.21181130375807,4.47213595499958,0.0,0.0,Fluo-C2DL-Huh7,01,Huh7,#2db95f
21,Cell,29,29.0,67.0,936.0,7.0,-4.0,5.0,55.21181130375807,8.06225774829855,5.0,0.0,Fluo-C2DL-Huh7,01,Huh7,#2db95f
23,Cell,0,0.0,830.0,929.0,0.0,0.0,0.0,0.0,0.0,0.0,0.0,Fluo-C2DL-Huh7,01,Huh7,#2db95f
23,Cell,1,1.0,830.0,929.0,0.0,0.0,0.0,0.0,0.0,0.0,0.0,Fluo-C2DL-Huh7,01,Huh7,#2db95f
23,Cell,2,2.0,830.0,929.0,0.0,0.0,0.0,0.0,0.0,0.0,0.0,Fluo-C2DL-Huh7,01,Huh7,#2db95f
23,Cell,3,3.0,830.0,929.0,0.0,0.0,0.0,0.0,0.0,0.0,0.0,Fluo-C2DL-Huh7,01,Huh7,#2db95f
23,Cell,4,4.0,830.0,929.0,0.0,0.0,0.0,0.0,0.0,0.0,0.0,Fluo-C2DL-Huh7,01,Huh7,#2db95f
23,Cell,5,5.0,827.0,930.0,-3.0,1.0,3.1622776601683795,3.1622776601683795,3.1622776601683795,3.1622776601683795,161.56505117707798,Fluo-C2DL-Huh7,01,Huh7,#2db95f
23,Cell,6,6.0,827.0,930.0,-3.0,1.0,0.0,3.1622776601683795,3.1622776601683795,0.0,0.0,Fluo-C2DL-Huh7,01,Huh7,#2db95f
23,Cell,7,7.0,827.0,930.0,-3.0,1.0,0.0,3.1622776601683795,3.1622776601683795,0.0,0.0,Fluo-C2DL-Huh7,01,Huh7,#2db95f
23,Cell,8,8.0,827.0,930.0,-3.0,1.0,0.0,3.1622776601683795,3.1622776601683795,0.0,0.0,Fluo-C2DL-Huh7,01,Huh7,#2db95f
23,Cell,9,9.0,827.0,930.0,-3.0,1.0,0.0,3.1622776601683795,3.1622776601683795,0.0,0.0,Fluo-C2DL-Huh7,01,Huh7,#2db95f
23,Cell,10,10.0,828.0,935.0,-2.0,6.0,5.0990195135927845,8.261297173761164,6.324555320336759,5.0990195135927845,78.69006752597979,Fluo-C2DL-Huh7,01,Huh7,#2db95f
23,Cell,11,11.0,831.0,937.0,1.0,8.0,3.605551275463989,11.866848449225154,8.06225774829855,3.605551275463989,33.690067525979785,Fluo-C2DL-Huh7,01,Huh7,#2db95f
23,Cell,12,12.0,831.0,937.0,1.0,8.0,0.0,11.866848449225154,8.06225774829855,0.0,0.0,Fluo-C2DL-Huh7,01,Huh7,#2db95f
23,Cell,13,13.0,832.0,938.0,2.0,9.0,1.4142135623730951,13.28106201159825,9.219544457292889,1.4142135623730951,45.0,Fluo-C2DL-Huh7,01,Huh7,#2db95f
23,Cell,14,14.0,832.0,938.0,2.0,9.0,0.0,13.28106201159825,9.219544457292889,0.0,0.0,Fluo-C2DL-Huh7,01,Huh7,#2db95f
23,Cell,15,15.0,827.0,943.0,-3.0,14.0,7.071067811865476,20.352129823463727,14.317821063276352,7.071067811865476,135.0,Fluo-C2DL-Huh7,01,Huh7,#2db95f
23,Cell,16,16.0,822.0,945.0,-8.0,16.0,5.385164807134504,25.73729463059823,17.88854381999832,5.385164807134504,158.19859051364818,Fluo-C2DL-Huh7,01,Huh7,#2db95f
23,Cell,17,17.0,819.0,946.0,-11.0,17.0,3.1622776601683795,28.89957229076661,20.248456731316587,3.1622776601683795,161.56505117707798,Fluo-C2DL-Huh7,01,Huh7,#2db95f
23,Cell,18,18.0,819.0,946.0,-11.0,17.0,0.0,28.89957229076661,20.248456731316587,0.0,0.0,Fluo-C2DL-Huh7,01,Huh7,#2db95f
23,Cell,19,19.0,816.0,945.0,-14.0,16.0,3.1622776601683795,32.06184995093499,21.2602916254693,3.1622776601683795,-161.56505117707798,Fluo-C2DL-Huh7,01,Huh7,#2db95f
23,Cell,20,20.0,816.0,945.0,-14.0,16.0,0.0,32.06184995093499,21.2602916254693,0.0,0.0,Fluo-C2DL-Huh7,01,Huh7,#2db95f
23,Cell,21,21.0,818.0,944.0,-12.0,15.0,2.23606797749979,34.297917928434785,19.209372712298546,2.23606797749979,-26.56505117707799,Fluo-C2DL-Huh7,01,Huh7,#2db95f
23,Cell,22,22.0,818.0,944.0,-12.0,15.0,0.0,34.297917928434785,19.209372712298546,0.0,0.0,Fluo-C2DL-Huh7,01,Huh7,#2db95f
23,Cell,23,23.0,825.0,941.0,-5.0,12.0,7.615773105863909,41.91369103429869,13.0,7.615773105863909,-23.19859051364819,Fluo-C2DL-Huh7,01,Huh7,#2db95f
23,Cell,24,24.0,825.0,941.0,-5.0,12.0,0.0,41.91369103429869,13.0,0.0,0.0,Fluo-C2DL-Huh7,01,Huh7,#2db95f
23,Cell,25,25.0,825.0,941.0,-5.0,12.0,0.0,41.91369103429869,13.0,0.0,0.0,Fluo-C2DL-Huh7,01,Huh7,#2db95f
23,Cell,26,26.0,825.0,941.0,-5.0,12.0,0.0,41.91369103429869,13.0,0.0,0.0,Fluo-C2DL-Huh7,01,Huh7,#2db95f
23,Cell,27,27.0,825.0,941.0,-5.0,12.0,0.0,41.91369103429869,13.0,0.0,0.0,Fluo-C2DL-Huh7,01,Huh7,#2db95f
23,Cell,28,28.0,827.0,934.0,-3.0,5.0,7.280109889280518,49.19380092357921,5.830951894845301,7.280109889280518,-74.05460409907715,Fluo-C2DL-Huh7,01,Huh7,#2db95f
23,Cell,29,29.0,824.0,935.0,-6.0,6.0,3.1622776601683795,52.35607858374759,8.48528137423857,3.1622776601683795,161.56505117707798,Fluo-C2DL-Huh7,01,Huh7,#2db95f
20,Cell,0,0.0,91.0,900.0,0.0,0.0,0.0,0.0,0.0,0.0,0.0,Fluo-C2DL-Huh7,01,Huh7,#2db95f
20,Cell,1,1.0,91.0,900.0,0.0,0.0,0.0,0.0,0.0,0.0,0.0,Fluo-C2DL-Huh7,01,Huh7,#2db95f
20,Cell,2,2.0,91.0,900.0,0.0,0.0,0.0,0.0,0.0,0.0,0.0,Fluo-C2DL-Huh7,01,Huh7,#2db95f
20,Cell,3,3.0,93.0,897.0,2.0,-3.0,3.605551275463989,3.605551275463989,3.605551275463989,3.605551275463989,-56.309932474020215,Fluo-C2DL-Huh7,01,Huh7,#2db95f
20,Cell,4,4.0,93.0,897.0,2.0,-3.0,0.0,3.605551275463989,3.605551275463989,0.0,0.0,Fluo-C2DL-Huh7,01,Huh7,#2db95f
20,Cell,5,5.0,93.0,897.0,2.0,-3.0,0.0,3.605551275463989,3.605551275463989,0.0,0.0,Fluo-C2DL-Huh7,01,Huh7,#2db95f
20,Cell,6,6.0,93.0,892.0,2.0,-8.0,5.0,8.60555127546399,8.246211251235321,5.0,-90.0,Fluo-C2DL-Huh7,01,Huh7,#2db95f
20,Cell,7,7.0,95.0,888.0,4.0,-12.0,4.47213595499958,13.07768723046357,12.649110640673518,4.47213595499958,-63.43494882292201,Fluo-C2DL-Huh7,01,Huh7,#2db95f
20,Cell,8,8.0,95.0,888.0,4.0,-12.0,0.0,13.07768723046357,12.649110640673518,0.0,0.0,Fluo-C2DL-Huh7,01,Huh7,#2db95f
20,Cell,9,9.0,95.0,888.0,4.0,-12.0,0.0,13.07768723046357,12.649110640673518,0.0,0.0,Fluo-C2DL-Huh7,01,Huh7,#2db95f
20,Cell,10,10.0,95.0,888.0,4.0,-12.0,0.0,13.07768723046357,12.649110640673518,0.0,0.0,Fluo-C2DL-Huh7,01,Huh7,#2db95f
20,Cell,11,11.0,95.0,888.0,4.0,-12.0,0.0,13.07768723046357,12.649110640673518,0.0,0.0,Fluo-C2DL-Huh7,01,Huh7,#2db95f
20,Cell,12,12.0,95.0,888.0,4.0,-12.0,0.0,13.07768723046357,12.649110640673518,0.0,0.0,Fluo-C2DL-Huh7,01,Huh7,#2db95f
20,Cell,13,13.0,96.0,882.0,5.0,-18.0,6.082762530298219,19.16044976076179,18.68154169226941,6.082762530298219,-80.53767779197439,Fluo-C2DL-Huh7,01,Huh7,#2db95f
20,Cell,14,14.0,96.0,882.0,5.0,-18.0,0.0,19.16044976076179,18.68154169226941,0.0,0.0,Fluo-C2DL-Huh7,01,Huh7,#2db95f
20,Cell,15,15.0,96.0,882.0,5.0,-18.0,0.0,19.16044976076179,18.68154169226941,0.0,0.0,Fluo-C2DL-Huh7,01,Huh7,#2db95f
20,Cell,16,16.0,96.0,882.0,5.0,-18.0,0.0,19.16044976076179,18.68154169226941,0.0,0.0,Fluo-C2DL-Huh7,01,Huh7,#2db95f
20,Cell,17,17.0,102.0,877.0,11.0,-23.0,7.810249675906654,26.970699436668443,25.495097567963924,7.810249675906654,-39.80557109226519,Fluo-C2DL-Huh7,01,Huh7,#2db95f
20,Cell,18,18.0,102.0,877.0,11.0,-23.0,0.0,26.970699436668443,25.495097567963924,0.0,0.0,Fluo-C2DL-Huh7,01,Huh7,#2db95f
20,Cell,19,19.0,102.0,877.0,11.0,-23.0,0.0,26.970699436668443,25.495097567963924,0.0,0.0,Fluo-C2DL-Huh7,01,Huh7,#2db95f
20,Cell,20,20.0,105.0,881.0,14.0,-19.0,5.0,31.970699436668443,23.600847442411894,5.0,53.13010235415598,Fluo-C2DL-Huh7,01,Huh7,#2db95f
20,Cell,21,21.0,105.0,881.0,14.0,-19.0,0.0,31.970699436668443,23.600847442411894,0.0,0.0,Fluo-C2DL-Huh7,01,Huh7,#2db95f
20,Cell,22,22.0,105.0,881.0,14.0,-19.0,0.0,31.970699436668443,23.600847442411894,0.0,0.0,Fluo-C2DL-Huh7,01,Huh7,#2db95f
20,Cell,23,23.0,105.0,881.0,14.0,-19.0,0.0,31.970699436668443,23.600847442411894,0.0,0.0,Fluo-C2DL-Huh7,01,Huh7,#2db95f
20,Cell,24,24.0,104.0,881.0,13.0,-19.0,1.0,32.97069943666844,23.021728866442675,1.0,180.0,Fluo-C2DL-Huh7,01,Huh7,#2db95f
20,Cell,25,25.0,103.0,884.0,12.0,-16.0,3.1622776601683795,36.13297709683682,20.0,3.1622776601683795,108.434948822922,Fluo-C2DL-Huh7,01,Huh7,#2db95f
20,Cell,26,26.0,103.0,884.0,12.0,-16.0,0.0,36.13297709683682,20.0,0.0,0.0,Fluo-C2DL-Huh7,01,Huh7,#2db95f
20,Cell,27,27.0,103.0,884.0,12.0,-16.0,0.0,36.13297709683682,20.0,0.0,0.0,Fluo-C2DL-Huh7,01,Huh7,#2db95f
20,Cell,28,28.0,103.0,884.0,12.0,-16.0,0.0,36.13297709683682,20.0,0.0,0.0,Fluo-C2DL-Huh7,01,Huh7,#2db95f
20,Cell,29,29.0,103.0,884.0,12.0,-16.0,0.0,36.13297709683682,20.0,0.0,0.0,Fluo-C2DL-Huh7,01,Huh7,#2db95f
12,Cell,0,0.0,507.0,785.5,0.0,0.0,0.0,0.0,0.0,0.0,0.0,Fluo-C2DL-Huh7,01,Huh7,#2db95f
12,Cell,1,1.0,507.0,785.0,0.0,-0.5,0.5,0.5,0.5,0.5,-90.0,Fluo-C2DL-Huh7,01,Huh7,#2db95f
12,Cell,2,2.0,506.0,785.0,-1.0,-0.5,1.0,1.5,1.118033988749895,1.0,180.0,Fluo-C2DL-Huh7,01,Huh7,#2db95f
12,Cell,3,3.0,506.0,785.0,-1.0,-0.5,0.0,1.5,1.118033988749895,0.0,0.0,Fluo-C2DL-Huh7,01,Huh7,#2db95f
12,Cell,4,4.0,506.0,785.0,-1.0,-0.5,0.0,1.5,1.118033988749895,0.0,0.0,Fluo-C2DL-Huh7,01,Huh7,#2db95f
12,Cell,5,5.0,506.0,786.0,-1.0,0.5,1.0,2.5,1.118033988749895,1.0,90.0,Fluo-C2DL-Huh7,01,Huh7,#2db95f
12,Cell,6,6.0,506.0,786.0,-1.0,0.5,0.0,2.5,1.118033988749895,0.0,0.0,Fluo-C2DL-Huh7,01,Huh7,#2db95f
12,Cell,7,7.0,506.0,786.0,-1.0,0.5,0.0,2.5,1.118033988749895,0.0,0.0,Fluo-C2DL-Huh7,01,Huh7,#2db95f
12,Cell,8,8.0,506.0,786.0,-1.0,0.5,0.0,2.5,1.118033988749895,0.0,0.0,Fluo-C2DL-Huh7,01,Huh7,#2db95f
12,Cell,9,9.0,498.0,786.0,-9.0,0.5,8.0,10.5,9.013878188659971,8.0,180.0,Fluo-C2DL-Huh7,01,Huh7,#2db95f
12,Cell,10,10.0,498.0,786.0,-9.0,0.5,0.0,10.5,9.013878188659971,0.0,0.0,Fluo-C2DL-Huh7,01,Huh7,#2db95f
12,Cell,11,11.0,498.0,786.0,-9.0,0.5,0.0,10.5,9.013878188659971,0.0,0.0,Fluo-C2DL-Huh7,01,Huh7,#2db95f
12,Cell,12,12.0,498.0,786.0,-9.0,0.5,0.0,10.5,9.013878188659971,0.0,0.0,Fluo-C2DL-Huh7,01,Huh7,#2db95f
12,Cell,13,13.0,498.0,786.0,-9.0,0.5,0.0,10.5,9.013878188659971,0.0,0.0,Fluo-C2DL-Huh7,01,Huh7,#2db95f
12,Cell,14,14.0,494.0,786.0,-13.0,0.5,4.0,14.5,13.009611831257688,4.0,180.0,Fluo-C2DL-Huh7,01,Huh7,#2db95f
12,Cell,15,15.0,494.0,786.0,-13.0,0.5,0.0,14.5,13.009611831257688,0.0,0.0,Fluo-C2DL-Huh7,01,Huh7,#2db95f
12,Cell,16,16.0,494.0,786.0,-13.0,0.5,0.0,14.5,13.009611831257688,0.0,0.0,Fluo-C2DL-Huh7,01,Huh7,#2db95f
12,Cell,17,17.0,494.0,786.0,-13.0,0.5,0.0,14.5,13.009611831257688,0.0,0.0,Fluo-C2DL-Huh7,01,Huh7,#2db95f
12,Cell,18,18.0,494.0,786.0,-13.0,0.5,0.0,14.5,13.009611831257688,0.0,0.0,Fluo-C2DL-Huh7,01,Huh7,#2db95f
12,Cell,19,19.0,494.0,786.0,-13.0,0.5,0.0,14.5,13.009611831257688,0.0,0.0,Fluo-C2DL-Huh7,01,Huh7,#2db95f
12,Cell,20,20.0,494.0,786.0,-13.0,0.5,0.0,14.5,13.009611831257688,0.0,0.0,Fluo-C2DL-Huh7,01,Huh7,#2db95f
12,Cell,21,21.0,494.0,786.0,-13.0,0.5,0.0,14.5,13.009611831257688,0.0,0.0,Fluo-C2DL-Huh7,01,Huh7,#2db95f
12,Cell,22,22.0,494.0,786.0,-13.0,0.5,0.0,14.5,13.009611831257688,0.0,0.0,Fluo-C2DL-Huh7,01,Huh7,#2db95f
12,Cell,23,23.0,494.0,786.0,-13.0,0.5,0.0,14.5,13.009611831257688,0.0,0.0,Fluo-C2DL-Huh7,01,Huh7,#2db95f
12,Cell,24,24.0,494.0,786.0,-13.0,0.5,0.0,14.5,13.009611831257688,0.0,0.0,Fluo-C2DL-Huh7,01,Huh7,#2db95f
12,Cell,25,25.0,494.0,786.0,-13.0,0.5,0.0,14.5,13.009611831257688,0.0,0.0,Fluo-C2DL-Huh7,01,Huh7,#2db95f
12,Cell,26,26.0,494.0,786.0,-13.0,0.5,0.0,14.5,13.009611831257688,0.0,0.0,Fluo-C2DL-Huh7,01,Huh7,#2db95f
12,Cell,27,27.0,494.0,786.0,-13.0,0.5,0.0,14.5,13.009611831257688,0.0,0.0,Fluo-C2DL-Huh7,01,Huh7,#2db95f
12,Cell,28,28.0,494.0,786.0,-13.0,0.5,0.0,14.5,13.009611831257688,0.0,0.0,Fluo-C2DL-Huh7,01,Huh7,#2db95f
12,Cell,29,29.0,494.0,786.0,-13.0,0.5,0.0,14.5,13.009611831257688,0.0,0.0,Fluo-C2DL-Huh7,01,Huh7,#2db95f
5,Cell,0,0.0,510.0,364.0,0.0,0.0,0.0,0.0,0.0,0.0,0.0,Fluo-C2DL-Huh7,01,Huh7,#2db95f
5,Cell,1,1.0,510.0,364.0,0.0,0.0,0.0,0.0,0.0,0.0,0.0,Fluo-C2DL-Huh7,01,Huh7,#2db95f
5,Cell,2,2.0,510.0,364.0,0.0,0.0,0.0,0.0,0.0,0.0,0.0,Fluo-C2DL-Huh7,01,Huh7,#2db95f
5,Cell,3,3.0,510.0,364.0,0.0,0.0,0.0,0.0,0.0,0.0,0.0,Fluo-C2DL-Huh7,01,Huh7,#2db95f
5,Cell,4,4.0,510.0,364.0,0.0,0.0,0.0,0.0,0.0,0.0,0.0,Fluo-C2DL-Huh7,01,Huh7,#2db95f
5,Cell,5,5.0,510.0,364.0,0.0,0.0,0.0,0.0,0.0,0.0,0.0,Fluo-C2DL-Huh7,01,Huh7,#2db95f
5,Cell,6,6.0,510.0,364.0,0.0,0.0,0.0,0.0,0.0,0.0,0.0,Fluo-C2DL-Huh7,01,Huh7,#2db95f
5,Cell,7,7.0,508.0,358.0,-2.0,-6.0,6.324555320336759,6.324555320336759,6.324555320336759,6.324555320336759,-108.434948822922,Fluo-C2DL-Huh7,01,Huh7,#2db95f
5,Cell,8,8.0,509.0,357.0,-1.0,-7.0,1.4142135623730951,7.738768882709854,7.071067811865476,1.4142135623730951,-45.0,Fluo-C2DL-Huh7,01,Huh7,#2db95f
5,Cell,9,9.0,509.0,357.0,-1.0,-7.0,0.0,7.738768882709854,7.071067811865476,0.0,0.0,Fluo-C2DL-Huh7,01,Huh7,#2db95f
5,Cell,10,10.0,509.0,357.0,-1.0,-7.0,0.0,7.738768882709854,7.071067811865476,0.0,0.0,Fluo-C2DL-Huh7,01,Huh7,#2db95f
5,Cell,11,11.0,509.0,357.0,-1.0,-7.0,0.0,7.738768882709854,7.071067811865476,0.0,0.0,Fluo-C2DL-Huh7,01,Huh7,#2db95f
5,Cell,12,12.0,507.0,353.0,-3.0,-11.0,4.47213595499958,12.210904837709434,11.40175425099138,4.47213595499958,-116.565051177078,Fluo-C2DL-Huh7,01,Huh7,#2db95f
5,Cell,13,13.0,507.0,353.0,-3.0,-11.0,0.0,12.210904837709434,11.40175425099138,0.0,0.0,Fluo-C2DL-Huh7,01,Huh7,#2db95f
5,Cell,14,14.0,507.0,353.0,-3.0,-11.0,0.0,12.210904837709434,11.40175425099138,0.0,0.0,Fluo-C2DL-Huh7,01,Huh7,#2db95f
5,Cell,15,15.0,507.0,345.0,-3.0,-19.0,8.0,20.210904837709435,19.235384061671343,8.0,-90.0,Fluo-C2DL-Huh7,01,Huh7,#2db95f
5,Cell,16,16.0,507.0,345.0,-3.0,-19.0,0.0,20.210904837709435,19.235384061671343,0.0,0.0,Fluo-C2DL-Huh7,01,Huh7,#2db95f
5,Cell,17,17.0,507.0,345.0,-3.0,-19.0,0.0,20.210904837709435,19.235384061671343,0.0,0.0,Fluo-C2DL-Huh7,01,Huh7,#2db95f
5,Cell,18,18.0,507.0,345.0,-3.0,-19.0,0.0,20.210904837709435,19.235384061671343,0.0,0.0,Fluo-C2DL-Huh7,01,Huh7,#2db95f
5,Cell,19,19.0,507.0,345.0,-3.0,-19.0,0.0,20.210904837709435,19.235384061671343,0.0,0.0,Fluo-C2DL-Huh7,01,Huh7,#2db95f
5,Cell,20,20.0,507.0,345.0,-3.0,-19.0,0.0,20.210904837709435,19.235384061671343,0.0,0.0,Fluo-C2DL-Huh7,01,Huh7,#2db95f
5,Cell,21,21.0,503.0,345.0,-7.0,-19.0,4.0,24.210904837709435,20.248456731316587,4.0,180.0,Fluo-C2DL-Huh7,01,Huh7,#2db95f
5,Cell,22,22.0,503.0,345.0,-7.0,-19.0,0.0,24.210904837709435,20.248456731316587,0.0,0.0,Fluo-C2DL-Huh7,01,Huh7,#2db95f
5,Cell,23,23.0,500.0,345.0,-10.0,-19.0,3.0,27.210904837709435,21.470910553583888,3.0,180.0,Fluo-C2DL-Huh7,01,Huh7,#2db95f
5,Cell,24,24.0,494.0,342.0,-16.0,-22.0,6.708203932499369,33.91910877020881,27.202941017470888,6.708203932499369,-153.43494882292202,Fluo-C2DL-Huh7,01,Huh7,#2db95f
5,Cell,25,25.0,494.0,342.0,-16.0,-22.0,0.0,33.91910877020881,27.202941017470888,0.0,0.0,Fluo-C2DL-Huh7,01,Huh7,#2db95f
5,Cell,26,26.0,497.0,341.0,-13.0,-23.0,3.1622776601683795,37.08138643037719,26.419689627245813,3.1622776601683795,-18.43494882292201,Fluo-C2DL-Huh7,01,Huh7,#2db95f
5,Cell,27,27.0,497.0,341.0,-13.0,-23.0,0.0,37.08138643037719,26.419689627245813,0.0,0.0,Fluo-C2DL-Huh7,01,Huh7,#2db95f
5,Cell,28,28.0,505.0,343.0,-5.0,-21.0,8.246211251235321,45.32759768161251,21.587033144922906,8.246211251235321,14.036243467926475,Fluo-C2DL-Huh7,01,Huh7,#2db95f
5,Cell,29,29.0,505.0,343.0,-5.0,-21.0,0.0,45.32759768161251,21.587033144922906,0.0,0.0,Fluo-C2DL-Huh7,01,Huh7,#2db95f
6,Cell,0,0.0,587.0,350.0,0.0,0.0,0.0,0.0,0.0,0.0,0.0,Fluo-C2DL-Huh7,01,Huh7,#2db95f
6,Cell,1,1.0,587.0,350.0,0.0,0.0,0.0,0.0,0.0,0.0,0.0,Fluo-C2DL-Huh7,01,Huh7,#2db95f
6,Cell,2,2.0,587.0,350.0,0.0,0.0,0.0,0.0,0.0,0.0,0.0,Fluo-C2DL-Huh7,01,Huh7,#2db95f
6,Cell,3,3.0,587.0,350.0,0.0,0.0,0.0,0.0,0.0,0.0,0.0,Fluo-C2DL-Huh7,01,Huh7,#2db95f
6,Cell,4,4.0,587.0,350.0,0.0,0.0,0.0,0.0,0.0,0.0,0.0,Fluo-C2DL-Huh7,01,Huh7,#2db95f
6,Cell,5,5.0,587.0,349.0,0.0,-1.0,1.0,1.0,1.0,1.0,-90.0,Fluo-C2DL-Huh7,01,Huh7,#2db95f
6,Cell,6,6.0,587.0,348.0,0.0,-2.0,1.0,2.0,2.0,1.0,-90.0,Fluo-C2DL-Huh7,01,Huh7,#2db95f
6,Cell,7,7.0,587.0,348.0,0.0,-2.0,0.0,2.0,2.0,0.0,0.0,Fluo-C2DL-Huh7,01,Huh7,#2db95f
6,Cell,8,8.0,588.0,348.0,1.0,-2.0,1.0,3.0,2.23606797749979,1.0,0.0,Fluo-C2DL-Huh7,01,Huh7,#2db95f
6,Cell,9,9.0,588.0,348.0,1.0,-2.0,0.0,3.0,2.23606797749979,0.0,0.0,Fluo-C2DL-Huh7,01,Huh7,#2db95f
6,Cell,10,10.0,588.0,348.0,1.0,-2.0,0.0,3.0,2.23606797749979,0.0,0.0,Fluo-C2DL-Huh7,01,Huh7,#2db95f
6,Cell,11,11.0,588.0,348.0,1.0,-2.0,0.0,3.0,2.23606797749979,0.0,0.0,Fluo-C2DL-Huh7,01,Huh7,#2db95f
6,Cell,12,12.0,588.0,347.0,1.0,-3.0,1.0,4.0,3.1622776601683795,1.0,-90.0,Fluo-C2DL-Huh7,01,Huh7,#2db95f
6,Cell,13,13.0,588.0,347.0,1.0,-3.0,0.0,4.0,3.1622776601683795,0.0,0.0,Fluo-C2DL-Huh7,01,Huh7,#2db95f
6,Cell,14,14.0,588.0,347.0,1.0,-3.0,0.0,4.0,3.1622776601683795,0.0,0.0,Fluo-C2DL-Huh7,01,Huh7,#2db95f
6,Cell,15,15.0,588.0,347.0,1.0,-3.0,0.0,4.0,3.1622776601683795,0.0,0.0,Fluo-C2DL-Huh7,01,Huh7,#2db95f
6,Cell,16,16.0,588.0,347.0,1.0,-3.0,0.0,4.0,3.1622776601683795,0.0,0.0,Fluo-C2DL-Huh7,01,Huh7,#2db95f
6,Cell,17,17.0,589.0,345.0,2.0,-5.0,2.23606797749979,6.23606797749979,5.385164807134504,2.23606797749979,-63.43494882292201,Fluo-C2DL-Huh7,01,Huh7,#2db95f
6,Cell,18,18.0,589.0,345.0,2.0,-5.0,0.0,6.23606797749979,5.385164807134504,0.0,0.0,Fluo-C2DL-Huh7,01,Huh7,#2db95f
6,Cell,19,19.0,589.0,345.0,2.0,-5.0,0.0,6.23606797749979,5.385164807134504,0.0,0.0,Fluo-C2DL-Huh7,01,Huh7,#2db95f
6,Cell,20,20.0,589.0,345.0,2.0,-5.0,0.0,6.23606797749979,5.385164807134504,0.0,0.0,Fluo-C2DL-Huh7,01,Huh7,#2db95f
6,Cell,21,21.0,589.0,345.0,2.0,-5.0,0.0,6.23606797749979,5.385164807134504,0.0,0.0,Fluo-C2DL-Huh7,01,Huh7,#2db95f
6,Cell,22,22.0,581.0,342.0,-6.0,-8.0,8.54400374531753,14.78007172281732,10.0,8.54400374531753,-159.44395478041653,Fluo-C2DL-Huh7,01,Huh7,#2db95f
6,Cell,23,23.0,582.0,342.0,-5.0,-8.0,1.0,15.78007172281732,9.433981132056603,1.0,0.0,Fluo-C2DL-Huh7,01,Huh7,#2db95f
6,Cell,24,24.0,584.0,341.0,-3.0,-9.0,2.23606797749979,18.01613970031711,9.486832980505138,2.23606797749979,-26.56505117707799,Fluo-C2DL-Huh7,01,Huh7,#2db95f
6,Cell,25,25.0,584.0,341.0,-3.0,-9.0,0.0,18.01613970031711,9.486832980505138,0.0,0.0,Fluo-C2DL-Huh7,01,Huh7,#2db95f
6,Cell,26,26.0,584.0,341.0,-3.0,-9.0,0.0,18.01613970031711,9.486832980505138,0.0,0.0,Fluo-C2DL-Huh7,01,Huh7,#2db95f
6,Cell,27,27.0,588.0,347.0,1.0,-3.0,7.211102550927978,25.22724225124509,3.1622776601683795,7.211102550927978,56.309932474020215,Fluo-C2DL-Huh7,01,Huh7,#2db95f
6,Cell,28,28.0,588.0,347.0,1.0,-3.0,0.0,25.22724225124509,3.1622776601683795,0.0,0.0,Fluo-C2DL-Huh7,01,Huh7,#2db95f
6,Cell,29,29.0,588.0,341.0,1.0,-9.0,6.0,31.22724225124509,9.055385138137416,6.0,-90.0,Fluo-C2DL-Huh7,01,Huh7,#2db95f
15,Cell,0,0.0,642.0,615.0,0.0,0.0,0.0,0.0,0.0,0.0,0.0,Fluo-C2DL-Huh7,01,Huh7,#2db95f
15,Cell,1,1.0,642.0,615.0,0.0,0.0,0.0,0.0,0.0,0.0,0.0,Fluo-C2DL-Huh7,01,Huh7,#2db95f
15,Cell,2,2.0,642.0,615.0,0.0,0.0,0.0,0.0,0.0,0.0,0.0,Fluo-C2DL-Huh7,01,Huh7,#2db95f
15,Cell,3,3.0,642.0,615.0,0.0,0.0,0.0,0.0,0.0,0.0,0.0,Fluo-C2DL-Huh7,01,Huh7,#2db95f
15,Cell,4,4.0,642.0,615.0,0.0,0.0,0.0,0.0,0.0,0.0,0.0,Fluo-C2DL-Huh7,01,Huh7,#2db95f
15,Cell,5,5.0,642.0,615.0,0.0,0.0,0.0,0.0,0.0,0.0,0.0,Fluo-C2DL-Huh7,01,Huh7,#2db95f
15,Cell,6,6.0,642.0,615.0,0.0,0.0,0.0,0.0,0.0,0.0,0.0,Fluo-C2DL-Huh7,01,Huh7,#2db95f
15,Cell,7,7.0,642.0,615.0,0.0,0.0,0.0,0.0,0.0,0.0,0.0,Fluo-C2DL-Huh7,01,Huh7,#2db95f
15,Cell,8,8.0,642.0,615.0,0.0,0.0,0.0,0.0,0.0,0.0,0.0,Fluo-C2DL-Huh7,01,Huh7,#2db95f
15,Cell,9,9.0,642.0,614.0,0.0,-1.0,1.0,1.0,1.0,1.0,-90.0,Fluo-C2DL-Huh7,01,Huh7,#2db95f
15,Cell,10,10.0,648.0,611.0,6.0,-4.0,6.708203932499369,7.708203932499369,7.211102550927978,6.708203932499369,-26.56505117707799,Fluo-C2DL-Huh7,01,Huh7,#2db95f
15,Cell,11,11.0,650.0,610.0,8.0,-5.0,2.23606797749979,9.94427190999916,9.433981132056603,2.23606797749979,-26.56505117707799,Fluo-C2DL-Huh7,01,Huh7,#2db95f
15,Cell,12,12.0,655.0,607.0,13.0,-8.0,5.830951894845301,15.77522380484446,15.264337522473747,5.830951894845301,-30.96375653207352,Fluo-C2DL-Huh7,01,Huh7,#2db95f
15,Cell,13,13.0,655.0,607.0,13.0,-8.0,0.0,15.77522380484446,15.264337522473747,0.0,0.0,Fluo-C2DL-Huh7,01,Huh7,#2db95f
15,Cell,14,14.0,658.0,606.0,16.0,-9.0,3.1622776601683795,18.93750146501284,18.35755975068582,3.1622776601683795,-18.43494882292201,Fluo-C2DL-Huh7,01,Huh7,#2db95f
15,Cell,15,15.0,658.0,606.0,16.0,-9.0,0.0,18.93750146501284,18.35755975068582,0.0,0.0,Fluo-C2DL-Huh7,01,Huh7,#2db95f
15,Cell,16,16.0,666.0,605.0,24.0,-10.0,8.06225774829855,26.99975921331139,26.0,8.06225774829855,-7.125016348901798,Fluo-C2DL-Huh7,01,Huh7,#2db95f
15,Cell,17,17.0,667.0,605.0,25.0,-10.0,1.0,27.99975921331139,26.92582403567252,1.0,0.0,Fluo-C2DL-Huh7,01,Huh7,#2db95f
15,Cell,18,18.0,667.0,605.0,25.0,-10.0,0.0,27.99975921331139,26.92582403567252,0.0,0.0,Fluo-C2DL-Huh7,01,Huh7,#2db95f
15,Cell,19,19.0,667.0,605.0,25.0,-10.0,0.0,27.99975921331139,26.92582403567252,0.0,0.0,Fluo-C2DL-Huh7,01,Huh7,#2db95f
15,Cell,20,20.0,667.0,605.0,25.0,-10.0,0.0,27.99975921331139,26.92582403567252,0.0,0.0,Fluo-C2DL-Huh7,01,Huh7,#2db95f
15,Cell,21,21.0,667.0,605.0,25.0,-10.0,0.0,27.99975921331139,26.92582403567252,0.0,0.0,Fluo-C2DL-Huh7,01,Huh7,#2db95f
15,Cell,22,22.0,667.0,605.0,25.0,-10.0,0.0,27.99975921331139,26.92582403567252,0.0,0.0,Fluo-C2DL-Huh7,01,Huh7,#2db95f
15,Cell,23,23.0,667.0,605.0,25.0,-10.0,0.0,27.99975921331139,26.92582403567252,0.0,0.0,Fluo-C2DL-Huh7,01,Huh7,#2db95f
15,Cell,24,24.0,667.0,605.0,25.0,-10.0,0.0,27.99975921331139,26.92582403567252,0.0,0.0,Fluo-C2DL-Huh7,01,Huh7,#2db95f
15,Cell,25,25.0,671.0,609.0,29.0,-6.0,5.656854249492381,33.65661346280377,29.61418578992169,5.656854249492381,45.0,Fluo-C2DL-Huh7,01,Huh7,#2db95f
15,Cell,26,26.0,670.0,609.0,28.0,-6.0,1.0,34.65661346280377,28.635642126552707,1.0,180.0,Fluo-C2DL-Huh7,01,Huh7,#2db95f
15,Cell,27,27.0,679.0,609.0,37.0,-6.0,9.0,43.65661346280377,37.48332962798263,9.0,0.0,Fluo-C2DL-Huh7,01,Huh7,#2db95f
15,Cell,28,28.0,686.0,607.0,44.0,-8.0,7.280109889280518,50.936723352084286,44.7213595499958,7.280109889280518,-15.945395900922856,Fluo-C2DL-Huh7,01,Huh7,#2db95f
15,Cell,29,29.0,682.0,608.0,40.0,-7.0,4.123105625617661,55.05982897770195,40.60788100849391,4.123105625617661,165.96375653207352,Fluo-C2DL-Huh7,01,Huh7,#2db95f
36,Cell,0,0.0,867.0,185.0,0.0,0.0,0.0,0.0,0.0,0.0,0.0,Fluo-C2DL-Huh7,01,Huh7,#2db95f
36,Cell,1,1.0,862.0,189.0,-5.0,4.0,6.4031242374328485,6.4031242374328485,6.4031242374328485,6.4031242374328485,141.34019174590992,Fluo-C2DL-Huh7,01,Huh7,#2db95f
36,Cell,2,2.0,862.0,189.0,-5.0,4.0,0.0,6.4031242374328485,6.4031242374328485,0.0,0.0,Fluo-C2DL-Huh7,01,Huh7,#2db95f
36,Cell,3,3.0,860.0,188.0,-7.0,3.0,2.23606797749979,8.639192214932638,7.615773105863909,2.23606797749979,-153.43494882292202,Fluo-C2DL-Huh7,01,Huh7,#2db95f
36,Cell,4,4.0,855.0,186.0,-12.0,1.0,5.385164807134504,14.024357022067145,12.041594578792296,5.385164807134504,-158.19859051364818,Fluo-C2DL-Huh7,01,Huh7,#2db95f
36,Cell,5,5.0,854.0,185.0,-13.0,0.0,1.4142135623730951,15.43857058444024,13.0,1.4142135623730951,-135.0,Fluo-C2DL-Huh7,01,Huh7,#2db95f
36,Cell,6,6.0,854.0,185.0,-13.0,0.0,0.0,15.43857058444024,13.0,0.0,0.0,Fluo-C2DL-Huh7,01,Huh7,#2db95f
36,Cell,7,7.0,854.0,185.0,-13.0,0.0,0.0,15.43857058444024,13.0,0.0,0.0,Fluo-C2DL-Huh7,01,Huh7,#2db95f
36,Cell,8,8.0,854.0,185.0,-13.0,0.0,0.0,15.43857058444024,13.0,0.0,0.0,Fluo-C2DL-Huh7,01,Huh7,#2db95f
36,Cell,9,9.0,854.0,185.0,-13.0,0.0,0.0,15.43857058444024,13.0,0.0,0.0,Fluo-C2DL-Huh7,01,Huh7,#2db95f
36,Cell,10,10.0,855.0,181.0,-12.0,-4.0,4.123105625617661,19.5616762100579,12.649110640673518,4.123105625617661,-75.96375653207353,Fluo-C2DL-Huh7,01,Huh7,#2db95f
36,Cell,11,11.0,857.0,178.0,-10.0,-7.0,3.605551275463989,23.167227485521888,12.206555615733702,3.605551275463989,-56.309932474020215,Fluo-C2DL-Huh7,01,Huh7,#2db95f
36,Cell,12,12.0,857.0,178.0,-10.0,-7.0,0.0,23.167227485521888,12.206555615733702,0.0,0.0,Fluo-C2DL-Huh7,01,Huh7,#2db95f
36,Cell,13,13.0,859.0,176.0,-8.0,-9.0,2.8284271247461903,25.99565461026808,12.041594578792296,2.8284271247461903,-45.0,Fluo-C2DL-Huh7,01,Huh7,#2db95f
36,Cell,14,14.0,850.0,178.0,-17.0,-7.0,9.219544457292889,35.21519906756097,18.384776310850235,9.219544457292889,167.47119229084848,Fluo-C2DL-Huh7,01,Huh7,#2db95f
36,Cell,15,15.0,850.0,178.0,-17.0,-7.0,0.0,35.21519906756097,18.384776310850235,0.0,0.0,Fluo-C2DL-Huh7,01,Huh7,#2db95f
36,Cell,16,16.0,850.0,178.0,-17.0,-7.0,0.0,35.21519906756097,18.384776310850235,0.0,0.0,Fluo-C2DL-Huh7,01,Huh7,#2db95f
36,Cell,17,17.0,843.0,175.0,-24.0,-10.0,7.615773105863909,42.83097217342488,26.0,7.615773105863909,-156.80140948635182,Fluo-C2DL-Huh7,01,Huh7,#2db95f
36,Cell,18,18.0,843.0,175.0,-24.0,-10.0,0.0,42.83097217342488,26.0,0.0,0.0,Fluo-C2DL-Huh7,01,Huh7,#2db95f
36,Cell,19,19.0,843.0,175.0,-24.0,-10.0,0.0,42.83097217342488,26.0,0.0,0.0,Fluo-C2DL-Huh7,01,Huh7,#2db95f
36,Cell,20,20.0,843.0,175.0,-24.0,-10.0,0.0,42.83097217342488,26.0,0.0,0.0,Fluo-C2DL-Huh7,01,Huh7,#2db95f
36,Cell,21,21.0,843.0,175.0,-24.0,-10.0,0.0,42.83097217342488,26.0,0.0,0.0,Fluo-C2DL-Huh7,01,Huh7,#2db95f
36,Cell,22,22.0,843.0,175.0,-24.0,-10.0,0.0,42.83097217342488,26.0,0.0,0.0,Fluo-C2DL-Huh7,01,Huh7,#2db95f
36,Cell,23,23.0,843.0,175.0,-24.0,-10.0,0.0,42.83097217342488,26.0,0.0,0.0,Fluo-C2DL-Huh7,01,Huh7,#2db95f
36,Cell,24,24.0,840.0,174.0,-27.0,-11.0,3.1622776601683795,45.99324983359325,29.154759474226505,3.1622776601683795,-161.56505117707798,Fluo-C2DL-Huh7,01,Huh7,#2db95f
36,Cell,25,25.0,844.0,173.0,-23.0,-12.0,4.123105625617661,50.11635545921092,25.942243542145693,4.123105625617661,-14.036243467926475,Fluo-C2DL-Huh7,01,Huh7,#2db95f
36,Cell,26,26.0,845.0,173.0,-22.0,-12.0,1.0,51.11635545921092,25.059928172283332,1.0,0.0,Fluo-C2DL-Huh7,01,Huh7,#2db95f
36,Cell,27,27.0,845.0,173.0,-22.0,-12.0,0.0,51.11635545921092,25.059928172283332,0.0,0.0,Fluo-C2DL-Huh7,01,Huh7,#2db95f
36,Cell,28,28.0,845.0,173.0,-22.0,-12.0,0.0,51.11635545921092,25.059928172283332,0.0,0.0,Fluo-C2DL-Huh7,01,Huh7,#2db95f
36,Cell,29,29.0,845.0,173.0,-22.0,-12.0,0.0,51.11635545921092,25.059928172283332,0.0,0.0,Fluo-C2DL-Huh7,01,Huh7,#2db95f
27,Cell,0,0.0,1013.0,694.0,0.0,0.0,0.0,0.0,0.0,0.0,0.0,Fluo-C2DL-Huh7,01,Huh7,#2db95f
27,Cell,1,1.0,1012.0,698.0,-1.0,4.0,4.123105625617661,4.123105625617661,4.123105625617661,4.123105625617661,104.0362434679265,Fluo-C2DL-Huh7,01,Huh7,#2db95f
27,Cell,2,2.0,1011.0,703.0,-2.0,9.0,5.0990195135927845,9.222125139210444,9.219544457292889,5.0990195135927845,101.3099324740202,Fluo-C2DL-Huh7,01,Huh7,#2db95f
27,Cell,3,3.0,1009.0,703.0,-4.0,9.0,2.0,11.222125139210444,9.848857801796104,2.0,180.0,Fluo-C2DL-Huh7,01,Huh7,#2db95f
27,Cell,4,4.0,1009.0,703.0,-4.0,9.0,0.0,11.222125139210444,9.848857801796104,0.0,0.0,Fluo-C2DL-Huh7,01,Huh7,#2db95f
27,Cell,5,5.0,1010.0,704.0,-3.0,10.0,1.4142135623730951,12.63633870158354,10.44030650891055,1.4142135623730951,45.0,Fluo-C2DL-Huh7,01,Huh7,#2db95f
27,Cell,6,6.0,1011.0,702.0,-2.0,8.0,2.23606797749979,14.87240667908333,8.246211251235321,2.23606797749979,-63.43494882292201,Fluo-C2DL-Huh7,01,Huh7,#2db95f
27,Cell,7,7.0,1009.0,702.0,-4.0,8.0,2.0,16.87240667908333,8.94427190999916,2.0,180.0,Fluo-C2DL-Huh7,01,Huh7,#2db95f
27,Cell,8,8.0,1008.0,703.0,-5.0,9.0,1.4142135623730951,18.286620241456426,10.295630140987,1.4142135623730951,135.0,Fluo-C2DL-Huh7,01,Huh7,#2db95f
27,Cell,9,9.0,1006.0,702.0,-7.0,8.0,2.23606797749979,20.522688218956212,10.63014581273465,2.23606797749979,-153.43494882292202,Fluo-C2DL-Huh7,01,Huh7,#2db95f
27,Cell,10,10.0,1007.0,702.0,-6.0,8.0,1.0,21.522688218956212,10.0,1.0,0.0,Fluo-C2DL-Huh7,01,Huh7,#2db95f
27,Cell,11,11.0,1003.0,704.0,-10.0,10.0,4.47213595499958,25.994824173955795,14.142135623730953,4.47213595499958,153.43494882292202,Fluo-C2DL-Huh7,01,Huh7,#2db95f
27,Cell,12,12.0,997.0,703.0,-16.0,9.0,6.082762530298219,32.07758670425402,18.35755975068582,6.082762530298219,-170.5376777919744,Fluo-C2DL-Huh7,01,Huh7,#2db95f
27,Cell,13,13.0,996.0,703.0,-17.0,9.0,1.0,33.07758670425402,19.235384061671343,1.0,180.0,Fluo-C2DL-Huh7,01,Huh7,#2db95f
27,Cell,14,14.0,991.0,700.0,-22.0,6.0,5.830951894845301,38.90853859909932,22.80350850198276,5.830951894845301,-149.03624346792648,Fluo-C2DL-Huh7,01,Huh7,#2db95f
27,Cell,15,15.0,992.0,704.0,-21.0,10.0,4.123105625617661,43.03164422471698,23.259406699226016,4.123105625617661,75.96375653207353,Fluo-C2DL-Huh7,01,Huh7,#2db95f
27,Cell,16,16.0,994.0,703.0,-19.0,9.0,2.23606797749979,45.26771220221677,21.02379604162864,2.23606797749979,-26.56505117707799,Fluo-C2DL-Huh7,01,Huh7,#2db95f
27,Cell,17,17.0,990.0,705.0,-23.0,11.0,4.47213595499958,49.73984815721635,25.495097567963924,4.47213595499958,153.43494882292202,Fluo-C2DL-Huh7,01,Huh7,#2db95f
27,Cell,18,18.0,989.0,698.0,-24.0,4.0,7.071067811865476,56.81091596908183,24.33105012119288,7.071067811865476,-98.130102354156,Fluo-C2DL-Huh7,01,Huh7,#2db95f
27,Cell,19,19.0,989.0,696.0,-24.0,2.0,2.0,58.81091596908183,24.08318915758459,2.0,-90.0,Fluo-C2DL-Huh7,01,Huh7,#2db95f
27,Cell,20,20.0,990.0,692.0,-23.0,-2.0,4.123105625617661,62.93402159469949,23.08679276123039,4.123105625617661,-75.96375653207353,Fluo-C2DL-Huh7,01,Huh7,#2db95f
27,Cell,21,21.0,983.5,689.0,-29.5,-5.0,7.158910531638177,70.09293212633766,29.92072860075436,7.158910531638177,-155.22485943116808,Fluo-C2DL-Huh7,01,Huh7,#2db95f
27,Cell,22,22.0,983.0,687.0,-30.0,-7.0,2.0615528128088303,72.15448493914649,30.80584360149873,2.0615528128088303,-104.0362434679265,Fluo-C2DL-Huh7,01,Huh7,#2db95f
27,Cell,23,23.0,975.0,682.0,-38.0,-12.0,9.433981132056603,81.58846607120309,39.84971769034255,9.433981132056603,-147.99461679191648,Fluo-C2DL-Huh7,01,Huh7,#2db95f
27,Cell,24,24.0,973.0,684.0,-40.0,-10.0,2.8284271247461903,84.41689319594927,41.23105625617661,2.8284271247461903,135.0,Fluo-C2DL-Huh7,01,Huh7,#2db95f
27,Cell,25,25.0,971.0,683.0,-42.0,-11.0,2.23606797749979,86.65296117344906,43.41658669218482,2.23606797749979,-153.43494882292202,Fluo-C2DL-Huh7,01,Huh7,#2db95f
27,Cell,26,26.0,970.0,684.0,-43.0,-10.0,1.4142135623730951,88.06717473582215,44.14748010928823,1.4142135623730951,135.0,Fluo-C2DL-Huh7,01,Huh7,#2db95f
27,Cell,27,27.0,966.0,680.0,-47.0,-14.0,5.656854249492381,93.72402898531452,49.04079934095692,5.656854249492381,-135.0,Fluo-C2DL-Huh7,01,Huh7,#2db95f
27,Cell,28,28.0,965.0,681.0,-48.0,-13.0,1.4142135623730951,95.13824254768764,49.72926703662542,1.4142135623730951,135.0,Fluo-C2DL-Huh7,01,Huh7,#2db95f
27,Cell,29,29.0,964.0,680.0,-49.0,-14.0,1.4142135623730951,96.55245611006072,50.96076922496363,1.4142135623730951,-135.0,Fluo-C2DL-Huh7,01,Huh7,#2db95f
14,Cell,0,0.0,602.0,728.0,0.0,0.0,0.0,0.0,0.0,0.0,0.0,Fluo-C2DL-Huh7,01,Huh7,#2db95f
14,Cell,1,1.0,602.0,728.0,0.0,0.0,0.0,0.0,0.0,0.0,0.0,Fluo-C2DL-Huh7,01,Huh7,#2db95f
14,Cell,2,2.0,601.0,735.0,-1.0,7.0,7.071067811865476,7.071067811865476,7.071067811865476,7.071067811865476,98.130102354156,Fluo-C2DL-Huh7,01,Huh7,#2db95f
14,Cell,3,3.0,601.0,735.0,-1.0,7.0,0.0,7.071067811865476,7.071067811865476,0.0,0.0,Fluo-C2DL-Huh7,01,Huh7,#2db95f
14,Cell,4,4.0,601.0,735.0,-1.0,7.0,0.0,7.071067811865476,7.071067811865476,0.0,0.0,Fluo-C2DL-Huh7,01,Huh7,#2db95f
14,Cell,5,5.0,601.0,735.0,-1.0,7.0,0.0,7.071067811865476,7.071067811865476,0.0,0.0,Fluo-C2DL-Huh7,01,Huh7,#2db95f
14,Cell,6,6.0,601.0,735.0,-1.0,7.0,0.0,7.071067811865476,7.071067811865476,0.0,0.0,Fluo-C2DL-Huh7,01,Huh7,#2db95f
14,Cell,7,7.0,601.0,735.0,-1.0,7.0,0.0,7.071067811865476,7.071067811865476,0.0,0.0,Fluo-C2DL-Huh7,01,Huh7,#2db95f
14,Cell,8,8.0,601.0,735.0,-1.0,7.0,0.0,7.071067811865476,7.071067811865476,0.0,0.0,Fluo-C2DL-Huh7,01,Huh7,#2db95f
14,Cell,9,9.0,601.0,735.0,-1.0,7.0,0.0,7.071067811865476,7.071067811865476,0.0,0.0,Fluo-C2DL-Huh7,01,Huh7,#2db95f
14,Cell,10,10.0,601.0,735.0,-1.0,7.0,0.0,7.071067811865476,7.071067811865476,0.0,0.0,Fluo-C2DL-Huh7,01,Huh7,#2db95f
14,Cell,11,11.0,607.0,733.0,5.0,5.0,6.324555320336759,13.395623132202235,7.071067811865476,6.324555320336759,-18.43494882292201,Fluo-C2DL-Huh7,01,Huh7,#2db95f
14,Cell,12,12.0,607.0,733.0,5.0,5.0,0.0,13.395623132202235,7.071067811865476,0.0,0.0,Fluo-C2DL-Huh7,01,Huh7,#2db95f
14,Cell,13,13.0,607.0,733.0,5.0,5.0,0.0,13.395623132202235,7.071067811865476,0.0,0.0,Fluo-C2DL-Huh7,01,Huh7,#2db95f
14,Cell,14,14.0,607.0,733.0,5.0,5.0,0.0,13.395623132202235,7.071067811865476,0.0,0.0,Fluo-C2DL-Huh7,01,Huh7,#2db95f
14,Cell,15,15.0,607.0,733.0,5.0,5.0,0.0,13.395623132202235,7.071067811865476,0.0,0.0,Fluo-C2DL-Huh7,01,Huh7,#2db95f
14,Cell,16,16.0,607.0,733.0,5.0,5.0,0.0,13.395623132202235,7.071067811865476,0.0,0.0,Fluo-C2DL-Huh7,01,Huh7,#2db95f
14,Cell,17,17.0,607.0,733.0,5.0,5.0,0.0,13.395623132202235,7.071067811865476,0.0,0.0,Fluo-C2DL-Huh7,01,Huh7,#2db95f
14,Cell,18,18.0,607.0,733.0,5.0,5.0,0.0,13.395623132202235,7.071067811865476,0.0,0.0,Fluo-C2DL-Huh7,01,Huh7,#2db95f
14,Cell,19,19.0,607.0,733.0,5.0,5.0,0.0,13.395623132202235,7.071067811865476,0.0,0.0,Fluo-C2DL-Huh7,01,Huh7,#2db95f
14,Cell,20,20.0,607.0,733.0,5.0,5.0,0.0,13.395623132202235,7.071067811865476,0.0,0.0,Fluo-C2DL-Huh7,01,Huh7,#2db95f
14,Cell,21,21.0,607.0,733.0,5.0,5.0,0.0,13.395623132202235,7.071067811865476,0.0,0.0,Fluo-C2DL-Huh7,01,Huh7,#2db95f
14,Cell,22,22.0,607.0,733.0,5.0,5.0,0.0,13.395623132202235,7.071067811865476,0.0,0.0,Fluo-C2DL-Huh7,01,Huh7,#2db95f
14,Cell,23,23.0,607.0,733.0,5.0,5.0,0.0,13.395623132202235,7.071067811865476,0.0,0.0,Fluo-C2DL-Huh7,01,Huh7,#2db95f
14,Cell,24,24.0,607.0,733.0,5.0,5.0,0.0,13.395623132202235,7.071067811865476,0.0,0.0,Fluo-C2DL-Huh7,01,Huh7,#2db95f
14,Cell,25,25.0,607.0,733.0,5.0,5.0,0.0,13.395623132202235,7.071067811865476,0.0,0.0,Fluo-C2DL-Huh7,01,Huh7,#2db95f
14,Cell,26,26.0,616.0,730.0,14.0,2.0,9.486832980505138,22.882456112707374,14.142135623730953,9.486832980505138,-18.43494882292201,Fluo-C2DL-Huh7,01,Huh7,#2db95f
14,Cell,27,27.0,616.0,730.0,14.0,2.0,0.0,22.882456112707374,14.142135623730953,0.0,0.0,Fluo-C2DL-Huh7,01,Huh7,#2db95f
14,Cell,28,28.0,616.0,730.0,14.0,2.0,0.0,22.882456112707374,14.142135623730953,0.0,0.0,Fluo-C2DL-Huh7,01,Huh7,#2db95f
14,Cell,29,29.0,616.0,730.0,14.0,2.0,0.0,22.882456112707374,14.142135623730953,0.0,0.0,Fluo-C2DL-Huh7,01,Huh7,#2db95f
18,Cell,0,0.0,776.0,793.0,0.0,0.0,0.0,0.0,0.0,0.0,0.0,Fluo-C2DL-Huh7,01,Huh7,#2db95f
18,Cell,1,1.0,776.0,793.0,0.0,0.0,0.0,0.0,0.0,0.0,0.0,Fluo-C2DL-Huh7,01,Huh7,#2db95f
18,Cell,2,2.0,779.0,787.0,3.0,-6.0,6.708203932499369,6.708203932499369,6.708203932499369,6.708203932499369,-63.43494882292201,Fluo-C2DL-Huh7,01,Huh7,#2db95f
18,Cell,3,3.0,779.0,786.0,3.0,-7.0,1.0,7.708203932499369,7.615773105863909,1.0,-90.0,Fluo-C2DL-Huh7,01,Huh7,#2db95f
18,Cell,4,4.0,778.0,781.0,2.0,-12.0,5.0990195135927845,12.807223446092154,12.16552506059644,5.0990195135927845,-101.3099324740202,Fluo-C2DL-Huh7,01,Huh7,#2db95f
18,Cell,5,5.0,778.0,781.0,2.0,-12.0,0.0,12.807223446092154,12.16552506059644,0.0,0.0,Fluo-C2DL-Huh7,01,Huh7,#2db95f
18,Cell,6,6.0,778.0,781.0,2.0,-12.0,0.0,12.807223446092154,12.16552506059644,0.0,0.0,Fluo-C2DL-Huh7,01,Huh7,#2db95f
18,Cell,7,7.0,773.0,781.0,-3.0,-12.0,5.0,17.807223446092152,12.36931687685298,5.0,180.0,Fluo-C2DL-Huh7,01,Huh7,#2db95f
18,Cell,8,8.0,773.0,781.0,-3.0,-12.0,0.0,17.807223446092152,12.36931687685298,0.0,0.0,Fluo-C2DL-Huh7,01,Huh7,#2db95f
18,Cell,9,9.0,771.0,783.0,-5.0,-10.0,2.8284271247461903,20.635650570838344,11.180339887498947,2.8284271247461903,135.0,Fluo-C2DL-Huh7,01,Huh7,#2db95f
18,Cell,10,10.0,771.0,783.0,-5.0,-10.0,0.0,20.635650570838344,11.180339887498947,0.0,0.0,Fluo-C2DL-Huh7,01,Huh7,#2db95f
18,Cell,11,11.0,771.0,783.0,-5.0,-10.0,0.0,20.635650570838344,11.180339887498947,0.0,0.0,Fluo-C2DL-Huh7,01,Huh7,#2db95f
18,Cell,12,12.0,769.0,779.0,-7.0,-14.0,4.47213595499958,25.107786525837923,15.652475842498529,4.47213595499958,-116.565051177078,Fluo-C2DL-Huh7,01,Huh7,#2db95f
18,Cell,13,13.0,769.0,779.0,-7.0,-14.0,0.0,25.107786525837923,15.652475842498529,0.0,0.0,Fluo-C2DL-Huh7,01,Huh7,#2db95f
18,Cell,14,14.0,769.0,779.0,-7.0,-14.0,0.0,25.107786525837923,15.652475842498529,0.0,0.0,Fluo-C2DL-Huh7,01,Huh7,#2db95f
18,Cell,15,15.0,764.0,780.0,-12.0,-13.0,5.0990195135927845,30.20680603943071,17.69180601295413,5.0990195135927845,168.6900675259798,Fluo-C2DL-Huh7,01,Huh7,#2db95f
18,Cell,16,16.0,757.0,780.0,-19.0,-13.0,7.0,37.20680603943071,23.021728866442675,7.0,180.0,Fluo-C2DL-Huh7,01,Huh7,#2db95f
18,Cell,17,17.0,757.0,780.0,-19.0,-13.0,0.0,37.20680603943071,23.021728866442675,0.0,0.0,Fluo-C2DL-Huh7,01,Huh7,#2db95f
18,Cell,18,18.0,757.0,781.0,-19.0,-12.0,1.0,38.20680603943071,22.47220505424423,1.0,90.0,Fluo-C2DL-Huh7,01,Huh7,#2db95f
18,Cell,19,19.0,755.0,791.0,-21.0,-2.0,10.198039027185567,48.40484506661628,21.095023109728988,10.198039027185567,101.3099324740202,Fluo-C2DL-Huh7,01,Huh7,#2db95f
18,Cell,20,20.0,754.0,793.0,-22.0,0.0,2.23606797749979,50.64091304411606,22.0,2.23606797749979,116.565051177078,Fluo-C2DL-Huh7,01,Huh7,#2db95f
18,Cell,21,21.0,747.0,796.0,-29.0,3.0,7.615773105863909,58.25668614997997,29.154759474226505,7.615773105863909,156.80140948635182,Fluo-C2DL-Huh7,01,Huh7,#2db95f
18,Cell,22,22.0,747.0,796.0,-29.0,3.0,0.0,58.25668614997997,29.154759474226505,0.0,0.0,Fluo-C2DL-Huh7,01,Huh7,#2db95f
18,Cell,23,23.0,740.0,799.0,-36.0,6.0,7.615773105863909,65.87245925584388,36.49657518178932,7.615773105863909,156.80140948635182,Fluo-C2DL-Huh7,01,Huh7,#2db95f
18,Cell,24,24.0,736.0,799.0,-40.0,6.0,4.0,69.87245925584388,40.44749683231337,4.0,180.0,Fluo-C2DL-Huh7,01,Huh7,#2db95f
18,Cell,25,25.0,740.0,794.0,-36.0,1.0,6.4031242374328485,76.27558349327673,36.013886210738214,6.4031242374328485,-51.34019174590991,Fluo-C2DL-Huh7,01,Huh7,#2db95f
18,Cell,26,26.0,735.0,799.0,-41.0,6.0,7.071067811865476,83.3466513051422,41.43669871020132,7.071067811865476,135.0,Fluo-C2DL-Huh7,01,Huh7,#2db95f
18,Cell,27,27.0,731.0,801.0,-45.0,8.0,4.47213595499958,87.81878726014179,45.70557952810576,4.47213595499958,153.43494882292202,Fluo-C2DL-Huh7,01,Huh7,#2db95f
18,Cell,28,28.0,731.0,801.0,-45.0,8.0,0.0,87.81878726014179,45.70557952810576,0.0,0.0,Fluo-C2DL-Huh7,01,Huh7,#2db95f
18,Cell,29,29.0,731.0,801.0,-45.0,8.0,0.0,87.81878726014179,45.70557952810576,0.0,0.0,Fluo-C2DL-Huh7,01,Huh7,#2db95f
19,Cell,0,0.0,804.0,824.0,0.0,0.0,0.0,0.0,0.0,0.0,0.0,Fluo-C2DL-Huh7,01,Huh7,#2db95f
19,Cell,1,1.0,804.0,824.0,0.0,0.0,0.0,0.0,0.0,0.0,0.0,Fluo-C2DL-Huh7,01,Huh7,#2db95f
19,Cell,2,2.0,804.0,824.0,0.0,0.0,0.0,0.0,0.0,0.0,0.0,Fluo-C2DL-Huh7,01,Huh7,#2db95f
19,Cell,3,3.0,804.0,824.0,0.0,0.0,0.0,0.0,0.0,0.0,0.0,Fluo-C2DL-Huh7,01,Huh7,#2db95f
19,Cell,4,4.0,804.0,824.0,0.0,0.0,0.0,0.0,0.0,0.0,0.0,Fluo-C2DL-Huh7,01,Huh7,#2db95f
19,Cell,5,5.0,804.0,824.0,0.0,0.0,0.0,0.0,0.0,0.0,0.0,Fluo-C2DL-Huh7,01,Huh7,#2db95f
19,Cell,6,6.0,804.0,824.0,0.0,0.0,0.0,0.0,0.0,0.0,0.0,Fluo-C2DL-Huh7,01,Huh7,#2db95f
19,Cell,7,7.0,804.0,829.0,0.0,5.0,5.0,5.0,5.0,5.0,90.0,Fluo-C2DL-Huh7,01,Huh7,#2db95f
19,Cell,8,8.0,806.0,832.0,2.0,8.0,3.605551275463989,8.60555127546399,8.246211251235321,3.605551275463989,56.309932474020215,Fluo-C2DL-Huh7,01,Huh7,#2db95f
19,Cell,9,9.0,806.0,832.0,2.0,8.0,0.0,8.60555127546399,8.246211251235321,0.0,0.0,Fluo-C2DL-Huh7,01,Huh7,#2db95f
19,Cell,10,10.0,806.0,832.0,2.0,8.0,0.0,8.60555127546399,8.246211251235321,0.0,0.0,Fluo-C2DL-Huh7,01,Huh7,#2db95f
19,Cell,11,11.0,806.0,832.0,2.0,8.0,0.0,8.60555127546399,8.246211251235321,0.0,0.0,Fluo-C2DL-Huh7,01,Huh7,#2db95f
19,Cell,12,12.0,808.0,839.0,4.0,15.0,7.280109889280518,15.885661164744509,15.524174696260024,7.280109889280518,74.05460409907715,Fluo-C2DL-Huh7,01,Huh7,#2db95f
19,Cell,13,13.0,806.0,843.0,2.0,19.0,4.47213595499958,20.357797119744088,19.1049731745428,4.47213595499958,116.565051177078,Fluo-C2DL-Huh7,01,Huh7,#2db95f
19,Cell,14,14.0,806.0,842.0,2.0,18.0,1.0,21.357797119744088,18.110770276274835,1.0,-90.0,Fluo-C2DL-Huh7,01,Huh7,#2db95f
19,Cell,15,15.0,796.0,840.0,-8.0,16.0,10.198039027185567,31.555836146929657,17.88854381999832,10.198039027185567,-168.6900675259798,Fluo-C2DL-Huh7,01,Huh7,#2db95f
19,Cell,16,16.0,796.0,840.0,-8.0,16.0,0.0,31.555836146929657,17.88854381999832,0.0,0.0,Fluo-C2DL-Huh7,01,Huh7,#2db95f
19,Cell,17,17.0,796.0,840.0,-8.0,16.0,0.0,31.555836146929657,17.88854381999832,0.0,0.0,Fluo-C2DL-Huh7,01,Huh7,#2db95f
19,Cell,18,18.0,796.0,840.0,-8.0,16.0,0.0,31.555836146929657,17.88854381999832,0.0,0.0,Fluo-C2DL-Huh7,01,Huh7,#2db95f
19,Cell,19,19.0,798.0,838.5,-6.0,14.5,2.5,34.05583614692966,15.692354826475215,2.5,-36.86989764584402,Fluo-C2DL-Huh7,01,Huh7,#2db95f
19,Cell,20,20.0,798.0,839.0,-6.0,15.0,0.5,34.55583614692966,16.15549442140351,0.5,90.0,Fluo-C2DL-Huh7,01,Huh7,#2db95f
19,Cell,21,21.0,799.0,838.0,-5.0,14.0,1.4142135623730951,35.97004970930275,14.866068747318506,1.4142135623730951,-45.0,Fluo-C2DL-Huh7,01,Huh7,#2db95f
19,Cell,22,22.0,799.0,838.0,-5.0,14.0,0.0,35.97004970930275,14.866068747318506,0.0,0.0,Fluo-C2DL-Huh7,01,Huh7,#2db95f
19,Cell,23,23.0,800.0,836.0,-4.0,12.0,2.23606797749979,38.20611768680254,12.649110640673518,2.23606797749979,-63.43494882292201,Fluo-C2DL-Huh7,01,Huh7,#2db95f
19,Cell,24,24.0,801.0,836.0,-3.0,12.0,1.0,39.20611768680254,12.36931687685298,1.0,0.0,Fluo-C2DL-Huh7,01,Huh7,#2db95f
19,Cell,25,25.0,810.0,838.0,6.0,14.0,9.219544457292889,48.42566214409543,15.231546211727816,9.219544457292889,12.528807709151511,Fluo-C2DL-Huh7,01,Huh7,#2db95f
19,Cell,26,26.0,810.0,837.0,6.0,13.0,1.0,49.42566214409543,14.317821063276352,1.0,-90.0,Fluo-C2DL-Huh7,01,Huh7,#2db95f
19,Cell,27,27.0,811.0,837.0,7.0,13.0,1.0,50.42566214409543,14.7648230602334,1.0,0.0,Fluo-C2DL-Huh7,01,Huh7,#2db95f
19,Cell,28,28.0,811.0,838.0,7.0,14.0,1.0,51.42566214409543,15.652475842498529,1.0,90.0,Fluo-C2DL-Huh7,01,Huh7,#2db95f
19,Cell,29,29.0,810.0,837.0,6.0,13.0,1.4142135623730951,52.83987570646852,14.317821063276352,1.4142135623730951,-135.0,Fluo-C2DL-Huh7,01,Huh7,#2db95f
37,Cell,0,0.0,821.0,170.0,0.0,0.0,0.0,0.0,0.0,0.0,0.0,Fluo-C2DL-Huh7,01,Huh7,#2db95f
37,Cell,1,1.0,818.0,170.0,-3.0,0.0,3.0,3.0,3.0,3.0,180.0,Fluo-C2DL-Huh7,01,Huh7,#2db95f
37,Cell,2,2.0,810.0,172.0,-11.0,2.0,8.246211251235321,11.24621125123532,11.180339887498947,8.246211251235321,165.96375653207352,Fluo-C2DL-Huh7,01,Huh7,#2db95f
37,Cell,3,3.0,810.0,172.0,-11.0,2.0,0.0,11.24621125123532,11.180339887498947,0.0,0.0,Fluo-C2DL-Huh7,01,Huh7,#2db95f
37,Cell,4,4.0,806.0,171.0,-15.0,1.0,4.123105625617661,15.36931687685298,15.033296378372908,4.123105625617661,-165.96375653207352,Fluo-C2DL-Huh7,01,Huh7,#2db95f
37,Cell,5,5.0,806.0,171.0,-15.0,1.0,0.0,15.36931687685298,15.033296378372908,0.0,0.0,Fluo-C2DL-Huh7,01,Huh7,#2db95f
37,Cell,6,6.0,806.0,171.0,-15.0,1.0,0.0,15.36931687685298,15.033296378372908,0.0,0.0,Fluo-C2DL-Huh7,01,Huh7,#2db95f
37,Cell,7,7.0,795.0,168.0,-26.0,-2.0,11.40175425099138,26.77107112784436,26.0768096208106,11.40175425099138,-164.74488129694225,Fluo-C2DL-Huh7,01,Huh7,#2db95f
37,Cell,8,8.0,795.0,168.0,-26.0,-2.0,0.0,26.77107112784436,26.0768096208106,0.0,0.0,Fluo-C2DL-Huh7,01,Huh7,#2db95f
37,Cell,9,9.0,798.0,166.0,-23.0,-4.0,3.605551275463989,30.376622403308343,23.345235059857504,3.605551275463989,-33.690067525979785,Fluo-C2DL-Huh7,01,Huh7,#2db95f
37,Cell,10,10.0,801.0,167.0,-20.0,-3.0,3.1622776601683795,33.538900063476724,20.223748416156685,3.1622776601683795,18.43494882292201,Fluo-C2DL-Huh7,01,Huh7,#2db95f
37,Cell,11,11.0,804.0,167.0,-17.0,-3.0,3.0,36.53890006347672,17.26267650163207,3.0,0.0,Fluo-C2DL-Huh7,01,Huh7,#2db95f
37,Cell,12,12.0,800.0,165.0,-21.0,-5.0,4.47213595499958,41.011036018476304,21.587033144922906,4.47213595499958,-153.43494882292202,Fluo-C2DL-Huh7,01,Huh7,#2db95f
37,Cell,13,13.0,800.0,165.0,-21.0,-5.0,0.0,41.011036018476304,21.587033144922906,0.0,0.0,Fluo-C2DL-Huh7,01,Huh7,#2db95f
37,Cell,14,14.0,797.0,162.0,-24.0,-8.0,4.242640687119285,45.25367670559559,25.29822128134704,4.242640687119285,-135.0,Fluo-C2DL-Huh7,01,Huh7,#2db95f
37,Cell,15,15.0,794.0,159.0,-27.0,-11.0,4.242640687119285,49.49631739271487,29.154759474226505,4.242640687119285,-135.0,Fluo-C2DL-Huh7,01,Huh7,#2db95f
37,Cell,16,16.0,791.0,156.0,-30.0,-14.0,4.242640687119285,53.73895807983416,33.1058907144937,4.242640687119285,-135.0,Fluo-C2DL-Huh7,01,Huh7,#2db95f
37,Cell,17,17.0,791.0,156.0,-30.0,-14.0,0.0,53.73895807983416,33.1058907144937,0.0,0.0,Fluo-C2DL-Huh7,01,Huh7,#2db95f
37,Cell,18,18.0,787.0,152.0,-34.0,-18.0,5.656854249492381,59.39581232932654,38.47076812334269,5.656854249492381,-135.0,Fluo-C2DL-Huh7,01,Huh7,#2db95f
37,Cell,19,19.0,789.0,154.0,-32.0,-16.0,2.8284271247461903,62.22423945407273,35.77708763999664,2.8284271247461903,45.0,Fluo-C2DL-Huh7,01,Huh7,#2db95f
37,Cell,20,20.0,789.0,154.0,-32.0,-16.0,0.0,62.22423945407273,35.77708763999664,0.0,0.0,Fluo-C2DL-Huh7,01,Huh7,#2db95f
37,Cell,21,21.0,789.0,152.0,-32.0,-18.0,2.0,64.22423945407273,36.71511950137164,2.0,-90.0,Fluo-C2DL-Huh7,01,Huh7,#2db95f
37,Cell,22,22.0,788.0,148.0,-33.0,-22.0,4.123105625617661,68.34734507969038,39.66106403010388,4.123105625617661,-104.0362434679265,Fluo-C2DL-Huh7,01,Huh7,#2db95f
37,Cell,23,23.0,792.0,148.0,-29.0,-22.0,4.0,72.34734507969038,36.40054944640259,4.0,0.0,Fluo-C2DL-Huh7,01,Huh7,#2db95f
37,Cell,24,24.0,792.0,148.0,-29.0,-22.0,0.0,72.34734507969038,36.40054944640259,0.0,0.0,Fluo-C2DL-Huh7,01,Huh7,#2db95f
37,Cell,25,25.0,801.0,148.0,-20.0,-22.0,9.0,81.34734507969038,29.73213749463701,9.0,0.0,Fluo-C2DL-Huh7,01,Huh7,#2db95f
37,Cell,26,26.0,800.0,148.0,-21.0,-22.0,1.0,82.34734507969038,30.4138126514911,1.0,180.0,Fluo-C2DL-Huh7,01,Huh7,#2db95f
37,Cell,27,27.0,800.0,149.0,-21.0,-21.0,1.0,83.34734507969038,29.698484809834994,1.0,90.0,Fluo-C2DL-Huh7,01,Huh7,#2db95f
37,Cell,28,28.0,800.0,149.0,-21.0,-21.0,0.0,83.34734507969038,29.698484809834994,0.0,0.0,Fluo-C2DL-Huh7,01,Huh7,#2db95f
37,Cell,29,29.0,800.0,149.0,-21.0,-21.0,0.0,83.34734507969038,29.698484809834994,0.0,0.0,Fluo-C2DL-Huh7,01,Huh7,#2db95f
8,Cell,0,0.0,571.0,449.0,0.0,0.0,0.0,0.0,0.0,0.0,0.0,Fluo-C2DL-Huh7,01,Huh7,#2db95f
8,Cell,1,1.0,571.0,449.0,0.0,0.0,0.0,0.0,0.0,0.0,0.0,Fluo-C2DL-Huh7,01,Huh7,#2db95f
8,Cell,2,2.0,571.0,449.0,0.0,0.0,0.0,0.0,0.0,0.0,0.0,Fluo-C2DL-Huh7,01,Huh7,#2db95f
8,Cell,3,3.0,571.0,449.0,0.0,0.0,0.0,0.0,0.0,0.0,0.0,Fluo-C2DL-Huh7,01,Huh7,#2db95f
8,Cell,4,4.0,571.0,449.0,0.0,0.0,0.0,0.0,0.0,0.0,0.0,Fluo-C2DL-Huh7,01,Huh7,#2db95f
8,Cell,5,5.0,571.0,449.0,0.0,0.0,0.0,0.0,0.0,0.0,0.0,Fluo-C2DL-Huh7,01,Huh7,#2db95f
8,Cell,6,6.0,571.0,449.0,0.0,0.0,0.0,0.0,0.0,0.0,0.0,Fluo-C2DL-Huh7,01,Huh7,#2db95f
8,Cell,7,7.0,571.0,449.0,0.0,0.0,0.0,0.0,0.0,0.0,0.0,Fluo-C2DL-Huh7,01,Huh7,#2db95f
8,Cell,8,8.0,571.0,449.0,0.0,0.0,0.0,0.0,0.0,0.0,0.0,Fluo-C2DL-Huh7,01,Huh7,#2db95f
8,Cell,9,9.0,571.0,449.0,0.0,0.0,0.0,0.0,0.0,0.0,0.0,Fluo-C2DL-Huh7,01,Huh7,#2db95f
8,Cell,10,10.0,571.0,449.0,0.0,0.0,0.0,0.0,0.0,0.0,0.0,Fluo-C2DL-Huh7,01,Huh7,#2db95f
8,Cell,11,11.0,574.0,437.5,3.0,-11.5,11.884864324004711,11.884864324004711,11.884864324004711,11.884864324004711,-75.37912601136834,Fluo-C2DL-Huh7,01,Huh7,#2db95f
8,Cell,12,12.0,574.0,435.0,3.0,-14.0,2.5,14.384864324004711,14.317821063276352,2.5,-90.0,Fluo-C2DL-Huh7,01,Huh7,#2db95f
8,Cell,13,13.0,574.0,435.0,3.0,-14.0,0.0,14.384864324004711,14.317821063276352,0.0,0.0,Fluo-C2DL-Huh7,01,Huh7,#2db95f
8,Cell,14,14.0,574.0,435.0,3.0,-14.0,0.0,14.384864324004711,14.317821063276352,0.0,0.0,Fluo-C2DL-Huh7,01,Huh7,#2db95f
8,Cell,15,15.0,573.0,431.0,2.0,-18.0,4.123105625617661,18.50796994962237,18.110770276274835,4.123105625617661,-104.0362434679265,Fluo-C2DL-Huh7,01,Huh7,#2db95f
8,Cell,16,16.0,573.0,431.0,2.0,-18.0,0.0,18.50796994962237,18.110770276274835,0.0,0.0,Fluo-C2DL-Huh7,01,Huh7,#2db95f
8,Cell,17,17.0,573.0,431.0,2.0,-18.0,0.0,18.50796994962237,18.110770276274835,0.0,0.0,Fluo-C2DL-Huh7,01,Huh7,#2db95f
8,Cell,18,18.0,573.0,431.0,2.0,-18.0,0.0,18.50796994962237,18.110770276274835,0.0,0.0,Fluo-C2DL-Huh7,01,Huh7,#2db95f
8,Cell,19,19.0,578.0,431.0,7.0,-18.0,5.0,23.50796994962237,19.313207915827967,5.0,0.0,Fluo-C2DL-Huh7,01,Huh7,#2db95f
8,Cell,20,20.0,578.0,431.0,7.0,-18.0,0.0,23.50796994962237,19.313207915827967,0.0,0.0,Fluo-C2DL-Huh7,01,Huh7,#2db95f
8,Cell,21,21.0,578.0,429.0,7.0,-20.0,2.0,25.50796994962237,21.18962010041709,2.0,-90.0,Fluo-C2DL-Huh7,01,Huh7,#2db95f
8,Cell,22,22.0,578.0,429.0,7.0,-20.0,0.0,25.50796994962237,21.18962010041709,0.0,0.0,Fluo-C2DL-Huh7,01,Huh7,#2db95f
8,Cell,23,23.0,585.0,434.0,14.0,-15.0,8.602325267042627,34.110295216665,20.518284528683196,8.602325267042627,35.53767779197438,Fluo-C2DL-Huh7,01,Huh7,#2db95f
8,Cell,24,24.0,587.0,440.0,16.0,-9.0,6.324555320336759,40.43485053700176,18.35755975068582,6.324555320336759,71.56505117707799,Fluo-C2DL-Huh7,01,Huh7,#2db95f
8,Cell,25,25.0,589.0,449.0,18.0,0.0,9.219544457292889,49.65439499429465,18.0,9.219544457292889,77.47119229084849,Fluo-C2DL-Huh7,01,Huh7,#2db95f
8,Cell,26,26.0,589.0,449.0,18.0,0.0,0.0,49.65439499429465,18.0,0.0,0.0,Fluo-C2DL-Huh7,01,Huh7,#2db95f
8,Cell,27,27.0,589.0,449.0,18.0,0.0,0.0,49.65439499429465,18.0,0.0,0.0,Fluo-C2DL-Huh7,01,Huh7,#2db95f
8,Cell,28,28.0,589.0,449.0,18.0,0.0,0.0,49.65439499429465,18.0,0.0,0.0,Fluo-C2DL-Huh7,01,Huh7,#2db95f
8,Cell,29,29.0,589.0,449.0,18.0,0.0,0.0,49.65439499429465,18.0,0.0,0.0,Fluo-C2DL-Huh7,01,Huh7,#2db95f
7,Cell,0,0.0,650.0,396.0,0.0,0.0,0.0,0.0,0.0,0.0,0.0,Fluo-C2DL-Huh7,01,Huh7,#2db95f
7,Cell,1,1.0,651.0,396.0,1.0,0.0,1.0,1.0,1.0,1.0,0.0,Fluo-C2DL-Huh7,01,Huh7,#2db95f
7,Cell,2,2.0,651.0,396.0,1.0,0.0,0.0,1.0,1.0,0.0,0.0,Fluo-C2DL-Huh7,01,Huh7,#2db95f
7,Cell,3,3.0,651.0,396.0,1.0,0.0,0.0,1.0,1.0,0.0,0.0,Fluo-C2DL-Huh7,01,Huh7,#2db95f
7,Cell,4,4.0,651.0,396.0,1.0,0.0,0.0,1.0,1.0,0.0,0.0,Fluo-C2DL-Huh7,01,Huh7,#2db95f
7,Cell,5,5.0,651.0,396.0,1.0,0.0,0.0,1.0,1.0,0.0,0.0,Fluo-C2DL-Huh7,01,Huh7,#2db95f
7,Cell,6,6.0,651.0,396.0,1.0,0.0,0.0,1.0,1.0,0.0,0.0,Fluo-C2DL-Huh7,01,Huh7,#2db95f
7,Cell,7,7.0,650.0,408.0,0.0,12.0,12.041594578792296,13.041594578792296,12.0,12.041594578792296,94.76364169072616,Fluo-C2DL-Huh7,01,Huh7,#2db95f
7,Cell,8,8.0,650.0,408.0,0.0,12.0,0.0,13.041594578792296,12.0,0.0,0.0,Fluo-C2DL-Huh7,01,Huh7,#2db95f
7,Cell,9,9.0,650.0,408.0,0.0,12.0,0.0,13.041594578792296,12.0,0.0,0.0,Fluo-C2DL-Huh7,01,Huh7,#2db95f
7,Cell,10,10.0,650.0,408.0,0.0,12.0,0.0,13.041594578792296,12.0,0.0,0.0,Fluo-C2DL-Huh7,01,Huh7,#2db95f
7,Cell,11,11.0,650.0,408.0,0.0,12.0,0.0,13.041594578792296,12.0,0.0,0.0,Fluo-C2DL-Huh7,01,Huh7,#2db95f
7,Cell,12,12.0,650.0,407.0,0.0,11.0,1.0,14.041594578792296,11.0,1.0,-90.0,Fluo-C2DL-Huh7,01,Huh7,#2db95f
7,Cell,13,13.0,650.0,407.0,0.0,11.0,0.0,14.041594578792296,11.0,0.0,0.0,Fluo-C2DL-Huh7,01,Huh7,#2db95f
7,Cell,14,14.0,650.0,407.0,0.0,11.0,0.0,14.041594578792296,11.0,0.0,0.0,Fluo-C2DL-Huh7,01,Huh7,#2db95f
7,Cell,15,15.0,650.0,406.5,0.0,10.5,0.5,14.541594578792296,10.5,0.5,-90.0,Fluo-C2DL-Huh7,01,Huh7,#2db95f
7,Cell,16,16.0,650.0,406.0,0.0,10.0,0.5,15.041594578792296,10.0,0.5,-90.0,Fluo-C2DL-Huh7,01,Huh7,#2db95f
7,Cell,17,17.0,650.0,406.0,0.0,10.0,0.0,15.041594578792296,10.0,0.0,0.0,Fluo-C2DL-Huh7,01,Huh7,#2db95f
7,Cell,18,18.0,650.0,406.0,0.0,10.0,0.0,15.041594578792296,10.0,0.0,0.0,Fluo-C2DL-Huh7,01,Huh7,#2db95f
7,Cell,19,19.0,656.0,411.0,6.0,15.0,7.810249675906654,22.85184425469895,16.15549442140351,7.810249675906654,39.80557109226519,Fluo-C2DL-Huh7,01,Huh7,#2db95f
7,Cell,20,20.0,656.0,411.0,6.0,15.0,0.0,22.85184425469895,16.15549442140351,0.0,0.0,Fluo-C2DL-Huh7,01,Huh7,#2db95f
7,Cell,21,21.0,660.0,414.0,10.0,18.0,5.0,27.85184425469895,20.591260281974,5.0,36.86989764584402,Fluo-C2DL-Huh7,01,Huh7,#2db95f
7,Cell,22,22.0,660.0,414.0,10.0,18.0,0.0,27.85184425469895,20.591260281974,0.0,0.0,Fluo-C2DL-Huh7,01,Huh7,#2db95f
7,Cell,23,23.0,660.0,414.0,10.0,18.0,0.0,27.85184425469895,20.591260281974,0.0,0.0,Fluo-C2DL-Huh7,01,Huh7,#2db95f
7,Cell,24,24.0,660.0,414.0,10.0,18.0,0.0,27.85184425469895,20.591260281974,0.0,0.0,Fluo-C2DL-Huh7,01,Huh7,#2db95f
7,Cell,25,25.0,660.0,414.0,10.0,18.0,0.0,27.85184425469895,20.591260281974,0.0,0.0,Fluo-C2DL-Huh7,01,Huh7,#2db95f
7,Cell,26,26.0,660.0,414.0,10.0,18.0,0.0,27.85184425469895,20.591260281974,0.0,0.0,Fluo-C2DL-Huh7,01,Huh7,#2db95f
7,Cell,27,27.0,660.0,414.0,10.0,18.0,0.0,27.85184425469895,20.591260281974,0.0,0.0,Fluo-C2DL-Huh7,01,Huh7,#2db95f
7,Cell,28,28.0,660.0,414.0,10.0,18.0,0.0,27.85184425469895,20.591260281974,0.0,0.0,Fluo-C2DL-Huh7,01,Huh7,#2db95f
7,Cell,29,29.0,664.0,424.0,14.0,28.0,10.770329614269007,38.62217386896796,31.304951684997057,10.770329614269007,68.19859051364818,Fluo-C2DL-Huh7,01,Huh7,#2db95f
11,Cell,0,0.0,432.0,708.0,0.0,0.0,0.0,0.0,0.0,0.0,0.0,Fluo-C2DL-Huh7,01,Huh7,#2db95f
11,Cell,1,1.0,432.0,708.0,0.0,0.0,0.0,0.0,0.0,0.0,0.0,Fluo-C2DL-Huh7,01,Huh7,#2db95f
11,Cell,2,2.0,432.0,708.0,0.0,0.0,0.0,0.0,0.0,0.0,0.0,Fluo-C2DL-Huh7,01,Huh7,#2db95f
11,Cell,3,3.0,432.0,708.0,0.0,0.0,0.0,0.0,0.0,0.0,0.0,Fluo-C2DL-Huh7,01,Huh7,#2db95f
11,Cell,4,4.0,432.0,708.0,0.0,0.0,0.0,0.0,0.0,0.0,0.0,Fluo-C2DL-Huh7,01,Huh7,#2db95f
11,Cell,5,5.0,432.0,708.0,0.0,0.0,0.0,0.0,0.0,0.0,0.0,Fluo-C2DL-Huh7,01,Huh7,#2db95f
11,Cell,6,6.0,428.0,700.0,-4.0,-8.0,8.94427190999916,8.94427190999916,8.94427190999916,8.94427190999916,-116.565051177078,Fluo-C2DL-Huh7,01,Huh7,#2db95f
11,Cell,7,7.0,428.0,700.0,-4.0,-8.0,0.0,8.94427190999916,8.94427190999916,0.0,0.0,Fluo-C2DL-Huh7,01,Huh7,#2db95f
11,Cell,8,8.0,428.0,700.0,-4.0,-8.0,0.0,8.94427190999916,8.94427190999916,0.0,0.0,Fluo-C2DL-Huh7,01,Huh7,#2db95f
11,Cell,9,9.0,429.0,699.0,-3.0,-9.0,1.4142135623730951,10.358485472372257,9.486832980505138,1.4142135623730951,-45.0,Fluo-C2DL-Huh7,01,Huh7,#2db95f
11,Cell,10,10.0,438.0,695.0,6.0,-13.0,9.848857801796104,20.20734327416836,14.317821063276352,9.848857801796104,-23.962488974578186,Fluo-C2DL-Huh7,01,Huh7,#2db95f
11,Cell,11,11.0,438.0,695.0,6.0,-13.0,0.0,20.20734327416836,14.317821063276352,0.0,0.0,Fluo-C2DL-Huh7,01,Huh7,#2db95f
11,Cell,12,12.0,438.0,695.0,6.0,-13.0,0.0,20.20734327416836,14.317821063276352,0.0,0.0,Fluo-C2DL-Huh7,01,Huh7,#2db95f
11,Cell,13,13.0,438.0,695.0,6.0,-13.0,0.0,20.20734327416836,14.317821063276352,0.0,0.0,Fluo-C2DL-Huh7,01,Huh7,#2db95f
11,Cell,14,14.0,438.0,695.0,6.0,-13.0,0.0,20.20734327416836,14.317821063276352,0.0,0.0,Fluo-C2DL-Huh7,01,Huh7,#2db95f
11,Cell,15,15.0,435.0,696.0,3.0,-12.0,3.1622776601683795,23.369620934336737,12.36931687685298,3.1622776601683795,161.56505117707798,Fluo-C2DL-Huh7,01,Huh7,#2db95f
11,Cell,16,16.0,435.0,696.0,3.0,-12.0,0.0,23.369620934336737,12.36931687685298,0.0,0.0,Fluo-C2DL-Huh7,01,Huh7,#2db95f
11,Cell,17,17.0,435.0,696.0,3.0,-12.0,0.0,23.369620934336737,12.36931687685298,0.0,0.0,Fluo-C2DL-Huh7,01,Huh7,#2db95f
11,Cell,18,18.0,423.0,699.0,-9.0,-9.0,12.36931687685298,35.738937811189714,12.727922061357855,12.36931687685298,165.96375653207352,Fluo-C2DL-Huh7,01,Huh7,#2db95f
11,Cell,19,19.0,424.0,698.0,-8.0,-10.0,1.4142135623730951,37.15315137356281,12.806248474865695,1.4142135623730951,-45.0,Fluo-C2DL-Huh7,01,Huh7,#2db95f
11,Cell,20,20.0,426.0,697.0,-6.0,-11.0,2.23606797749979,39.38921935106259,12.529964086141668,2.23606797749979,-26.56505117707799,Fluo-C2DL-Huh7,01,Huh7,#2db95f
11,Cell,21,21.0,429.0,696.0,-3.0,-12.0,3.1622776601683795,42.55149701123097,12.36931687685298,3.1622776601683795,-18.43494882292201,Fluo-C2DL-Huh7,01,Huh7,#2db95f
11,Cell,22,22.0,429.0,694.0,-3.0,-14.0,2.0,44.55149701123097,14.317821063276352,2.0,-90.0,Fluo-C2DL-Huh7,01,Huh7,#2db95f
11,Cell,23,23.0,429.0,694.0,-3.0,-14.0,0.0,44.55149701123097,14.317821063276352,0.0,0.0,Fluo-C2DL-Huh7,01,Huh7,#2db95f
11,Cell,24,24.0,429.0,694.0,-3.0,-14.0,0.0,44.55149701123097,14.317821063276352,0.0,0.0,Fluo-C2DL-Huh7,01,Huh7,#2db95f
11,Cell,25,25.0,429.0,694.0,-3.0,-14.0,0.0,44.55149701123097,14.317821063276352,0.0,0.0,Fluo-C2DL-Huh7,01,Huh7,#2db95f
11,Cell,26,26.0,429.0,694.0,-3.0,-14.0,0.0,44.55149701123097,14.317821063276352,0.0,0.0,Fluo-C2DL-Huh7,01,Huh7,#2db95f
11,Cell,27,27.0,429.0,694.0,-3.0,-14.0,0.0,44.55149701123097,14.317821063276352,0.0,0.0,Fluo-C2DL-Huh7,01,Huh7,#2db95f
11,Cell,28,28.0,429.0,694.0,-3.0,-14.0,0.0,44.55149701123097,14.317821063276352,0.0,0.0,Fluo-C2DL-Huh7,01,Huh7,#2db95f
11,Cell,29,29.0,429.0,694.0,-3.0,-14.0,0.0,44.55149701123097,14.317821063276352,0.0,0.0,Fluo-C2DL-Huh7,01,Huh7,#2db95f
26,Cell,0,0.0,967.0,717.0,0.0,0.0,0.0,0.0,0.0,0.0,0.0,Fluo-C2DL-Huh7,01,Huh7,#2db95f
26,Cell,1,1.0,966.0,717.0,-1.0,0.0,1.0,1.0,1.0,1.0,180.0,Fluo-C2DL-Huh7,01,Huh7,#2db95f
26,Cell,2,2.0,966.0,717.0,-1.0,0.0,0.0,1.0,1.0,0.0,0.0,Fluo-C2DL-Huh7,01,Huh7,#2db95f
26,Cell,3,3.0,966.0,717.0,-1.0,0.0,0.0,1.0,1.0,0.0,0.0,Fluo-C2DL-Huh7,01,Huh7,#2db95f
26,Cell,4,4.0,966.0,717.0,-1.0,0.0,0.0,1.0,1.0,0.0,0.0,Fluo-C2DL-Huh7,01,Huh7,#2db95f
26,Cell,5,5.0,966.0,717.0,-1.0,0.0,0.0,1.0,1.0,0.0,0.0,Fluo-C2DL-Huh7,01,Huh7,#2db95f
26,Cell,6,6.0,964.0,719.0,-3.0,2.0,2.8284271247461903,3.8284271247461903,3.605551275463989,2.8284271247461903,135.0,Fluo-C2DL-Huh7,01,Huh7,#2db95f
26,Cell,7,7.0,964.0,719.0,-3.0,2.0,0.0,3.8284271247461903,3.605551275463989,0.0,0.0,Fluo-C2DL-Huh7,01,Huh7,#2db95f
26,Cell,8,8.0,964.0,719.0,-3.0,2.0,0.0,3.8284271247461903,3.605551275463989,0.0,0.0,Fluo-C2DL-Huh7,01,Huh7,#2db95f
26,Cell,9,9.0,964.0,719.0,-3.0,2.0,0.0,3.8284271247461903,3.605551275463989,0.0,0.0,Fluo-C2DL-Huh7,01,Huh7,#2db95f
26,Cell,10,10.0,964.0,719.0,-3.0,2.0,0.0,3.8284271247461903,3.605551275463989,0.0,0.0,Fluo-C2DL-Huh7,01,Huh7,#2db95f
26,Cell,11,11.0,964.0,719.0,-3.0,2.0,0.0,3.8284271247461903,3.605551275463989,0.0,0.0,Fluo-C2DL-Huh7,01,Huh7,#2db95f
26,Cell,12,12.0,961.0,721.0,-6.0,4.0,3.605551275463989,7.433978400210179,7.211102550927978,3.605551275463989,146.30993247402023,Fluo-C2DL-Huh7,01,Huh7,#2db95f
26,Cell,13,13.0,960.385342789598,721.3853427895981,-6.614657210402015,4.3853427895980985,0.7254602344680455,8.159438634678224,7.9363040134185505,0.7254602344680455,147.9154516892592,Fluo-C2DL-Huh7,01,Huh7,#2db95f
26,Cell,14,14.0,954.0,727.0,-13.0,10.0,8.502762970410796,16.66220160508902,16.401219466856727,8.502762970410796,138.6747057817576,Fluo-C2DL-Huh7,01,Huh7,#2db95f
26,Cell,15,15.0,954.0,727.0,-13.0,10.0,0.0,16.66220160508902,16.401219466856727,0.0,0.0,Fluo-C2DL-Huh7,01,Huh7,#2db95f
26,Cell,16,16.0,954.0,727.0,-13.0,10.0,0.0,16.66220160508902,16.401219466856727,0.0,0.0,Fluo-C2DL-Huh7,01,Huh7,#2db95f
26,Cell,17,17.0,952.0,728.0,-15.0,11.0,2.23606797749979,18.89826958258881,18.601075237738275,2.23606797749979,153.43494882292202,Fluo-C2DL-Huh7,01,Huh7,#2db95f
26,Cell,18,18.0,952.0,731.0,-15.0,14.0,3.0,21.89826958258881,20.518284528683196,3.0,90.0,Fluo-C2DL-Huh7,01,Huh7,#2db95f
26,Cell,19,19.0,952.0,731.0,-15.0,14.0,0.0,21.89826958258881,20.518284528683196,0.0,0.0,Fluo-C2DL-Huh7,01,Huh7,#2db95f
26,Cell,20,20.0,952.0,731.0,-15.0,14.0,0.0,21.89826958258881,20.518284528683196,0.0,0.0,Fluo-C2DL-Huh7,01,Huh7,#2db95f
26,Cell,21,21.0,952.0,731.0,-15.0,14.0,0.0,21.89826958258881,20.518284528683196,0.0,0.0,Fluo-C2DL-Huh7,01,Huh7,#2db95f
26,Cell,22,22.0,952.0,731.0,-15.0,14.0,0.0,21.89826958258881,20.518284528683196,0.0,0.0,Fluo-C2DL-Huh7,01,Huh7,#2db95f
26,Cell,23,23.0,952.0,731.0,-15.0,14.0,0.0,21.89826958258881,20.518284528683196,0.0,0.0,Fluo-C2DL-Huh7,01,Huh7,#2db95f
26,Cell,24,24.0,952.0,731.0,-15.0,14.0,0.0,21.89826958258881,20.518284528683196,0.0,0.0,Fluo-C2DL-Huh7,01,Huh7,#2db95f
26,Cell,25,25.0,952.0,731.0,-15.0,14.0,0.0,21.89826958258881,20.518284528683196,0.0,0.0,Fluo-C2DL-Huh7,01,Huh7,#2db95f
26,Cell,26,26.0,952.0,731.0,-15.0,14.0,0.0,21.89826958258881,20.518284528683196,0.0,0.0,Fluo-C2DL-Huh7,01,Huh7,#2db95f
26,Cell,27,27.0,952.0,731.0,-15.0,14.0,0.0,21.89826958258881,20.518284528683196,0.0,0.0,Fluo-C2DL-Huh7,01,Huh7,#2db95f
26,Cell,28,28.0,951.0,744.0,-16.0,27.0,13.038404810405298,34.93667439299411,31.38470965295043,13.038404810405298,94.39870535499551,Fluo-C2DL-Huh7,01,Huh7,#2db95f
26,Cell,29,29.0,951.0,744.0,-16.0,27.0,0.0,34.93667439299411,31.38470965295043,0.0,0.0,Fluo-C2DL-Huh7,01,Huh7,#2db95f
10,Cell,0,0.0,437.0,588.0,0.0,0.0,0.0,0.0,0.0,0.0,0.0,Fluo-C2DL-Huh7,01,Huh7,#2db95f
10,Cell,1,1.0,431.0,600.0,-6.0,12.0,13.41640786499874,13.41640786499874,13.41640786499874,13.41640786499874,116.565051177078,Fluo-C2DL-Huh7,01,Huh7,#2db95f
10,Cell,2,2.0,431.0,600.0,-6.0,12.0,0.0,13.41640786499874,13.41640786499874,0.0,0.0,Fluo-C2DL-Huh7,01,Huh7,#2db95f
10,Cell,3,3.0,431.0,600.0,-6.0,12.0,0.0,13.41640786499874,13.41640786499874,0.0,0.0,Fluo-C2DL-Huh7,01,Huh7,#2db95f
10,Cell,4,4.0,427.0,600.0,-10.0,12.0,4.0,17.41640786499874,15.620499351813308,4.0,180.0,Fluo-C2DL-Huh7,01,Huh7,#2db95f
10,Cell,5,5.0,427.0,600.0,-10.0,12.0,0.0,17.41640786499874,15.620499351813308,0.0,0.0,Fluo-C2DL-Huh7,01,Huh7,#2db95f
10,Cell,6,6.0,427.0,600.0,-10.0,12.0,0.0,17.41640786499874,15.620499351813308,0.0,0.0,Fluo-C2DL-Huh7,01,Huh7,#2db95f
10,Cell,7,7.0,427.0,598.0,-10.0,10.0,2.0,19.41640786499874,14.142135623730953,2.0,-90.0,Fluo-C2DL-Huh7,01,Huh7,#2db95f
10,Cell,8,8.0,427.0,598.0,-10.0,10.0,0.0,19.41640786499874,14.142135623730953,0.0,0.0,Fluo-C2DL-Huh7,01,Huh7,#2db95f
10,Cell,9,9.0,427.0,598.0,-10.0,10.0,0.0,19.41640786499874,14.142135623730953,0.0,0.0,Fluo-C2DL-Huh7,01,Huh7,#2db95f
10,Cell,10,10.0,427.0,598.0,-10.0,10.0,0.0,19.41640786499874,14.142135623730953,0.0,0.0,Fluo-C2DL-Huh7,01,Huh7,#2db95f
10,Cell,11,11.0,423.0,595.0,-14.0,7.0,5.0,24.41640786499874,15.652475842498529,5.0,-143.13010235415598,Fluo-C2DL-Huh7,01,Huh7,#2db95f
10,Cell,12,12.0,423.0,595.0,-14.0,7.0,0.0,24.41640786499874,15.652475842498529,0.0,0.0,Fluo-C2DL-Huh7,01,Huh7,#2db95f
10,Cell,13,13.0,423.0,595.0,-14.0,7.0,0.0,24.41640786499874,15.652475842498529,0.0,0.0,Fluo-C2DL-Huh7,01,Huh7,#2db95f
10,Cell,14,14.0,423.0,595.0,-14.0,7.0,0.0,24.41640786499874,15.652475842498529,0.0,0.0,Fluo-C2DL-Huh7,01,Huh7,#2db95f
10,Cell,15,15.0,423.0,595.0,-14.0,7.0,0.0,24.41640786499874,15.652475842498529,0.0,0.0,Fluo-C2DL-Huh7,01,Huh7,#2db95f
10,Cell,16,16.0,423.0,595.0,-14.0,7.0,0.0,24.41640786499874,15.652475842498529,0.0,0.0,Fluo-C2DL-Huh7,01,Huh7,#2db95f
10,Cell,17,17.0,423.0,595.0,-14.0,7.0,0.0,24.41640786499874,15.652475842498529,0.0,0.0,Fluo-C2DL-Huh7,01,Huh7,#2db95f
10,Cell,18,18.0,423.0,595.0,-14.0,7.0,0.0,24.41640786499874,15.652475842498529,0.0,0.0,Fluo-C2DL-Huh7,01,Huh7,#2db95f
10,Cell,19,19.0,423.0,595.0,-14.0,7.0,0.0,24.41640786499874,15.652475842498529,0.0,0.0,Fluo-C2DL-Huh7,01,Huh7,#2db95f
10,Cell,20,20.0,423.0,595.0,-14.0,7.0,0.0,24.41640786499874,15.652475842498529,0.0,0.0,Fluo-C2DL-Huh7,01,Huh7,#2db95f
10,Cell,21,21.0,423.0,595.0,-14.0,7.0,0.0,24.41640786499874,15.652475842498529,0.0,0.0,Fluo-C2DL-Huh7,01,Huh7,#2db95f
10,Cell,22,22.0,423.0,595.0,-14.0,7.0,0.0,24.41640786499874,15.652475842498529,0.0,0.0,Fluo-C2DL-Huh7,01,Huh7,#2db95f
10,Cell,23,23.0,420.0,593.0,-17.0,5.0,3.605551275463989,28.021959140462727,17.72004514666935,3.605551275463989,-146.30993247402023,Fluo-C2DL-Huh7,01,Huh7,#2db95f
10,Cell,24,24.0,420.0,593.0,-17.0,5.0,0.0,28.021959140462727,17.72004514666935,0.0,0.0,Fluo-C2DL-Huh7,01,Huh7,#2db95f
10,Cell,25,25.0,421.0,594.0,-16.0,6.0,1.4142135623730951,29.436172702835822,17.08800749063506,1.4142135623730951,45.0,Fluo-C2DL-Huh7,01,Huh7,#2db95f
10,Cell,26,26.0,421.0,594.0,-16.0,6.0,0.0,29.436172702835822,17.08800749063506,0.0,0.0,Fluo-C2DL-Huh7,01,Huh7,#2db95f
10,Cell,27,27.0,421.0,594.0,-16.0,6.0,0.0,29.436172702835822,17.08800749063506,0.0,0.0,Fluo-C2DL-Huh7,01,Huh7,#2db95f
10,Cell,28,28.0,421.0,594.0,-16.0,6.0,0.0,29.436172702835822,17.08800749063506,0.0,0.0,Fluo-C2DL-Huh7,01,Huh7,#2db95f
10,Cell,29,29.0,421.0,594.0,-16.0,6.0,0.0,29.436172702835822,17.08800749063506,0.0,0.0,Fluo-C2DL-Huh7,01,Huh7,#2db95f
22,Cell,0,0.0,564.0,965.0,0.0,0.0,0.0,0.0,0.0,0.0,0.0,Fluo-C2DL-Huh7,01,Huh7,#2db95f
22,Cell,1,1.0,578.0,964.0,14.0,-1.0,14.0356688476182,14.0356688476182,14.0356688476182,14.0356688476182,-4.085616779974877,Fluo-C2DL-Huh7,01,Huh7,#2db95f
22,Cell,2,2.0,578.0,964.0,14.0,-1.0,0.0,14.0356688476182,14.0356688476182,0.0,0.0,Fluo-C2DL-Huh7,01,Huh7,#2db95f
22,Cell,3,3.0,578.0,964.0,14.0,-1.0,0.0,14.0356688476182,14.0356688476182,0.0,0.0,Fluo-C2DL-Huh7,01,Huh7,#2db95f
22,Cell,4,4.0,580.0,962.0,16.0,-3.0,2.8284271247461903,16.86409597236439,16.278820596099706,2.8284271247461903,-45.0,Fluo-C2DL-Huh7,01,Huh7,#2db95f
22,Cell,5,5.0,580.0,962.0,16.0,-3.0,0.0,16.86409597236439,16.278820596099706,0.0,0.0,Fluo-C2DL-Huh7,01,Huh7,#2db95f
22,Cell,6,6.0,583.0,962.0,19.0,-3.0,3.0,19.86409597236439,19.235384061671343,3.0,0.0,Fluo-C2DL-Huh7,01,Huh7,#2db95f
22,Cell,7,7.0,583.0,962.0,19.0,-3.0,0.0,19.86409597236439,19.235384061671343,0.0,0.0,Fluo-C2DL-Huh7,01,Huh7,#2db95f
22,Cell,8,8.0,583.0,962.0,19.0,-3.0,0.0,19.86409597236439,19.235384061671343,0.0,0.0,Fluo-C2DL-Huh7,01,Huh7,#2db95f
22,Cell,9,9.0,583.0,962.0,19.0,-3.0,0.0,19.86409597236439,19.235384061671343,0.0,0.0,Fluo-C2DL-Huh7,01,Huh7,#2db95f
22,Cell,10,10.0,583.0,962.0,19.0,-3.0,0.0,19.86409597236439,19.235384061671343,0.0,0.0,Fluo-C2DL-Huh7,01,Huh7,#2db95f
22,Cell,11,11.0,583.0,962.0,19.0,-3.0,0.0,19.86409597236439,19.235384061671343,0.0,0.0,Fluo-C2DL-Huh7,01,Huh7,#2db95f
22,Cell,12,12.0,583.0,962.0,19.0,-3.0,0.0,19.86409597236439,19.235384061671343,0.0,0.0,Fluo-C2DL-Huh7,01,Huh7,#2db95f
22,Cell,13,13.0,583.0,962.0,19.0,-3.0,0.0,19.86409597236439,19.235384061671343,0.0,0.0,Fluo-C2DL-Huh7,01,Huh7,#2db95f
22,Cell,14,14.0,583.0,962.0,19.0,-3.0,0.0,19.86409597236439,19.235384061671343,0.0,0.0,Fluo-C2DL-Huh7,01,Huh7,#2db95f
22,Cell,15,15.0,583.0,962.0,19.0,-3.0,0.0,19.86409597236439,19.235384061671343,0.0,0.0,Fluo-C2DL-Huh7,01,Huh7,#2db95f
22,Cell,16,16.0,583.0,962.0,19.0,-3.0,0.0,19.86409597236439,19.235384061671343,0.0,0.0,Fluo-C2DL-Huh7,01,Huh7,#2db95f
22,Cell,17,17.0,579.0,967.0,15.0,2.0,6.4031242374328485,26.26722020979724,15.132745950421556,6.4031242374328485,128.6598082540901,Fluo-C2DL-Huh7,01,Huh7,#2db95f
22,Cell,18,18.0,579.0,967.0,15.0,2.0,0.0,26.26722020979724,15.132745950421556,0.0,0.0,Fluo-C2DL-Huh7,01,Huh7,#2db95f
22,Cell,19,19.0,579.0,967.0,15.0,2.0,0.0,26.26722020979724,15.132745950421556,0.0,0.0,Fluo-C2DL-Huh7,01,Huh7,#2db95f
22,Cell,20,20.0,579.0,968.0,15.0,3.0,1.0,27.26722020979724,15.297058540778355,1.0,90.0,Fluo-C2DL-Huh7,01,Huh7,#2db95f
22,Cell,21,21.0,576.0,970.0,12.0,5.0,3.605551275463989,30.872771485261225,13.0,3.605551275463989,146.30993247402023,Fluo-C2DL-Huh7,01,Huh7,#2db95f
22,Cell,22,22.0,576.0,964.0,12.0,-1.0,6.0,36.872771485261225,12.041594578792296,6.0,-90.0,Fluo-C2DL-Huh7,01,Huh7,#2db95f
22,Cell,23,23.0,576.0,964.0,12.0,-1.0,0.0,36.872771485261225,12.041594578792296,0.0,0.0,Fluo-C2DL-Huh7,01,Huh7,#2db95f
22,Cell,24,24.0,576.0,964.0,12.0,-1.0,0.0,36.872771485261225,12.041594578792296,0.0,0.0,Fluo-C2DL-Huh7,01,Huh7,#2db95f
22,Cell,25,25.0,576.0,964.0,12.0,-1.0,0.0,36.872771485261225,12.041594578792296,0.0,0.0,Fluo-C2DL-Huh7,01,Huh7,#2db95f
22,Cell,26,26.0,576.0,964.0,12.0,-1.0,0.0,36.872771485261225,12.041594578792296,0.0,0.0,Fluo-C2DL-Huh7,01,Huh7,#2db95f
22,Cell,27,27.0,574.0,965.0,10.0,0.0,2.23606797749979,39.10883946276101,10.0,2.23606797749979,153.43494882292202,Fluo-C2DL-Huh7,01,Huh7,#2db95f
22,Cell,28,28.0,574.0,965.0,10.0,0.0,0.0,39.10883946276101,10.0,0.0,0.0,Fluo-C2DL-Huh7,01,Huh7,#2db95f
22,Cell,29,29.0,574.0,965.0,10.0,0.0,0.0,39.10883946276101,10.0,0.0,0.0,Fluo-C2DL-Huh7,01,Huh7,#2db95f
1,Cell,0,0.0,242.0,281.0,0.0,0.0,0.0,0.0,0.0,0.0,0.0,Fluo-C2DL-Huh7,01,Huh7,#2db95f
1,Cell,1,1.0,242.0,277.0,0.0,-4.0,4.0,4.0,4.0,4.0,-90.0,Fluo-C2DL-Huh7,01,Huh7,#2db95f
1,Cell,2,2.0,242.0,277.0,0.0,-4.0,0.0,4.0,4.0,0.0,0.0,Fluo-C2DL-Huh7,01,Huh7,#2db95f
1,Cell,3,3.0,245.0,272.0,3.0,-9.0,5.830951894845301,9.8309518948453,9.486832980505138,5.830951894845301,-59.03624346792648,Fluo-C2DL-Huh7,01,Huh7,#2db95f
1,Cell,4,4.0,245.0,272.0,3.0,-9.0,0.0,9.8309518948453,9.486832980505138,0.0,0.0,Fluo-C2DL-Huh7,01,Huh7,#2db95f
1,Cell,5,5.0,255.0,261.0,13.0,-20.0,14.866068747318506,24.697020642163807,23.853720883753127,14.866068747318506,-47.72631099390627,Fluo-C2DL-Huh7,01,Huh7,#2db95f
1,Cell,6,6.0,262.0,257.0,20.0,-24.0,8.06225774829855,32.75927839046236,31.240998703626616,8.06225774829855,-29.744881296942225,Fluo-C2DL-Huh7,01,Huh7,#2db95f
1,Cell,7,7.0,263.0,256.0,21.0,-25.0,1.4142135623730951,34.17349195283545,32.64965543462902,1.4142135623730951,-45.0,Fluo-C2DL-Huh7,01,Huh7,#2db95f
1,Cell,8,8.0,263.0,256.0,21.0,-25.0,0.0,34.17349195283545,32.64965543462902,0.0,0.0,Fluo-C2DL-Huh7,01,Huh7,#2db95f
1,Cell,9,9.0,269.0,253.0,27.0,-28.0,6.708203932499369,40.88169588533482,38.897300677553446,6.708203932499369,-26.56505117707799,Fluo-C2DL-Huh7,01,Huh7,#2db95f
1,Cell,10,10.0,269.0,253.0,27.0,-28.0,0.0,40.88169588533482,38.897300677553446,0.0,0.0,Fluo-C2DL-Huh7,01,Huh7,#2db95f
1,Cell,11,11.0,269.0,253.0,27.0,-28.0,0.0,40.88169588533482,38.897300677553446,0.0,0.0,Fluo-C2DL-Huh7,01,Huh7,#2db95f
1,Cell,12,12.0,269.0,253.0,27.0,-28.0,0.0,40.88169588533482,38.897300677553446,0.0,0.0,Fluo-C2DL-Huh7,01,Huh7,#2db95f
1,Cell,13,13.0,279.0,263.0,37.0,-18.0,14.142135623730953,55.02383150906577,41.14608122288197,14.142135623730953,45.0,Fluo-C2DL-Huh7,01,Huh7,#2db95f
1,Cell,14,14.0,279.0,262.0,37.0,-19.0,1.0,56.02383150906577,41.593268686170845,1.0,-90.0,Fluo-C2DL-Huh7,01,Huh7,#2db95f
1,Cell,15,15.0,279.0,262.0,37.0,-19.0,0.0,56.02383150906577,41.593268686170845,0.0,0.0,Fluo-C2DL-Huh7,01,Huh7,#2db95f
1,Cell,16,16.0,279.0,262.0,37.0,-19.0,0.0,56.02383150906577,41.593268686170845,0.0,0.0,Fluo-C2DL-Huh7,01,Huh7,#2db95f
1,Cell,17,17.0,279.0,262.0,37.0,-19.0,0.0,56.02383150906577,41.593268686170845,0.0,0.0,Fluo-C2DL-Huh7,01,Huh7,#2db95f
1,Cell,18,18.0,279.0,262.0,37.0,-19.0,0.0,56.02383150906577,41.593268686170845,0.0,0.0,Fluo-C2DL-Huh7,01,Huh7,#2db95f
1,Cell,19,19.0,279.0,262.0,37.0,-19.0,0.0,56.02383150906577,41.593268686170845,0.0,0.0,Fluo-C2DL-Huh7,01,Huh7,#2db95f
1,Cell,20,20.0,279.0,261.5,37.0,-19.5,0.5,56.52383150906577,41.82403615147634,0.5,-90.0,Fluo-C2DL-Huh7,01,Huh7,#2db95f
1,Cell,21,21.0,278.0,262.0,36.0,-19.0,1.118033988749895,57.64186549781567,40.70626487409524,1.118033988749895,153.43494882292202,Fluo-C2DL-Huh7,01,Huh7,#2db95f
1,Cell,22,22.0,278.0,262.0,36.0,-19.0,0.0,57.64186549781567,40.70626487409524,0.0,0.0,Fluo-C2DL-Huh7,01,Huh7,#2db95f
1,Cell,23,23.0,278.0,262.0,36.0,-19.0,0.0,57.64186549781567,40.70626487409524,0.0,0.0,Fluo-C2DL-Huh7,01,Huh7,#2db95f
1,Cell,24,24.0,278.0,262.0,36.0,-19.0,0.0,57.64186549781567,40.70626487409524,0.0,0.0,Fluo-C2DL-Huh7,01,Huh7,#2db95f
1,Cell,25,25.0,278.0,262.0,36.0,-19.0,0.0,57.64186549781567,40.70626487409524,0.0,0.0,Fluo-C2DL-Huh7,01,Huh7,#2db95f
1,Cell,26,26.0,278.0,264.0,36.0,-17.0,2.0,59.64186549781567,39.81205847478876,2.0,90.0,Fluo-C2DL-Huh7,01,Huh7,#2db95f
1,Cell,27,27.0,278.0,264.0,36.0,-17.0,0.0,59.64186549781567,39.81205847478876,0.0,0.0,Fluo-C2DL-Huh7,01,Huh7,#2db95f
1,Cell,28,28.0,280.0,263.0,38.0,-18.0,2.23606797749979,61.87793347531546,42.04759208325728,2.23606797749979,-26.56505117707799,Fluo-C2DL-Huh7,01,Huh7,#2db95f
1,Cell,29,29.0,287.0,266.0,45.0,-15.0,7.615773105863909,69.49370658117937,47.43416490252569,7.615773105863909,23.19859051364819,Fluo-C2DL-Huh7,01,Huh7,#2db95f
16,Cell,0,0.0,725.0,584.0,0.0,0.0,0.0,0.0,0.0,0.0,0.0,Fluo-C2DL-Huh7,01,Huh7,#2db95f
16,Cell,1,1.0,725.0,584.0,0.0,0.0,0.0,0.0,0.0,0.0,0.0,Fluo-C2DL-Huh7,01,Huh7,#2db95f
16,Cell,2,2.0,725.0,584.0,0.0,0.0,0.0,0.0,0.0,0.0,0.0,Fluo-C2DL-Huh7,01,Huh7,#2db95f
16,Cell,3,3.0,725.0,584.0,0.0,0.0,0.0,0.0,0.0,0.0,0.0,Fluo-C2DL-Huh7,01,Huh7,#2db95f
16,Cell,4,4.0,725.0,584.0,0.0,0.0,0.0,0.0,0.0,0.0,0.0,Fluo-C2DL-Huh7,01,Huh7,#2db95f
16,Cell,5,5.0,725.0,584.0,0.0,0.0,0.0,0.0,0.0,0.0,0.0,Fluo-C2DL-Huh7,01,Huh7,#2db95f
16,Cell,6,6.0,725.0,584.0,0.0,0.0,0.0,0.0,0.0,0.0,0.0,Fluo-C2DL-Huh7,01,Huh7,#2db95f
16,Cell,7,7.0,725.0,584.0,0.0,0.0,0.0,0.0,0.0,0.0,0.0,Fluo-C2DL-Huh7,01,Huh7,#2db95f
16,Cell,8,8.0,725.0,584.0,0.0,0.0,0.0,0.0,0.0,0.0,0.0,Fluo-C2DL-Huh7,01,Huh7,#2db95f
16,Cell,9,9.0,725.0,584.0,0.0,0.0,0.0,0.0,0.0,0.0,0.0,Fluo-C2DL-Huh7,01,Huh7,#2db95f
16,Cell,10,10.0,728.0,589.0,3.0,5.0,5.830951894845301,5.830951894845301,5.830951894845301,5.830951894845301,59.03624346792648,Fluo-C2DL-Huh7,01,Huh7,#2db95f
16,Cell,11,11.0,728.0,589.0,3.0,5.0,0.0,5.830951894845301,5.830951894845301,0.0,0.0,Fluo-C2DL-Huh7,01,Huh7,#2db95f
16,Cell,12,12.0,728.0,589.0,3.0,5.0,0.0,5.830951894845301,5.830951894845301,0.0,0.0,Fluo-C2DL-Huh7,01,Huh7,#2db95f
16,Cell,13,13.0,728.0,589.0,3.0,5.0,0.0,5.830951894845301,5.830951894845301,0.0,0.0,Fluo-C2DL-Huh7,01,Huh7,#2db95f
16,Cell,14,14.0,729.0,590.0,4.0,6.0,1.4142135623730951,7.245165457218396,7.211102550927978,1.4142135623730951,45.0,Fluo-C2DL-Huh7,01,Huh7,#2db95f
16,Cell,15,15.0,739.0,590.0,14.0,6.0,10.0,17.245165457218395,15.231546211727816,10.0,0.0,Fluo-C2DL-Huh7,01,Huh7,#2db95f
16,Cell,16,16.0,739.0,590.0,14.0,6.0,0.0,17.245165457218395,15.231546211727816,0.0,0.0,Fluo-C2DL-Huh7,01,Huh7,#2db95f
16,Cell,17,17.0,739.0,590.0,14.0,6.0,0.0,17.245165457218395,15.231546211727816,0.0,0.0,Fluo-C2DL-Huh7,01,Huh7,#2db95f
16,Cell,18,18.0,739.0,590.0,14.0,6.0,0.0,17.245165457218395,15.231546211727816,0.0,0.0,Fluo-C2DL-Huh7,01,Huh7,#2db95f
16,Cell,19,19.0,739.0,590.0,14.0,6.0,0.0,17.245165457218395,15.231546211727816,0.0,0.0,Fluo-C2DL-Huh7,01,Huh7,#2db95f
16,Cell,20,20.0,739.0,590.0,14.0,6.0,0.0,17.245165457218395,15.231546211727816,0.0,0.0,Fluo-C2DL-Huh7,01,Huh7,#2db95f
16,Cell,21,21.0,739.0,590.0,14.0,6.0,0.0,17.245165457218395,15.231546211727816,0.0,0.0,Fluo-C2DL-Huh7,01,Huh7,#2db95f
16,Cell,22,22.0,734.0,604.0,9.0,20.0,14.866068747318506,32.1112342045369,21.93171219946131,14.866068747318506,109.65382405805332,Fluo-C2DL-Huh7,01,Huh7,#2db95f
16,Cell,23,23.0,732.0,602.0,7.0,18.0,2.8284271247461903,34.93966132928309,19.313207915827967,2.8284271247461903,-135.0,Fluo-C2DL-Huh7,01,Huh7,#2db95f
16,Cell,24,24.0,732.0,602.0,7.0,18.0,0.0,34.93966132928309,19.313207915827967,0.0,0.0,Fluo-C2DL-Huh7,01,Huh7,#2db95f
16,Cell,25,25.0,732.0,602.0,7.0,18.0,0.0,34.93966132928309,19.313207915827967,0.0,0.0,Fluo-C2DL-Huh7,01,Huh7,#2db95f
16,Cell,26,26.0,732.0,602.0,7.0,18.0,0.0,34.93966132928309,19.313207915827967,0.0,0.0,Fluo-C2DL-Huh7,01,Huh7,#2db95f
16,Cell,27,27.0,736.0,600.0,11.0,16.0,4.47213595499958,39.41179728428267,19.4164878389476,4.47213595499958,-26.56505117707799,Fluo-C2DL-Huh7,01,Huh7,#2db95f
16,Cell,28,28.0,743.0,605.0,18.0,21.0,8.602325267042627,48.0141225513253,27.65863337187866,8.602325267042627,35.53767779197438,Fluo-C2DL-Huh7,01,Huh7,#2db95f
16,Cell,29,29.0,743.0,605.0,18.0,21.0,0.0,48.0141225513253,27.65863337187866,0.0,0.0,Fluo-C2DL-Huh7,01,Huh7,#2db95f
24,Cell,0,0.0,917.0,909.0,0.0,0.0,0.0,0.0,0.0,0.0,0.0,Fluo-C2DL-Huh7,01,Huh7,#2db95f
24,Cell,1,1.0,917.0,909.0,0.0,0.0,0.0,0.0,0.0,0.0,0.0,Fluo-C2DL-Huh7,01,Huh7,#2db95f
24,Cell,2,2.0,917.0,909.0,0.0,0.0,0.0,0.0,0.0,0.0,0.0,Fluo-C2DL-Huh7,01,Huh7,#2db95f
24,Cell,3,3.0,917.0,909.0,0.0,0.0,0.0,0.0,0.0,0.0,0.0,Fluo-C2DL-Huh7,01,Huh7,#2db95f
24,Cell,4,4.0,913.0,909.0,-4.0,0.0,4.0,4.0,4.0,4.0,180.0,Fluo-C2DL-Huh7,01,Huh7,#2db95f
24,Cell,5,5.0,913.0,908.5,-4.0,-0.5,0.5,4.5,4.031128874149275,0.5,-90.0,Fluo-C2DL-Huh7,01,Huh7,#2db95f
24,Cell,6,6.0,911.0,906.0,-6.0,-3.0,3.2015621187164243,7.701562118716424,6.708203932499369,3.2015621187164243,-128.6598082540901,Fluo-C2DL-Huh7,01,Huh7,#2db95f
24,Cell,7,7.0,896.0,908.0,-21.0,-1.0,15.132745950421556,22.834308069137982,21.02379604162864,15.132745950421556,172.40535663140858,Fluo-C2DL-Huh7,01,Huh7,#2db95f
24,Cell,8,8.0,896.0,908.0,-21.0,-1.0,0.0,22.834308069137982,21.02379604162864,0.0,0.0,Fluo-C2DL-Huh7,01,Huh7,#2db95f
24,Cell,9,9.0,896.0,908.0,-21.0,-1.0,0.0,22.834308069137982,21.02379604162864,0.0,0.0,Fluo-C2DL-Huh7,01,Huh7,#2db95f
24,Cell,10,10.0,896.0,908.0,-21.0,-1.0,0.0,22.834308069137982,21.02379604162864,0.0,0.0,Fluo-C2DL-Huh7,01,Huh7,#2db95f
24,Cell,11,11.0,897.0,906.0,-20.0,-3.0,2.23606797749979,25.07037604663777,20.223748416156685,2.23606797749979,-63.43494882292201,Fluo-C2DL-Huh7,01,Huh7,#2db95f
24,Cell,12,12.0,897.0,906.0,-20.0,-3.0,0.0,25.07037604663777,20.223748416156685,0.0,0.0,Fluo-C2DL-Huh7,01,Huh7,#2db95f
24,Cell,13,13.0,898.0,906.0,-19.0,-3.0,1.0,26.07037604663777,19.235384061671343,1.0,0.0,Fluo-C2DL-Huh7,01,Huh7,#2db95f
24,Cell,14,14.0,898.0,906.0,-19.0,-3.0,0.0,26.07037604663777,19.235384061671343,0.0,0.0,Fluo-C2DL-Huh7,01,Huh7,#2db95f
24,Cell,15,15.0,897.0,902.0,-20.0,-7.0,4.123105625617661,30.193481672255437,21.18962010041709,4.123105625617661,-104.0362434679265,Fluo-C2DL-Huh7,01,Huh7,#2db95f
24,Cell,16,16.0,897.0,900.0,-20.0,-9.0,2.0,32.19348167225543,21.93171219946131,2.0,-90.0,Fluo-C2DL-Huh7,01,Huh7,#2db95f
24,Cell,17,17.0,897.0,900.0,-20.0,-9.0,0.0,32.19348167225543,21.93171219946131,0.0,0.0,Fluo-C2DL-Huh7,01,Huh7,#2db95f
24,Cell,18,18.0,901.0,898.0,-16.0,-11.0,4.47213595499958,36.66561762725501,19.4164878389476,4.47213595499958,-26.56505117707799,Fluo-C2DL-Huh7,01,Huh7,#2db95f
24,Cell,19,19.0,902.5,897.0,-14.5,-12.0,1.8027756377319943,38.46839326498701,18.82153022471871,1.8027756377319943,-33.690067525979785,Fluo-C2DL-Huh7,01,Huh7,#2db95f
24,Cell,20,20.0,904.0,898.0,-13.0,-11.0,1.8027756377319943,40.271168902719005,17.029386365926403,1.8027756377319943,33.690067525979785,Fluo-C2DL-Huh7,01,Huh7,#2db95f
24,Cell,21,21.0,908.0,898.0,-9.0,-11.0,4.0,44.271168902719005,14.212670403551895,4.0,0.0,Fluo-C2DL-Huh7,01,Huh7,#2db95f
24,Cell,22,22.0,910.0,898.0,-7.0,-11.0,2.0,46.271168902719005,13.038404810405298,2.0,0.0,Fluo-C2DL-Huh7,01,Huh7,#2db95f
24,Cell,23,23.0,913.0,901.0,-4.0,-8.0,4.242640687119285,50.51380958983829,8.94427190999916,4.242640687119285,45.0,Fluo-C2DL-Huh7,01,Huh7,#2db95f
24,Cell,24,24.0,919.0,910.0,2.0,1.0,10.816653826391969,61.33046341623026,2.23606797749979,10.816653826391969,56.309932474020215,Fluo-C2DL-Huh7,01,Huh7,#2db95f
24,Cell,25,25.0,919.0,910.5,2.0,1.5,0.5,61.83046341623026,2.5,0.5,90.0,Fluo-C2DL-Huh7,01,Huh7,#2db95f
24,Cell,26,26.0,919.0,910.0,2.0,1.0,0.5,62.33046341623026,2.23606797749979,0.5,-90.0,Fluo-C2DL-Huh7,01,Huh7,#2db95f
24,Cell,27,27.0,919.0,910.0,2.0,1.0,0.0,62.33046341623026,2.23606797749979,0.0,0.0,Fluo-C2DL-Huh7,01,Huh7,#2db95f
24,Cell,28,28.0,916.0,914.0,-1.0,5.0,5.0,67.33046341623026,5.0990195135927845,5.0,126.86989764584402,Fluo-C2DL-Huh7,01,Huh7,#2db95f
24,Cell,29,29.0,918.0,913.0,1.0,4.0,2.23606797749979,69.56653139373005,4.123105625617661,2.23606797749979,-26.56505117707799,Fluo-C2DL-Huh7,01,Huh7,#2db95f
9,Cell,0,0.0,485.0,485.0,0.0,0.0,0.0,0.0,0.0,0.0,0.0,Fluo-C2DL-Huh7,01,Huh7,#2db95f
9,Cell,1,1.0,485.0,485.0,0.0,0.0,0.0,0.0,0.0,0.0,0.0,Fluo-C2DL-Huh7,01,Huh7,#2db95f
9,Cell,2,2.0,485.0,485.0,0.0,0.0,0.0,0.0,0.0,0.0,0.0,Fluo-C2DL-Huh7,01,Huh7,#2db95f
9,Cell,3,3.0,485.0,485.0,0.0,0.0,0.0,0.0,0.0,0.0,0.0,Fluo-C2DL-Huh7,01,Huh7,#2db95f
9,Cell,4,4.0,485.0,485.0,0.0,0.0,0.0,0.0,0.0,0.0,0.0,Fluo-C2DL-Huh7,01,Huh7,#2db95f
9,Cell,5,5.0,485.0,485.0,0.0,0.0,0.0,0.0,0.0,0.0,0.0,Fluo-C2DL-Huh7,01,Huh7,#2db95f
9,Cell,6,6.0,473.0,482.0,-12.0,-3.0,12.36931687685298,12.36931687685298,12.36931687685298,12.36931687685298,-165.96375653207352,Fluo-C2DL-Huh7,01,Huh7,#2db95f
9,Cell,7,7.0,473.0,482.0,-12.0,-3.0,0.0,12.36931687685298,12.36931687685298,0.0,0.0,Fluo-C2DL-Huh7,01,Huh7,#2db95f
9,Cell,8,8.0,473.0,482.0,-12.0,-3.0,0.0,12.36931687685298,12.36931687685298,0.0,0.0,Fluo-C2DL-Huh7,01,Huh7,#2db95f
9,Cell,9,9.0,473.0,482.0,-12.0,-3.0,0.0,12.36931687685298,12.36931687685298,0.0,0.0,Fluo-C2DL-Huh7,01,Huh7,#2db95f
9,Cell,10,10.0,473.0,482.0,-12.0,-3.0,0.0,12.36931687685298,12.36931687685298,0.0,0.0,Fluo-C2DL-Huh7,01,Huh7,#2db95f
9,Cell,11,11.0,478.0,477.0,-7.0,-8.0,7.071067811865476,19.440384688718456,10.63014581273465,7.071067811865476,-45.0,Fluo-C2DL-Huh7,01,Huh7,#2db95f
9,Cell,12,12.0,478.0,477.0,-7.0,-8.0,0.0,19.440384688718456,10.63014581273465,0.0,0.0,Fluo-C2DL-Huh7,01,Huh7,#2db95f
9,Cell,13,13.0,478.0,477.0,-7.0,-8.0,0.0,19.440384688718456,10.63014581273465,0.0,0.0,Fluo-C2DL-Huh7,01,Huh7,#2db95f
9,Cell,14,14.0,478.0,477.0,-7.0,-8.0,0.0,19.440384688718456,10.63014581273465,0.0,0.0,Fluo-C2DL-Huh7,01,Huh7,#2db95f
9,Cell,15,15.0,480.6539278131634,478.8556263269639,-4.34607218683658,-6.144373673036114,3.238314670133812,22.678699358852267,7.526066122955192,3.238314670133812,34.96124580066271,Fluo-C2DL-Huh7,01,Huh7,#2db95f
9,Cell,16,16.0,480.0,481.0,-5.0,-4.0,2.241865302474501,24.920564661326768,6.4031242374328485,2.241865302474501,106.95911082794684,Fluo-C2DL-Huh7,01,Huh7,#2db95f
9,Cell,17,17.0,491.0,486.0,6.0,1.0,12.083045973594572,37.003610634921344,6.082762530298219,12.083045973594572,24.443954780416536,Fluo-C2DL-Huh7,01,Huh7,#2db95f
9,Cell,18,18.0,491.0,486.0,6.0,1.0,0.0,37.003610634921344,6.082762530298219,0.0,0.0,Fluo-C2DL-Huh7,01,Huh7,#2db95f
9,Cell,19,19.0,479.0,479.0,-6.0,-6.0,13.892443989449804,50.896054624371146,8.48528137423857,13.892443989449804,-149.74356283647074,Fluo-C2DL-Huh7,01,Huh7,#2db95f
9,Cell,20,20.0,476.0,480.0,-9.0,-5.0,3.1622776601683795,54.05833228453952,10.295630140987,3.1622776601683795,161.56505117707798,Fluo-C2DL-Huh7,01,Huh7,#2db95f
9,Cell,21,21.0,467.0,481.0,-18.0,-4.0,9.055385138137416,63.11371742267694,18.43908891458577,9.055385138137416,173.6598082540901,Fluo-C2DL-Huh7,01,Huh7,#2db95f
9,Cell,22,22.0,467.0,481.0,-18.0,-4.0,0.0,63.11371742267694,18.43908891458577,0.0,0.0,Fluo-C2DL-Huh7,01,Huh7,#2db95f
9,Cell,23,23.0,465.0,481.0,-20.0,-4.0,2.0,65.11371742267694,20.396078054371134,2.0,180.0,Fluo-C2DL-Huh7,01,Huh7,#2db95f
9,Cell,24,24.0,461.0,478.0,-24.0,-7.0,5.0,70.11371742267694,25.0,5.0,-143.13010235415598,Fluo-C2DL-Huh7,01,Huh7,#2db95f
9,Cell,25,25.0,461.0,478.0,-24.0,-7.0,0.0,70.11371742267694,25.0,0.0,0.0,Fluo-C2DL-Huh7,01,Huh7,#2db95f
9,Cell,26,26.0,476.0,475.0,-9.0,-10.0,15.297058540778355,85.4107759634553,13.45362404707371,15.297058540778355,-11.309932474020211,Fluo-C2DL-Huh7,01,Huh7,#2db95f
9,Cell,27,27.0,479.0,475.0,-6.0,-10.0,3.0,88.4107759634553,11.6619037896906,3.0,0.0,Fluo-C2DL-Huh7,01,Huh7,#2db95f
9,Cell,28,28.0,479.0,475.0,-6.0,-10.0,0.0,88.4107759634553,11.6619037896906,0.0,0.0,Fluo-C2DL-Huh7,01,Huh7,#2db95f
9,Cell,29,29.0,479.0,486.0,-6.0,1.0,11.0,99.4107759634553,6.082762530298219,11.0,90.0,Fluo-C2DL-Huh7,01,Huh7,#2db95f
4,Cell,0,0.0,416.0,358.0,0.0,0.0,0.0,0.0,0.0,0.0,0.0,Fluo-C2DL-Huh7,01,Huh7,#2db95f
4,Cell,1,1.0,416.0,358.0,0.0,0.0,0.0,0.0,0.0,0.0,0.0,Fluo-C2DL-Huh7,01,Huh7,#2db95f
4,Cell,2,2.0,416.0,358.0,0.0,0.0,0.0,0.0,0.0,0.0,0.0,Fluo-C2DL-Huh7,01,Huh7,#2db95f
4,Cell,3,3.0,416.0,358.0,0.0,0.0,0.0,0.0,0.0,0.0,0.0,Fluo-C2DL-Huh7,01,Huh7,#2db95f
4,Cell,4,4.0,415.0,359.0,-1.0,1.0,1.4142135623730951,1.4142135623730951,1.4142135623730951,1.4142135623730951,135.0,Fluo-C2DL-Huh7,01,Huh7,#2db95f
4,Cell,5,5.0,414.0,359.0,-2.0,1.0,1.0,2.414213562373095,2.23606797749979,1.0,180.0,Fluo-C2DL-Huh7,01,Huh7,#2db95f
4,Cell,6,6.0,409.0,367.0,-7.0,9.0,9.433981132056603,11.848194694429695,11.40175425099138,9.433981132056603,122.0053832080835,Fluo-C2DL-Huh7,01,Huh7,#2db95f
4,Cell,7,7.0,409.0,367.0,-7.0,9.0,0.0,11.848194694429695,11.40175425099138,0.0,0.0,Fluo-C2DL-Huh7,01,Huh7,#2db95f
4,Cell,8,8.0,409.0,368.0,-7.0,10.0,1.0,12.848194694429695,12.206555615733702,1.0,90.0,Fluo-C2DL-Huh7,01,Huh7,#2db95f
4,Cell,9,9.0,410.0,379.0,-6.0,21.0,11.04536101718726,23.89355571161696,21.840329667841555,11.04536101718726,84.8055710922652,Fluo-C2DL-Huh7,01,Huh7,#2db95f
4,Cell,10,10.0,411.0,378.0,-5.0,20.0,1.4142135623730951,25.30776927399005,20.615528128088304,1.4142135623730951,-45.0,Fluo-C2DL-Huh7,01,Huh7,#2db95f
4,Cell,11,11.0,411.0,378.0,-5.0,20.0,0.0,25.30776927399005,20.615528128088304,0.0,0.0,Fluo-C2DL-Huh7,01,Huh7,#2db95f
4,Cell,12,12.0,411.0,378.0,-5.0,20.0,0.0,25.30776927399005,20.615528128088304,0.0,0.0,Fluo-C2DL-Huh7,01,Huh7,#2db95f
4,Cell,13,13.0,401.0,378.0,-15.0,20.0,10.0,35.307769273990054,25.0,10.0,180.0,Fluo-C2DL-Huh7,01,Huh7,#2db95f
4,Cell,14,14.0,401.0,379.0,-15.0,21.0,1.0,36.30776927399005,25.80697580112788,1.0,90.0,Fluo-C2DL-Huh7,01,Huh7,#2db95f
4,Cell,15,15.0,401.0,379.0,-15.0,21.0,0.0,36.30776927399005,25.80697580112788,0.0,0.0,Fluo-C2DL-Huh7,01,Huh7,#2db95f
4,Cell,16,16.0,385.0,384.0,-31.0,26.0,16.76305461424021,53.070823888230265,40.45985664828782,16.76305461424021,162.6459753637387,Fluo-C2DL-Huh7,01,Huh7,#2db95f
4,Cell,17,17.0,385.0,383.5,-31.0,25.5,0.5,53.570823888230265,40.1403786728526,0.5,-90.0,Fluo-C2DL-Huh7,01,Huh7,#2db95f
4,Cell,18,18.0,385.0,383.0,-31.0,25.0,0.5,54.070823888230265,39.82461550347976,0.5,-90.0,Fluo-C2DL-Huh7,01,Huh7,#2db95f
4,Cell,19,19.0,385.0,383.0,-31.0,25.0,0.0,54.070823888230265,39.82461550347976,0.0,0.0,Fluo-C2DL-Huh7,01,Huh7,#2db95f
4,Cell,20,20.0,385.0,383.0,-31.0,25.0,0.0,54.070823888230265,39.82461550347976,0.0,0.0,Fluo-C2DL-Huh7,01,Huh7,#2db95f
4,Cell,21,21.0,385.0,383.0,-31.0,25.0,0.0,54.070823888230265,39.82461550347976,0.0,0.0,Fluo-C2DL-Huh7,01,Huh7,#2db95f
4,Cell,22,22.0,383.9171717171717,383.88686868686864,-32.0828282828283,25.88686868686864,1.3996618012366389,55.470485689466905,41.2242385137267,1.3996618012366389,140.68150012714884,Fluo-C2DL-Huh7,01,Huh7,#2db95f
4,Cell,23,23.0,386.0,382.0,-30.0,24.0,2.8104176019294487,58.28090329139636,38.41874542459709,2.8104176019294487,-42.17395272742596,Fluo-C2DL-Huh7,01,Huh7,#2db95f
4,Cell,24,24.0,387.0,389.0,-29.0,31.0,7.071067811865476,65.35197110326183,42.44997055358225,7.071067811865476,81.86989764584403,Fluo-C2DL-Huh7,01,Huh7,#2db95f
4,Cell,25,25.0,387.0,389.0,-29.0,31.0,0.0,65.35197110326183,42.44997055358225,0.0,0.0,Fluo-C2DL-Huh7,01,Huh7,#2db95f
4,Cell,26,26.0,387.0,389.0,-29.0,31.0,0.0,65.35197110326183,42.44997055358225,0.0,0.0,Fluo-C2DL-Huh7,01,Huh7,#2db95f
4,Cell,27,27.0,387.0,389.0,-29.0,31.0,0.0,65.35197110326183,42.44997055358225,0.0,0.0,Fluo-C2DL-Huh7,01,Huh7,#2db95f
4,Cell,28,28.0,387.0,389.0,-29.0,31.0,0.0,65.35197110326183,42.44997055358225,0.0,0.0,Fluo-C2DL-Huh7,01,Huh7,#2db95f
4,Cell,29,29.0,387.0,389.0,-29.0,31.0,0.0,65.35197110326183,42.44997055358225,0.0,0.0,Fluo-C2DL-Huh7,01,Huh7,#2db95f
25,Cell,0,0.0,944.0,829.0,0.0,0.0,0.0,0.0,0.0,0.0,0.0,Fluo-C2DL-Huh7,01,Huh7,#2db95f
25,Cell,1,1.0,944.0,829.0,0.0,0.0,0.0,0.0,0.0,0.0,0.0,Fluo-C2DL-Huh7,01,Huh7,#2db95f
25,Cell,2,2.0,944.0,829.0,0.0,0.0,0.0,0.0,0.0,0.0,0.0,Fluo-C2DL-Huh7,01,Huh7,#2db95f
25,Cell,3,3.0,945.0,827.5,1.0,-1.5,1.8027756377319943,1.8027756377319943,1.8027756377319943,1.8027756377319943,-56.309932474020215,Fluo-C2DL-Huh7,01,Huh7,#2db95f
25,Cell,4,4.0,945.0,827.0,1.0,-2.0,0.5,2.302775637731995,2.23606797749979,0.5,-90.0,Fluo-C2DL-Huh7,01,Huh7,#2db95f
25,Cell,5,5.0,952.0,822.0,8.0,-7.0,8.602325267042627,10.90510090477462,10.63014581273465,8.602325267042627,-35.53767779197438,Fluo-C2DL-Huh7,01,Huh7,#2db95f
25,Cell,6,6.0,952.0,822.0,8.0,-7.0,0.0,10.90510090477462,10.63014581273465,0.0,0.0,Fluo-C2DL-Huh7,01,Huh7,#2db95f
25,Cell,7,7.0,952.0,822.0,8.0,-7.0,0.0,10.90510090477462,10.63014581273465,0.0,0.0,Fluo-C2DL-Huh7,01,Huh7,#2db95f
25,Cell,8,8.0,952.0,822.0,8.0,-7.0,0.0,10.90510090477462,10.63014581273465,0.0,0.0,Fluo-C2DL-Huh7,01,Huh7,#2db95f
25,Cell,9,9.0,951.0,841.0,7.0,12.0,19.026297590440446,29.931398495215067,13.892443989449804,19.026297590440446,93.01278750418336,Fluo-C2DL-Huh7,01,Huh7,#2db95f
25,Cell,10,10.0,951.0,842.0,7.0,13.0,1.0,30.931398495215067,14.7648230602334,1.0,90.0,Fluo-C2DL-Huh7,01,Huh7,#2db95f
25,Cell,11,11.0,951.0,842.0,7.0,13.0,0.0,30.931398495215067,14.7648230602334,0.0,0.0,Fluo-C2DL-Huh7,01,Huh7,#2db95f
25,Cell,12,12.0,952.0,833.0,8.0,4.0,9.055385138137416,39.98678363335249,8.94427190999916,9.055385138137416,-83.6598082540901,Fluo-C2DL-Huh7,01,Huh7,#2db95f
25,Cell,13,13.0,952.0,833.0,8.0,4.0,0.0,39.98678363335249,8.94427190999916,0.0,0.0,Fluo-C2DL-Huh7,01,Huh7,#2db95f
25,Cell,14,14.0,952.0,833.0,8.0,4.0,0.0,39.98678363335249,8.94427190999916,0.0,0.0,Fluo-C2DL-Huh7,01,Huh7,#2db95f
25,Cell,15,15.0,952.0,833.0,8.0,4.0,0.0,39.98678363335249,8.94427190999916,0.0,0.0,Fluo-C2DL-Huh7,01,Huh7,#2db95f
25,Cell,16,16.0,952.0,833.0,8.0,4.0,0.0,39.98678363335249,8.94427190999916,0.0,0.0,Fluo-C2DL-Huh7,01,Huh7,#2db95f
25,Cell,17,17.0,952.0,835.0,8.0,6.0,2.0,41.98678363335249,10.0,2.0,90.0,Fluo-C2DL-Huh7,01,Huh7,#2db95f
25,Cell,18,18.0,952.0,835.0,8.0,6.0,0.0,41.98678363335249,10.0,0.0,0.0,Fluo-C2DL-Huh7,01,Huh7,#2db95f
25,Cell,19,19.0,952.0,835.0,8.0,6.0,0.0,41.98678363335249,10.0,0.0,0.0,Fluo-C2DL-Huh7,01,Huh7,#2db95f
25,Cell,20,20.0,950.0,844.0,6.0,15.0,9.219544457292889,51.20632809064537,16.15549442140351,9.219544457292889,102.52880770915152,Fluo-C2DL-Huh7,01,Huh7,#2db95f
25,Cell,21,21.0,950.0,844.0,6.0,15.0,0.0,51.20632809064537,16.15549442140351,0.0,0.0,Fluo-C2DL-Huh7,01,Huh7,#2db95f
25,Cell,22,22.0,950.0,844.0,6.0,15.0,0.0,51.20632809064537,16.15549442140351,0.0,0.0,Fluo-C2DL-Huh7,01,Huh7,#2db95f
25,Cell,23,23.0,948.0,852.0,4.0,23.0,8.246211251235321,59.45253934188069,23.345235059857504,8.246211251235321,104.0362434679265,Fluo-C2DL-Huh7,01,Huh7,#2db95f
25,Cell,24,24.0,948.0,854.0,4.0,25.0,2.0,61.45253934188069,25.317977802344327,2.0,90.0,Fluo-C2DL-Huh7,01,Huh7,#2db95f
25,Cell,25,25.0,941.0,865.0,-3.0,36.0,13.038404810405298,74.49094415228599,36.12478373637688,13.038404810405298,122.47119229084848,Fluo-C2DL-Huh7,01,Huh7,#2db95f
25,Cell,26,26.0,944.0,862.0,0.0,33.0,4.242640687119285,78.73358483940528,33.0,4.242640687119285,-45.0,Fluo-C2DL-Huh7,01,Huh7,#2db95f
25,Cell,27,27.0,944.0,862.0,0.0,33.0,0.0,78.73358483940528,33.0,0.0,0.0,Fluo-C2DL-Huh7,01,Huh7,#2db95f
25,Cell,28,28.0,944.0,862.0,0.0,33.0,0.0,78.73358483940528,33.0,0.0,0.0,Fluo-C2DL-Huh7,01,Huh7,#2db95f
25,Cell,29,29.0,944.0,862.0,0.0,33.0,0.0,78.73358483940528,33.0,0.0,0.0,Fluo-C2DL-Huh7,01,Huh7,#2db95f
17,Cell,0,0.0,701.0,714.0,0.0,0.0,0.0,0.0,0.0,0.0,0.0,Fluo-C2DL-Huh7,01,Huh7,#2db95f
17,Cell,1,1.0,700.0,714.0,-1.0,0.0,1.0,1.0,1.0,1.0,180.0,Fluo-C2DL-Huh7,01,Huh7,#2db95f
17,Cell,2,2.0,700.0,714.0,-1.0,0.0,0.0,1.0,1.0,0.0,0.0,Fluo-C2DL-Huh7,01,Huh7,#2db95f
17,Cell,3,3.0,700.0,714.0,-1.0,0.0,0.0,1.0,1.0,0.0,0.0,Fluo-C2DL-Huh7,01,Huh7,#2db95f
17,Cell,4,4.0,684.0,729.0,-17.0,15.0,21.93171219946131,22.93171219946131,22.67156809750927,21.93171219946131,136.8476102659946,Fluo-C2DL-Huh7,01,Huh7,#2db95f
17,Cell,5,5.0,684.0,729.0,-17.0,15.0,0.0,22.93171219946131,22.67156809750927,0.0,0.0,Fluo-C2DL-Huh7,01,Huh7,#2db95f
17,Cell,6,6.0,685.5,729.0,-15.5,15.0,1.5,24.43171219946131,21.569654610122992,1.5,0.0,Fluo-C2DL-Huh7,01,Huh7,#2db95f
17,Cell,7,7.0,697.0,730.0,-4.0,16.0,11.543396380615196,35.97510858007651,16.492422502470642,11.543396380615196,4.969740728110304,Fluo-C2DL-Huh7,01,Huh7,#2db95f
17,Cell,8,8.0,705.0,737.0,4.0,23.0,10.63014581273465,46.60525439281116,23.345235059857504,10.63014581273465,41.185925165709655,Fluo-C2DL-Huh7,01,Huh7,#2db95f
17,Cell,9,9.0,705.0,737.0,4.0,23.0,0.0,46.60525439281116,23.345235059857504,0.0,0.0,Fluo-C2DL-Huh7,01,Huh7,#2db95f
17,Cell,10,10.0,705.0,737.0,4.0,23.0,0.0,46.60525439281116,23.345235059857504,0.0,0.0,Fluo-C2DL-Huh7,01,Huh7,#2db95f
17,Cell,11,11.0,705.0,737.0,4.0,23.0,0.0,46.60525439281116,23.345235059857504,0.0,0.0,Fluo-C2DL-Huh7,01,Huh7,#2db95f
17,Cell,12,12.0,719.0,727.0,18.0,13.0,17.204650534085253,63.809904926896415,22.20360331117452,17.204650534085253,-35.53767779197438,Fluo-C2DL-Huh7,01,Huh7,#2db95f
17,Cell,13,13.0,714.0,727.0,13.0,13.0,5.0,68.80990492689642,18.384776310850235,5.0,180.0,Fluo-C2DL-Huh7,01,Huh7,#2db95f
17,Cell,14,14.0,714.0,727.0,13.0,13.0,0.0,68.80990492689642,18.384776310850235,0.0,0.0,Fluo-C2DL-Huh7,01,Huh7,#2db95f
17,Cell,15,15.0,713.0,724.0,12.0,10.0,3.1622776601683795,71.97218258706481,15.620499351813308,3.1622776601683795,-108.434948822922,Fluo-C2DL-Huh7,01,Huh7,#2db95f
17,Cell,16,16.0,714.0,718.0,13.0,4.0,6.082762530298219,78.05494511736303,13.601470508735444,6.082762530298219,-80.53767779197439,Fluo-C2DL-Huh7,01,Huh7,#2db95f
17,Cell,17,17.0,716.0,718.0,15.0,4.0,2.0,80.05494511736303,15.524174696260024,2.0,0.0,Fluo-C2DL-Huh7,01,Huh7,#2db95f
17,Cell,18,18.0,721.0,713.0,20.0,-1.0,7.071067811865476,87.12601292922851,20.024984394500787,7.071067811865476,-45.0,Fluo-C2DL-Huh7,01,Huh7,#2db95f
17,Cell,19,19.0,725.0,703.0,24.0,-11.0,10.770329614269007,97.89634254349752,26.40075756488817,10.770329614269007,-68.19859051364818,Fluo-C2DL-Huh7,01,Huh7,#2db95f
17,Cell,20,20.0,725.0,703.0,24.0,-11.0,0.0,97.89634254349752,26.40075756488817,0.0,0.0,Fluo-C2DL-Huh7,01,Huh7,#2db95f
17,Cell,21,21.0,725.0,703.0,24.0,-11.0,0.0,97.89634254349752,26.40075756488817,0.0,0.0,Fluo-C2DL-Huh7,01,Huh7,#2db95f
17,Cell,22,22.0,722.0,691.0,21.0,-23.0,12.36931687685298,110.26565942035047,31.144823004794876,12.36931687685298,-104.0362434679265,Fluo-C2DL-Huh7,01,Huh7,#2db95f
17,Cell,23,23.0,722.0,691.0,21.0,-23.0,0.0,110.26565942035047,31.144823004794876,0.0,0.0,Fluo-C2DL-Huh7,01,Huh7,#2db95f
17,Cell,24,24.0,729.0,686.0,28.0,-28.0,8.602325267042627,118.86798468739312,39.59797974644666,8.602325267042627,-35.53767779197438,Fluo-C2DL-Huh7,01,Huh7,#2db95f
17,Cell,25,25.0,729.0,686.0,28.0,-28.0,0.0,118.86798468739312,39.59797974644666,0.0,0.0,Fluo-C2DL-Huh7,01,Huh7,#2db95f
17,Cell,26,26.0,729.0,686.0,28.0,-28.0,0.0,118.86798468739312,39.59797974644666,0.0,0.0,Fluo-C2DL-Huh7,01,Huh7,#2db95f
17,Cell,27,27.0,734.0,686.0,33.0,-28.0,5.0,123.86798468739312,43.2781700167648,5.0,0.0,Fluo-C2DL-Huh7,01,Huh7,#2db95f
17,Cell,28,28.0,734.0,688.0,33.0,-26.0,2.0,125.86798468739312,42.01190307520001,2.0,90.0,Fluo-C2DL-Huh7,01,Huh7,#2db95f
17,Cell,29,29.0,732.0,690.0,31.0,-24.0,2.8284271247461903,128.6964118121393,39.20459156782532,2.8284271247461903,135.0,Fluo-C2DL-Huh7,01,Huh7,#2db95f
32,Cell,0,0.0,759.0,722.0,0.0,0.0,0.0,0.0,0.0,0.0,0.0,Fluo-C2DL-Huh7,01,Huh7,#2db95f
32,Cell,1,1.0,759.0,722.0,0.0,0.0,0.0,0.0,0.0,0.0,0.0,Fluo-C2DL-Huh7,01,Huh7,#2db95f
32,Cell,2,2.0,758.0,722.0,-1.0,0.0,1.0,1.0,1.0,1.0,180.0,Fluo-C2DL-Huh7,01,Huh7,#2db95f
32,Cell,3,3.0,756.0,722.0,-3.0,0.0,2.0,3.0,3.0,2.0,180.0,Fluo-C2DL-Huh7,01,Huh7,#2db95f
32,Cell,4,4.0,756.0,725.0,-3.0,3.0,3.0,6.0,4.242640687119285,3.0,90.0,Fluo-C2DL-Huh7,01,Huh7,#2db95f
32,Cell,5,5.0,758.0,723.0,-1.0,1.0,2.8284271247461903,8.82842712474619,1.4142135623730951,2.8284271247461903,-45.0,Fluo-C2DL-Huh7,01,Huh7,#2db95f
32,Cell,6,6.0,758.0,723.0,-1.0,1.0,0.0,8.82842712474619,1.4142135623730951,0.0,0.0,Fluo-C2DL-Huh7,01,Huh7,#2db95f
32,Cell,7,7.0,758.0,723.0,-1.0,1.0,0.0,8.82842712474619,1.4142135623730951,0.0,0.0,Fluo-C2DL-Huh7,01,Huh7,#2db95f
32,Cell,8,8.0,760.0,722.0,1.0,0.0,2.23606797749979,11.06449510224598,1.0,2.23606797749979,-26.56505117707799,Fluo-C2DL-Huh7,01,Huh7,#2db95f
32,Cell,9,9.0,760.0,722.0,1.0,0.0,0.0,11.06449510224598,1.0,0.0,0.0,Fluo-C2DL-Huh7,01,Huh7,#2db95f
32,Cell,10,10.0,762.0,721.0,3.0,-1.0,2.23606797749979,13.30056307974577,3.1622776601683795,2.23606797749979,-26.56505117707799,Fluo-C2DL-Huh7,01,Huh7,#2db95f
32,Cell,11,11.0,762.0,721.0,3.0,-1.0,0.0,13.30056307974577,3.1622776601683795,0.0,0.0,Fluo-C2DL-Huh7,01,Huh7,#2db95f
32,Cell,12,12.0,768.0,722.0,9.0,0.0,6.082762530298219,19.38332561004399,9.0,6.082762530298219,9.462322208025617,Fluo-C2DL-Huh7,01,Huh7,#2db95f
32,Cell,13,13.0,768.0,722.0,9.0,0.0,0.0,19.38332561004399,9.0,0.0,0.0,Fluo-C2DL-Huh7,01,Huh7,#2db95f
32,Cell,14,14.0,770.0,719.0,11.0,-3.0,3.605551275463989,22.988876885507977,11.40175425099138,3.605551275463989,-56.309932474020215,Fluo-C2DL-Huh7,01,Huh7,#2db95f
32,Cell,15,15.0,770.0,719.0,11.0,-3.0,0.0,22.988876885507977,11.40175425099138,0.0,0.0,Fluo-C2DL-Huh7,01,Huh7,#2db95f
32,Cell,16,16.0,770.0,721.0,11.0,-1.0,2.0,24.988876885507977,11.04536101718726,2.0,90.0,Fluo-C2DL-Huh7,01,Huh7,#2db95f
32,Cell,17,17.0,770.0,721.0,11.0,-1.0,0.0,24.988876885507977,11.04536101718726,0.0,0.0,Fluo-C2DL-Huh7,01,Huh7,#2db95f
32,Cell,18,18.0,770.0,721.0,11.0,-1.0,0.0,24.988876885507977,11.04536101718726,0.0,0.0,Fluo-C2DL-Huh7,01,Huh7,#2db95f
32,Cell,19,19.0,770.0,721.0,11.0,-1.0,0.0,24.988876885507977,11.04536101718726,0.0,0.0,Fluo-C2DL-Huh7,01,Huh7,#2db95f
32,Cell,20,20.0,770.0,721.0,11.0,-1.0,0.0,24.988876885507977,11.04536101718726,0.0,0.0,Fluo-C2DL-Huh7,01,Huh7,#2db95f
32,Cell,21,21.0,770.0,721.0,11.0,-1.0,0.0,24.988876885507977,11.04536101718726,0.0,0.0,Fluo-C2DL-Huh7,01,Huh7,#2db95f
32,Cell,22,22.0,770.0,721.0,11.0,-1.0,0.0,24.988876885507977,11.04536101718726,0.0,0.0,Fluo-C2DL-Huh7,01,Huh7,#2db95f
32,Cell,23,23.0,770.0,721.0,11.0,-1.0,0.0,24.988876885507977,11.04536101718726,0.0,0.0,Fluo-C2DL-Huh7,01,Huh7,#2db95f
32,Cell,24,24.0,770.0,721.0,11.0,-1.0,0.0,24.988876885507977,11.04536101718726,0.0,0.0,Fluo-C2DL-Huh7,01,Huh7,#2db95f
32,Cell,25,25.0,770.0,721.0,11.0,-1.0,0.0,24.988876885507977,11.04536101718726,0.0,0.0,Fluo-C2DL-Huh7,01,Huh7,#2db95f
34,Cell,0,0.0,783.0,720.0,0.0,0.0,0.0,0.0,0.0,0.0,0.0,Fluo-C2DL-Huh7,01,Huh7,#2db95f
34,Cell,1,1.0,784.0,721.0,1.0,1.0,1.4142135623730951,1.4142135623730951,1.4142135623730951,1.4142135623730951,45.0,Fluo-C2DL-Huh7,01,Huh7,#2db95f
34,Cell,2,2.0,785.0,721.0,2.0,1.0,1.0,2.414213562373095,2.23606797749979,1.0,0.0,Fluo-C2DL-Huh7,01,Huh7,#2db95f
34,Cell,3,3.0,785.0,721.0,2.0,1.0,0.0,2.414213562373095,2.23606797749979,0.0,0.0,Fluo-C2DL-Huh7,01,Huh7,#2db95f
34,Cell,4,4.0,785.0,721.0,2.0,1.0,0.0,2.414213562373095,2.23606797749979,0.0,0.0,Fluo-C2DL-Huh7,01,Huh7,#2db95f
34,Cell,5,5.0,785.0,721.0,2.0,1.0,0.0,2.414213562373095,2.23606797749979,0.0,0.0,Fluo-C2DL-Huh7,01,Huh7,#2db95f
34,Cell,6,6.0,790.0,725.0,7.0,5.0,6.4031242374328485,8.817337799805944,8.602325267042627,6.4031242374328485,38.65980825409009,Fluo-C2DL-Huh7,01,Huh7,#2db95f
34,Cell,7,7.0,795.0,726.0,12.0,6.0,5.0990195135927845,13.916357313398729,13.41640786499874,5.0990195135927845,11.309932474020211,Fluo-C2DL-Huh7,01,Huh7,#2db95f
34,Cell,8,8.0,796.0,726.0,13.0,6.0,1.0,14.916357313398729,14.317821063276352,1.0,0.0,Fluo-C2DL-Huh7,01,Huh7,#2db95f
34,Cell,9,9.0,796.0,726.0,13.0,6.0,0.0,14.916357313398729,14.317821063276352,0.0,0.0,Fluo-C2DL-Huh7,01,Huh7,#2db95f
34,Cell,10,10.0,817.0,725.0,34.0,5.0,21.02379604162864,35.94015335502737,34.36568055487916,21.02379604162864,-2.726310993906266,Fluo-C2DL-Huh7,01,Huh7,#2db95f
34,Cell,11,11.0,814.0,727.0,31.0,7.0,3.605551275463989,39.54570463049136,31.78049716414141,3.605551275463989,146.30993247402023,Fluo-C2DL-Huh7,01,Huh7,#2db95f
34,Cell,12,12.0,814.0,727.0,31.0,7.0,0.0,39.54570463049136,31.78049716414141,0.0,0.0,Fluo-C2DL-Huh7,01,Huh7,#2db95f
34,Cell,13,13.0,815.0,727.0,32.0,7.0,1.0,40.54570463049136,32.7566787083184,1.0,0.0,Fluo-C2DL-Huh7,01,Huh7,#2db95f
34,Cell,14,14.0,821.0,722.0,38.0,2.0,7.810249675906654,48.35595430639801,38.05259518088089,7.810249675906654,-39.80557109226519,Fluo-C2DL-Huh7,01,Huh7,#2db95f
34,Cell,15,15.0,829.0,721.0,46.0,1.0,8.06225774829855,56.41821205469656,46.01086828130936,8.06225774829855,-7.125016348901798,Fluo-C2DL-Huh7,01,Huh7,#2db95f
34,Cell,16,16.0,830.0,721.0,47.0,1.0,1.0,57.41821205469656,47.01063709417264,1.0,0.0,Fluo-C2DL-Huh7,01,Huh7,#2db95f
34,Cell,17,17.0,835.0,714.0,52.0,-6.0,8.602325267042627,66.02053732173918,52.3450093132096,8.602325267042627,-54.46232220802562,Fluo-C2DL-Huh7,01,Huh7,#2db95f
34,Cell,18,18.0,836.0,707.0,53.0,-13.0,7.071067811865476,73.09160513360466,54.57105459856901,7.071067811865476,-81.86989764584403,Fluo-C2DL-Huh7,01,Huh7,#2db95f
34,Cell,19,19.0,837.0,705.0,54.0,-15.0,2.23606797749979,75.32767311110445,56.04462507680822,2.23606797749979,-63.43494882292201,Fluo-C2DL-Huh7,01,Huh7,#2db95f
34,Cell,20,20.0,837.0,703.0,54.0,-17.0,2.0,77.32767311110445,56.61271941887264,2.0,-90.0,Fluo-C2DL-Huh7,01,Huh7,#2db95f
34,Cell,21,21.0,837.0,703.0,54.0,-17.0,0.0,77.32767311110445,56.61271941887264,0.0,0.0,Fluo-C2DL-Huh7,01,Huh7,#2db95f
34,Cell,22,22.0,836.0,705.0,53.0,-15.0,2.23606797749979,79.56374108860423,55.08175741568164,2.23606797749979,116.565051177078,Fluo-C2DL-Huh7,01,Huh7,#2db95f
34,Cell,23,23.0,836.0,710.0,53.0,-10.0,5.0,84.56374108860423,53.9351462406472,5.0,90.0,Fluo-C2DL-Huh7,01,Huh7,#2db95f
34,Cell,24,24.0,837.0,709.0,54.0,-11.0,1.4142135623730951,85.97795465097732,55.10898293381942,1.4142135623730951,-45.0,Fluo-C2DL-Huh7,01,Huh7,#2db95f
34,Cell,25,25.0,838.0,707.0,55.0,-13.0,2.23606797749979,88.21402262847711,56.51548460377917,2.23606797749979,-63.43494882292201,Fluo-C2DL-Huh7,01,Huh7,#2db95f
29,Cell,0,0.0,982.0,492.0,0.0,0.0,0.0,0.0,0.0,0.0,0.0,Fluo-C2DL-Huh7,01,Huh7,#2db95f
29,Cell,1,1.0,975.0,505.0,-7.0,13.0,14.7648230602334,14.7648230602334,14.7648230602334,14.7648230602334,118.3007557660064,Fluo-C2DL-Huh7,01,Huh7,#2db95f
29,Cell,2,2.0,966.0,515.0,-16.0,23.0,13.45362404707371,28.21844710730711,28.0178514522438,13.45362404707371,131.98721249581666,Fluo-C2DL-Huh7,01,Huh7,#2db95f
29,Cell,3,3.0,966.0,516.0,-16.0,24.0,1.0,29.21844710730711,28.844410203711917,1.0,90.0,Fluo-C2DL-Huh7,01,Huh7,#2db95f
29,Cell,4,4.0,975.0,515.0,-7.0,23.0,9.055385138137416,38.27383224544453,24.04163056034261,9.055385138137416,-6.34019174590991,Fluo-C2DL-Huh7,01,Huh7,#2db95f
29,Cell,5,5.0,965.0,511.0,-17.0,19.0,10.770329614269007,49.04416185971353,25.495097567963924,10.770329614269007,-158.19859051364818,Fluo-C2DL-Huh7,01,Huh7,#2db95f
29,Cell,6,6.0,981.0,504.0,-1.0,12.0,17.46424919657298,66.50841105628652,12.041594578792296,17.46424919657298,-23.62937773065682,Fluo-C2DL-Huh7,01,Huh7,#2db95f
29,Cell,7,7.0,983.0,506.0,1.0,14.0,2.8284271247461903,69.3368381810327,14.0356688476182,2.8284271247461903,45.0,Fluo-C2DL-Huh7,01,Huh7,#2db95f
29,Cell,8,8.0,981.0,506.0,-1.0,14.0,2.0,71.3368381810327,14.0356688476182,2.0,180.0,Fluo-C2DL-Huh7,01,Huh7,#2db95f
29,Cell,9,9.0,992.0,504.0,10.0,12.0,11.180339887498947,82.51717806853165,15.620499351813308,11.180339887498947,-10.304846468766032,Fluo-C2DL-Huh7,01,Huh7,#2db95f
29,Cell,10,10.0,1000.0,492.0,18.0,0.0,14.422205101855956,96.9393831703876,18.0,14.422205101855956,-56.309932474020215,Fluo-C2DL-Huh7,01,Huh7,#2db95f
29,Cell,11,11.0,1005.0,481.0,23.0,-11.0,12.083045973594572,109.02242914398218,25.495097567963924,12.083045973594572,-65.55604521958347,Fluo-C2DL-Huh7,01,Huh7,#2db95f
29,Cell,12,12.0,1005.0,469.0,23.0,-23.0,12.0,121.02242914398218,32.526911934581186,12.0,-90.0,Fluo-C2DL-Huh7,01,Huh7,#2db95f
29,Cell,13,13.0,1004.0,464.0,22.0,-28.0,5.0990195135927845,126.12144865757496,35.608987629529715,5.0990195135927845,-101.3099324740202,Fluo-C2DL-Huh7,01,Huh7,#2db95f
29,Cell,14,14.0,1001.0,462.0,19.0,-30.0,3.605551275463989,129.72699993303894,35.510561809129406,3.605551275463989,-146.30993247402023,Fluo-C2DL-Huh7,01,Huh7,#2db95f
31,Cell,0,0.0,820.0,739.0,0.0,0.0,0.0,0.0,0.0,0.0,0.0,Fluo-C2DL-Huh7,01,Huh7,#2db95f
31,Cell,1,1.0,791.0,746.0,-29.0,7.0,29.8328677803526,29.8328677803526,29.8328677803526,29.8328677803526,166.4295656148385,Fluo-C2DL-Huh7,01,Huh7,#2db95f
31,Cell,2,2.0,779.0,742.0,-41.0,3.0,12.649110640673518,42.48197842102611,41.10960958218893,12.649110640673518,-161.56505117707798,Fluo-C2DL-Huh7,01,Huh7,#2db95f
31,Cell,3,3.0,788.0,733.0,-32.0,-6.0,12.727922061357855,55.20990048238397,32.55764119219941,12.727922061357855,-45.0,Fluo-C2DL-Huh7,01,Huh7,#2db95f
2,Cell,0,0.0,520.0,266.0,0.0,0.0,0.0,0.0,0.0,0.0,0.0,Fluo-C2DL-Huh7,01,Huh7,#2db95f
2,Cell,1,1.0,520.0,266.5,0.0,0.5,0.5,0.5,0.5,0.5,90.0,Fluo-C2DL-Huh7,01,Huh7,#2db95f
2,Cell,2,2.0,519.0,267.0,-1.0,1.0,1.118033988749895,1.618033988749895,1.4142135623730951,1.118033988749895,153.43494882292202,Fluo-C2DL-Huh7,01,Huh7,#2db95f
2,Cell,3,3.0,519.0,267.0,-1.0,1.0,0.0,1.618033988749895,1.4142135623730951,0.0,0.0,Fluo-C2DL-Huh7,01,Huh7,#2db95f
2,Cell,4,4.0,518.0828282828282,268.1131313131313,-1.9171717171717544,2.113131313131305,1.442312476217691,3.060346464967586,2.853221221647443,1.442312476217691,129.48703614505115,Fluo-C2DL-Huh7,01,Huh7,#2db95f
2,Cell,5,5.0,515.0,270.0,-5.0,4.0,3.614429922254869,6.674776387222456,6.4031242374328485,3.614429922254869,148.53096403298875,Fluo-C2DL-Huh7,01,Huh7,#2db95f
2,Cell,6,6.0,513.0,270.0,-7.0,4.0,2.0,8.674776387222455,8.06225774829855,2.0,180.0,Fluo-C2DL-Huh7,01,Huh7,#2db95f
2,Cell,7,7.0,497.0,256.0,-23.0,-10.0,21.2602916254693,29.935068012691755,25.079872407968907,21.2602916254693,-138.81407483429035,Fluo-C2DL-Huh7,01,Huh7,#2db95f
2,Cell,8,8.0,497.0,256.0,-23.0,-10.0,0.0,29.935068012691755,25.079872407968907,0.0,0.0,Fluo-C2DL-Huh7,01,Huh7,#2db95f
2,Cell,9,9.0,470.0,241.0,-50.0,-25.0,30.886890422961,60.82195843565276,55.90169943749474,30.886890422961,-150.94539590092288,Fluo-C2DL-Huh7,01,Huh7,#2db95f
2,Cell,10,10.0,474.0,235.0,-46.0,-31.0,7.211102550927978,68.03306098658074,55.47071299343465,7.211102550927978,-56.309932474020215,Fluo-C2DL-Huh7,01,Huh7,#2db95f
2,Cell,11,11.0,467.0,232.0,-53.0,-34.0,7.615773105863909,75.64883409244464,62.96824596572466,7.615773105863909,-156.80140948635182,Fluo-C2DL-Huh7,01,Huh7,#2db95f
2,Cell,12,12.0,471.0,225.0,-49.0,-41.0,8.06225774829855,83.7110918407432,63.89053137985315,8.06225774829855,-60.25511870305779,Fluo-C2DL-Huh7,01,Huh7,#2db95f
2,Cell,13,13.0,471.0,224.0,-49.0,-42.0,1.0,84.7110918407432,64.53681120105021,1.0,-90.0,Fluo-C2DL-Huh7,01,Huh7,#2db95f
2,Cell,14,14.0,471.0,224.0,-49.0,-42.0,0.0,84.7110918407432,64.53681120105021,0.0,0.0,Fluo-C2DL-Huh7,01,Huh7,#2db95f
2,Cell,15,15.0,472.0,219.0,-48.0,-47.0,5.0990195135927845,89.81011135433597,67.17886572427373,5.0990195135927845,-78.69006752597979,Fluo-C2DL-Huh7,01,Huh7,#2db95f
2,Cell,16,16.0,472.0,219.0,-48.0,-47.0,0.0,89.81011135433597,67.17886572427373,0.0,0.0,Fluo-C2DL-Huh7,01,Huh7,#2db95f
2,Cell,17,17.0,473.0,219.0,-47.0,-47.0,1.0,90.81011135433596,66.46803743153546,1.0,0.0,Fluo-C2DL-Huh7,01,Huh7,#2db95f
2,Cell,18,18.0,482.0,222.0,-38.0,-44.0,9.486832980505138,100.29694433484111,58.137767414994535,9.486832980505138,18.43494882292201,Fluo-C2DL-Huh7,01,Huh7,#2db95f
2,Cell,19,19.0,494.0,236.0,-26.0,-30.0,18.43908891458577,118.7360332494269,39.698866482558415,18.43908891458577,49.39870535499554,Fluo-C2DL-Huh7,01,Huh7,#2db95f
2,Cell,20,20.0,494.0,236.0,-26.0,-30.0,0.0,118.7360332494269,39.698866482558415,0.0,0.0,Fluo-C2DL-Huh7,01,Huh7,#2db95f
2,Cell,21,21.0,494.0,236.0,-26.0,-30.0,0.0,118.7360332494269,39.698866482558415,0.0,0.0,Fluo-C2DL-Huh7,01,Huh7,#2db95f
2,Cell,22,22.0,494.0,240.0,-26.0,-26.0,4.0,122.7360332494269,36.76955262170047,4.0,90.0,Fluo-C2DL-Huh7,01,Huh7,#2db95f
2,Cell,23,23.0,494.0,245.5,-26.0,-20.5,5.5,128.2360332494269,33.10966626228661,5.5,90.0,Fluo-C2DL-Huh7,01,Huh7,#2db95f
2,Cell,24,24.0,496.0,248.0,-24.0,-18.0,3.2015621187164243,131.43759536814332,30.0,3.2015621187164243,51.34019174590991,Fluo-C2DL-Huh7,01,Huh7,#2db95f
2,Cell,25,25.0,496.0,248.0,-24.0,-18.0,0.0,131.43759536814332,30.0,0.0,0.0,Fluo-C2DL-Huh7,01,Huh7,#2db95f
2,Cell,26,26.0,501.0,255.0,-19.0,-11.0,8.602325267042627,140.03992063518595,21.95449840010015,8.602325267042627,54.46232220802562,Fluo-C2DL-Huh7,01,Huh7,#2db95f
2,Cell,27,27.0,499.0,258.0,-21.0,-8.0,3.605551275463989,143.64547191064997,22.47220505424423,3.605551275463989,123.6900675259798,Fluo-C2DL-Huh7,01,Huh7,#2db95f
2,Cell,28,28.0,496.0,259.0,-24.0,-7.0,3.1622776601683795,146.80774957081832,25.0,3.1622776601683795,161.56505117707798,Fluo-C2DL-Huh7,01,Huh7,#2db95f
2,Cell,29,29.0,500.0,270.0,-20.0,4.0,11.704699910719626,158.51244948153794,20.396078054371134,11.704699910719626,70.01689347810003,Fluo-C2DL-Huh7,01,Huh7,#2db95f
28,Cell,0,0.0,942.0,542.0,0.0,0.0,0.0,0.0,0.0,0.0,0.0,Fluo-C2DL-Huh7,01,Huh7,#2db95f
28,Cell,1,1.0,942.0,542.0,0.0,0.0,0.0,0.0,0.0,0.0,0.0,Fluo-C2DL-Huh7,01,Huh7,#2db95f
28,Cell,2,2.0,942.0,542.0,0.0,0.0,0.0,0.0,0.0,0.0,0.0,Fluo-C2DL-Huh7,01,Huh7,#2db95f
28,Cell,3,3.0,942.0,542.0,0.0,0.0,0.0,0.0,0.0,0.0,0.0,Fluo-C2DL-Huh7,01,Huh7,#2db95f
28,Cell,4,4.0,937.0,549.0,-5.0,7.0,8.602325267042627,8.602325267042627,8.602325267042627,8.602325267042627,125.5376777919744,Fluo-C2DL-Huh7,01,Huh7,#2db95f
28,Cell,5,5.0,937.0,549.0,-5.0,7.0,0.0,8.602325267042627,8.602325267042627,0.0,0.0,Fluo-C2DL-Huh7,01,Huh7,#2db95f
28,Cell,6,6.0,937.0,549.0,-5.0,7.0,0.0,8.602325267042627,8.602325267042627,0.0,0.0,Fluo-C2DL-Huh7,01,Huh7,#2db95f
28,Cell,7,7.0,937.0,549.0,-5.0,7.0,0.0,8.602325267042627,8.602325267042627,0.0,0.0,Fluo-C2DL-Huh7,01,Huh7,#2db95f
28,Cell,8,8.0,964.0,523.0,22.0,-19.0,37.48332962798263,46.08565489502526,29.068883707497267,37.48332962798263,-43.91907581333932,Fluo-C2DL-Huh7,01,Huh7,#2db95f
28,Cell,9,9.0,977.0,507.0,35.0,-35.0,20.615528128088304,66.70118302311356,49.49747468305833,20.615528128088304,-50.9061411137705,Fluo-C2DL-Huh7,01,Huh7,#2db95f
6,Cell,0,0.0,191.0,431.0,0.0,0.0,0.0,0.0,0.0,0.0,0.0,Fluo-C2DL-Huh7,02,Huh7,#2db95f
6,Cell,1,1.0,191.0,431.0,0.0,0.0,0.0,0.0,0.0,0.0,0.0,Fluo-C2DL-Huh7,02,Huh7,#2db95f
6,Cell,2,2.0,191.0,431.0,0.0,0.0,0.0,0.0,0.0,0.0,0.0,Fluo-C2DL-Huh7,02,Huh7,#2db95f
6,Cell,3,3.0,191.0,431.0,0.0,0.0,0.0,0.0,0.0,0.0,0.0,Fluo-C2DL-Huh7,02,Huh7,#2db95f
6,Cell,4,4.0,191.0,431.0,0.0,0.0,0.0,0.0,0.0,0.0,0.0,Fluo-C2DL-Huh7,02,Huh7,#2db95f
6,Cell,5,5.0,191.0,431.0,0.0,0.0,0.0,0.0,0.0,0.0,0.0,Fluo-C2DL-Huh7,02,Huh7,#2db95f
6,Cell,6,6.0,191.0,431.0,0.0,0.0,0.0,0.0,0.0,0.0,0.0,Fluo-C2DL-Huh7,02,Huh7,#2db95f
6,Cell,7,7.0,191.0,431.0,0.0,0.0,0.0,0.0,0.0,0.0,0.0,Fluo-C2DL-Huh7,02,Huh7,#2db95f
6,Cell,8,8.0,191.0,431.0,0.0,0.0,0.0,0.0,0.0,0.0,0.0,Fluo-C2DL-Huh7,02,Huh7,#2db95f
6,Cell,9,9.0,191.0,431.0,0.0,0.0,0.0,0.0,0.0,0.0,0.0,Fluo-C2DL-Huh7,02,Huh7,#2db95f
6,Cell,10,10.0,191.0,431.0,0.0,0.0,0.0,0.0,0.0,0.0,0.0,Fluo-C2DL-Huh7,02,Huh7,#2db95f
6,Cell,11,11.0,191.0,431.0,0.0,0.0,0.0,0.0,0.0,0.0,0.0,Fluo-C2DL-Huh7,02,Huh7,#2db95f
6,Cell,12,12.0,191.0,431.0,0.0,0.0,0.0,0.0,0.0,0.0,0.0,Fluo-C2DL-Huh7,02,Huh7,#2db95f
6,Cell,13,13.0,191.0,431.0,0.0,0.0,0.0,0.0,0.0,0.0,0.0,Fluo-C2DL-Huh7,02,Huh7,#2db95f
6,Cell,14,14.0,191.0,431.0,0.0,0.0,0.0,0.0,0.0,0.0,0.0,Fluo-C2DL-Huh7,02,Huh7,#2db95f
6,Cell,15,15.0,191.0,431.0,0.0,0.0,0.0,0.0,0.0,0.0,0.0,Fluo-C2DL-Huh7,02,Huh7,#2db95f
6,Cell,16,16.0,191.0,431.0,0.0,0.0,0.0,0.0,0.0,0.0,0.0,Fluo-C2DL-Huh7,02,Huh7,#2db95f
6,Cell,17,17.0,191.0,431.0,0.0,0.0,0.0,0.0,0.0,0.0,0.0,Fluo-C2DL-Huh7,02,Huh7,#2db95f
6,Cell,18,18.0,191.0,431.0,0.0,0.0,0.0,0.0,0.0,0.0,0.0,Fluo-C2DL-Huh7,02,Huh7,#2db95f
6,Cell,19,19.0,191.0,431.0,0.0,0.0,0.0,0.0,0.0,0.0,0.0,Fluo-C2DL-Huh7,02,Huh7,#2db95f
6,Cell,20,20.0,191.0,431.0,0.0,0.0,0.0,0.0,0.0,0.0,0.0,Fluo-C2DL-Huh7,02,Huh7,#2db95f
6,Cell,21,21.0,191.0,431.0,0.0,0.0,0.0,0.0,0.0,0.0,0.0,Fluo-C2DL-Huh7,02,Huh7,#2db95f
6,Cell,22,22.0,191.0,431.0,0.0,0.0,0.0,0.0,0.0,0.0,0.0,Fluo-C2DL-Huh7,02,Huh7,#2db95f
6,Cell,23,23.0,191.0,431.0,0.0,0.0,0.0,0.0,0.0,0.0,0.0,Fluo-C2DL-Huh7,02,Huh7,#2db95f
6,Cell,24,24.0,191.0,431.0,0.0,0.0,0.0,0.0,0.0,0.0,0.0,Fluo-C2DL-Huh7,02,Huh7,#2db95f
6,Cell,25,25.0,191.0,431.0,0.0,0.0,0.0,0.0,0.0,0.0,0.0,Fluo-C2DL-Huh7,02,Huh7,#2db95f
6,Cell,26,26.0,191.0,431.0,0.0,0.0,0.0,0.0,0.0,0.0,0.0,Fluo-C2DL-Huh7,02,Huh7,#2db95f
6,Cell,27,27.0,191.0,431.0,0.0,0.0,0.0,0.0,0.0,0.0,0.0,Fluo-C2DL-Huh7,02,Huh7,#2db95f
6,Cell,28,28.0,191.0,431.0,0.0,0.0,0.0,0.0,0.0,0.0,0.0,Fluo-C2DL-Huh7,02,Huh7,#2db95f
6,Cell,29,29.0,191.0,431.0,0.0,0.0,0.0,0.0,0.0,0.0,0.0,Fluo-C2DL-Huh7,02,Huh7,#2db95f
2,Cell,0,0.0,86.0,155.0,0.0,0.0,0.0,0.0,0.0,0.0,0.0,Fluo-C2DL-Huh7,02,Huh7,#2db95f
2,Cell,1,1.0,86.0,153.0,0.0,-2.0,2.0,2.0,2.0,2.0,-90.0,Fluo-C2DL-Huh7,02,Huh7,#2db95f
2,Cell,2,2.0,86.0,153.0,0.0,-2.0,0.0,2.0,2.0,0.0,0.0,Fluo-C2DL-Huh7,02,Huh7,#2db95f
2,Cell,3,3.0,86.0,153.0,0.0,-2.0,0.0,2.0,2.0,0.0,0.0,Fluo-C2DL-Huh7,02,Huh7,#2db95f
2,Cell,4,4.0,86.0,153.0,0.0,-2.0,0.0,2.0,2.0,0.0,0.0,Fluo-C2DL-Huh7,02,Huh7,#2db95f
2,Cell,5,5.0,86.0,153.0,0.0,-2.0,0.0,2.0,2.0,0.0,0.0,Fluo-C2DL-Huh7,02,Huh7,#2db95f
2,Cell,6,6.0,86.0,153.0,0.0,-2.0,0.0,2.0,2.0,0.0,0.0,Fluo-C2DL-Huh7,02,Huh7,#2db95f
2,Cell,7,7.0,86.0,153.0,0.0,-2.0,0.0,2.0,2.0,0.0,0.0,Fluo-C2DL-Huh7,02,Huh7,#2db95f
2,Cell,8,8.0,86.0,153.0,0.0,-2.0,0.0,2.0,2.0,0.0,0.0,Fluo-C2DL-Huh7,02,Huh7,#2db95f
2,Cell,9,9.0,86.0,153.0,0.0,-2.0,0.0,2.0,2.0,0.0,0.0,Fluo-C2DL-Huh7,02,Huh7,#2db95f
2,Cell,10,10.0,86.0,153.0,0.0,-2.0,0.0,2.0,2.0,0.0,0.0,Fluo-C2DL-Huh7,02,Huh7,#2db95f
2,Cell,11,11.0,86.0,153.0,0.0,-2.0,0.0,2.0,2.0,0.0,0.0,Fluo-C2DL-Huh7,02,Huh7,#2db95f
2,Cell,12,12.0,86.0,153.0,0.0,-2.0,0.0,2.0,2.0,0.0,0.0,Fluo-C2DL-Huh7,02,Huh7,#2db95f
2,Cell,13,13.0,86.0,153.0,0.0,-2.0,0.0,2.0,2.0,0.0,0.0,Fluo-C2DL-Huh7,02,Huh7,#2db95f
2,Cell,14,14.0,86.0,153.0,0.0,-2.0,0.0,2.0,2.0,0.0,0.0,Fluo-C2DL-Huh7,02,Huh7,#2db95f
2,Cell,15,15.0,86.0,153.0,0.0,-2.0,0.0,2.0,2.0,0.0,0.0,Fluo-C2DL-Huh7,02,Huh7,#2db95f
2,Cell,16,16.0,86.0,153.0,0.0,-2.0,0.0,2.0,2.0,0.0,0.0,Fluo-C2DL-Huh7,02,Huh7,#2db95f
2,Cell,17,17.0,86.0,151.0,0.0,-4.0,2.0,4.0,4.0,2.0,-90.0,Fluo-C2DL-Huh7,02,Huh7,#2db95f
2,Cell,18,18.0,86.0,148.0,0.0,-7.0,3.0,7.0,7.0,3.0,-90.0,Fluo-C2DL-Huh7,02,Huh7,#2db95f
2,Cell,19,19.0,86.0,148.0,0.0,-7.0,0.0,7.0,7.0,0.0,0.0,Fluo-C2DL-Huh7,02,Huh7,#2db95f
2,Cell,20,20.0,86.0,148.0,0.0,-7.0,0.0,7.0,7.0,0.0,0.0,Fluo-C2DL-Huh7,02,Huh7,#2db95f
2,Cell,21,21.0,86.0,148.0,0.0,-7.0,0.0,7.0,7.0,0.0,0.0,Fluo-C2DL-Huh7,02,Huh7,#2db95f
2,Cell,22,22.0,86.0,148.0,0.0,-7.0,0.0,7.0,7.0,0.0,0.0,Fluo-C2DL-Huh7,02,Huh7,#2db95f
2,Cell,23,23.0,86.0,148.0,0.0,-7.0,0.0,7.0,7.0,0.0,0.0,Fluo-C2DL-Huh7,02,Huh7,#2db95f
2,Cell,24,24.0,86.0,148.0,0.0,-7.0,0.0,7.0,7.0,0.0,0.0,Fluo-C2DL-Huh7,02,Huh7,#2db95f
2,Cell,25,25.0,86.0,148.0,0.0,-7.0,0.0,7.0,7.0,0.0,0.0,Fluo-C2DL-Huh7,02,Huh7,#2db95f
2,Cell,26,26.0,86.0,148.0,0.0,-7.0,0.0,7.0,7.0,0.0,0.0,Fluo-C2DL-Huh7,02,Huh7,#2db95f
2,Cell,27,27.0,86.0,148.0,0.0,-7.0,0.0,7.0,7.0,0.0,0.0,Fluo-C2DL-Huh7,02,Huh7,#2db95f
2,Cell,28,28.0,86.0,148.0,0.0,-7.0,0.0,7.0,7.0,0.0,0.0,Fluo-C2DL-Huh7,02,Huh7,#2db95f
2,Cell,29,29.0,86.0,148.0,0.0,-7.0,0.0,7.0,7.0,0.0,0.0,Fluo-C2DL-Huh7,02,Huh7,#2db95f
19,Cell,0,0.0,658.0,615.0,0.0,0.0,0.0,0.0,0.0,0.0,0.0,Fluo-C2DL-Huh7,02,Huh7,#2db95f
19,Cell,1,1.0,658.0,615.0,0.0,0.0,0.0,0.0,0.0,0.0,0.0,Fluo-C2DL-Huh7,02,Huh7,#2db95f
19,Cell,2,2.0,657.0,612.0,-1.0,-3.0,3.1622776601683795,3.1622776601683795,3.1622776601683795,3.1622776601683795,-108.434948822922,Fluo-C2DL-Huh7,02,Huh7,#2db95f
19,Cell,3,3.0,656.0,613.0,-2.0,-2.0,1.4142135623730951,4.576491222541475,2.8284271247461903,1.4142135623730951,135.0,Fluo-C2DL-Huh7,02,Huh7,#2db95f
19,Cell,4,4.0,656.0,613.0,-2.0,-2.0,0.0,4.576491222541475,2.8284271247461903,0.0,0.0,Fluo-C2DL-Huh7,02,Huh7,#2db95f
19,Cell,5,5.0,656.0,613.0,-2.0,-2.0,0.0,4.576491222541475,2.8284271247461903,0.0,0.0,Fluo-C2DL-Huh7,02,Huh7,#2db95f
19,Cell,6,6.0,655.0,614.5,-3.0,-0.5,1.8027756377319943,6.37926686027347,3.0413812651491097,1.8027756377319943,123.6900675259798,Fluo-C2DL-Huh7,02,Huh7,#2db95f
19,Cell,7,7.0,655.0,615.0,-3.0,0.0,0.5,6.87926686027347,3.0,0.5,90.0,Fluo-C2DL-Huh7,02,Huh7,#2db95f
19,Cell,8,8.0,655.0,615.0,-3.0,0.0,0.0,6.87926686027347,3.0,0.0,0.0,Fluo-C2DL-Huh7,02,Huh7,#2db95f
19,Cell,9,9.0,655.0,615.0,-3.0,0.0,0.0,6.87926686027347,3.0,0.0,0.0,Fluo-C2DL-Huh7,02,Huh7,#2db95f
19,Cell,10,10.0,655.0,615.0,-3.0,0.0,0.0,6.87926686027347,3.0,0.0,0.0,Fluo-C2DL-Huh7,02,Huh7,#2db95f
19,Cell,11,11.0,655.0,613.0,-3.0,-2.0,2.0,8.87926686027347,3.605551275463989,2.0,-90.0,Fluo-C2DL-Huh7,02,Huh7,#2db95f
19,Cell,12,12.0,655.0,613.0,-3.0,-2.0,0.0,8.87926686027347,3.605551275463989,0.0,0.0,Fluo-C2DL-Huh7,02,Huh7,#2db95f
19,Cell,13,13.0,655.0,613.0,-3.0,-2.0,0.0,8.87926686027347,3.605551275463989,0.0,0.0,Fluo-C2DL-Huh7,02,Huh7,#2db95f
19,Cell,14,14.0,656.0,614.0,-2.0,-1.0,1.4142135623730951,10.293480422646564,2.23606797749979,1.4142135623730951,45.0,Fluo-C2DL-Huh7,02,Huh7,#2db95f
19,Cell,15,15.0,656.0,613.0,-2.0,-2.0,1.0,11.293480422646564,2.8284271247461903,1.0,-90.0,Fluo-C2DL-Huh7,02,Huh7,#2db95f
19,Cell,16,16.0,656.0,613.0,-2.0,-2.0,0.0,11.293480422646564,2.8284271247461903,0.0,0.0,Fluo-C2DL-Huh7,02,Huh7,#2db95f
19,Cell,17,17.0,656.0,613.0,-2.0,-2.0,0.0,11.293480422646564,2.8284271247461903,0.0,0.0,Fluo-C2DL-Huh7,02,Huh7,#2db95f
19,Cell,18,18.0,656.0,613.0,-2.0,-2.0,0.0,11.293480422646564,2.8284271247461903,0.0,0.0,Fluo-C2DL-Huh7,02,Huh7,#2db95f
19,Cell,19,19.0,656.0,613.0,-2.0,-2.0,0.0,11.293480422646564,2.8284271247461903,0.0,0.0,Fluo-C2DL-Huh7,02,Huh7,#2db95f
19,Cell,20,20.0,656.0,613.0,-2.0,-2.0,0.0,11.293480422646564,2.8284271247461903,0.0,0.0,Fluo-C2DL-Huh7,02,Huh7,#2db95f
19,Cell,21,21.0,655.0,612.0,-3.0,-3.0,1.4142135623730951,12.70769398501966,4.242640687119285,1.4142135623730951,-135.0,Fluo-C2DL-Huh7,02,Huh7,#2db95f
19,Cell,22,22.0,655.0,612.0,-3.0,-3.0,0.0,12.70769398501966,4.242640687119285,0.0,0.0,Fluo-C2DL-Huh7,02,Huh7,#2db95f
19,Cell,23,23.0,655.0,612.0,-3.0,-3.0,0.0,12.70769398501966,4.242640687119285,0.0,0.0,Fluo-C2DL-Huh7,02,Huh7,#2db95f
19,Cell,24,24.0,655.0,612.0,-3.0,-3.0,0.0,12.70769398501966,4.242640687119285,0.0,0.0,Fluo-C2DL-Huh7,02,Huh7,#2db95f
19,Cell,25,25.0,655.0,612.0,-3.0,-3.0,0.0,12.70769398501966,4.242640687119285,0.0,0.0,Fluo-C2DL-Huh7,02,Huh7,#2db95f
19,Cell,26,26.0,655.0,612.0,-3.0,-3.0,0.0,12.70769398501966,4.242640687119285,0.0,0.0,Fluo-C2DL-Huh7,02,Huh7,#2db95f
19,Cell,27,27.0,655.0,612.0,-3.0,-3.0,0.0,12.70769398501966,4.242640687119285,0.0,0.0,Fluo-C2DL-Huh7,02,Huh7,#2db95f
19,Cell,28,28.0,655.0,612.0,-3.0,-3.0,0.0,12.70769398501966,4.242640687119285,0.0,0.0,Fluo-C2DL-Huh7,02,Huh7,#2db95f
19,Cell,29,29.0,655.0,612.0,-3.0,-3.0,0.0,12.70769398501966,4.242640687119285,0.0,0.0,Fluo-C2DL-Huh7,02,Huh7,#2db95f
73,Cell,0,0.0,480.0,905.0,0.0,0.0,0.0,0.0,0.0,0.0,0.0,Fluo-C2DL-Huh7,02,Huh7,#2db95f
73,Cell,1,1.0,477.0,904.0,-3.0,-1.0,3.1622776601683795,3.1622776601683795,3.1622776601683795,3.1622776601683795,-161.56505117707798,Fluo-C2DL-Huh7,02,Huh7,#2db95f
73,Cell,2,2.0,474.0,902.0,-6.0,-3.0,3.605551275463989,6.767828935632369,6.708203932499369,3.605551275463989,-146.30993247402023,Fluo-C2DL-Huh7,02,Huh7,#2db95f
73,Cell,3,3.0,475.0,901.0,-5.0,-4.0,1.4142135623730951,8.182042498005464,6.4031242374328485,1.4142135623730951,-45.0,Fluo-C2DL-Huh7,02,Huh7,#2db95f
73,Cell,4,4.0,475.0,901.0,-5.0,-4.0,0.0,8.182042498005464,6.4031242374328485,0.0,0.0,Fluo-C2DL-Huh7,02,Huh7,#2db95f
73,Cell,5,5.0,474.0,900.0,-6.0,-5.0,1.4142135623730951,9.59625606037856,7.810249675906654,1.4142135623730951,-135.0,Fluo-C2DL-Huh7,02,Huh7,#2db95f
73,Cell,6,6.0,474.0,900.0,-6.0,-5.0,0.0,9.59625606037856,7.810249675906654,0.0,0.0,Fluo-C2DL-Huh7,02,Huh7,#2db95f
73,Cell,7,7.0,474.0,900.0,-6.0,-5.0,0.0,9.59625606037856,7.810249675906654,0.0,0.0,Fluo-C2DL-Huh7,02,Huh7,#2db95f
73,Cell,8,8.0,474.0,899.0,-6.0,-6.0,1.0,10.59625606037856,8.48528137423857,1.0,-90.0,Fluo-C2DL-Huh7,02,Huh7,#2db95f
73,Cell,9,9.0,475.0,899.0,-5.0,-6.0,1.0,11.59625606037856,7.810249675906654,1.0,0.0,Fluo-C2DL-Huh7,02,Huh7,#2db95f
73,Cell,10,10.0,476.0,899.0,-4.0,-6.0,1.0,12.59625606037856,7.211102550927978,1.0,0.0,Fluo-C2DL-Huh7,02,Huh7,#2db95f
73,Cell,11,11.0,477.0,898.0,-3.0,-7.0,1.4142135623730951,14.010469622751655,7.615773105863909,1.4142135623730951,-45.0,Fluo-C2DL-Huh7,02,Huh7,#2db95f
73,Cell,12,12.0,477.0,898.0,-3.0,-7.0,0.0,14.010469622751655,7.615773105863909,0.0,0.0,Fluo-C2DL-Huh7,02,Huh7,#2db95f
73,Cell,13,13.0,477.0,898.0,-3.0,-7.0,0.0,14.010469622751655,7.615773105863909,0.0,0.0,Fluo-C2DL-Huh7,02,Huh7,#2db95f
73,Cell,14,14.0,478.0,898.0,-2.0,-7.0,1.0,15.010469622751655,7.280109889280518,1.0,0.0,Fluo-C2DL-Huh7,02,Huh7,#2db95f
73,Cell,15,15.0,479.0,898.0,-1.0,-7.0,1.0,16.010469622751657,7.071067811865476,1.0,0.0,Fluo-C2DL-Huh7,02,Huh7,#2db95f
73,Cell,16,16.0,481.0,898.0,1.0,-7.0,2.0,18.010469622751657,7.071067811865476,2.0,0.0,Fluo-C2DL-Huh7,02,Huh7,#2db95f
73,Cell,17,17.0,483.0,901.0,3.0,-4.0,3.605551275463989,21.616020898215645,5.0,3.605551275463989,56.309932474020215,Fluo-C2DL-Huh7,02,Huh7,#2db95f
73,Cell,18,18.0,484.0,902.0,4.0,-3.0,1.4142135623730951,23.03023446058874,5.0,1.4142135623730951,45.0,Fluo-C2DL-Huh7,02,Huh7,#2db95f
73,Cell,19,19.0,485.0,903.0,5.0,-2.0,1.4142135623730951,24.44444802296184,5.385164807134504,1.4142135623730951,45.0,Fluo-C2DL-Huh7,02,Huh7,#2db95f
73,Cell,20,20.0,484.0,903.0,4.0,-2.0,1.0,25.44444802296184,4.47213595499958,1.0,180.0,Fluo-C2DL-Huh7,02,Huh7,#2db95f
73,Cell,21,21.0,484.0,904.0,4.0,-1.0,1.0,26.44444802296184,4.123105625617661,1.0,90.0,Fluo-C2DL-Huh7,02,Huh7,#2db95f
73,Cell,22,22.0,483.0,905.0,3.0,0.0,1.4142135623730951,27.85866158533493,3.0,1.4142135623730951,135.0,Fluo-C2DL-Huh7,02,Huh7,#2db95f
73,Cell,23,23.0,483.0,906.0,3.0,1.0,1.0,28.85866158533493,3.1622776601683795,1.0,90.0,Fluo-C2DL-Huh7,02,Huh7,#2db95f
73,Cell,24,24.0,483.0,906.0,3.0,1.0,0.0,28.85866158533493,3.1622776601683795,0.0,0.0,Fluo-C2DL-Huh7,02,Huh7,#2db95f
73,Cell,25,25.0,481.0,906.0,1.0,1.0,2.0,30.85866158533493,1.4142135623730951,2.0,180.0,Fluo-C2DL-Huh7,02,Huh7,#2db95f
73,Cell,26,26.0,478.0,906.0,-2.0,1.0,3.0,33.85866158533493,2.23606797749979,3.0,180.0,Fluo-C2DL-Huh7,02,Huh7,#2db95f
73,Cell,27,27.0,477.0,907.0,-3.0,2.0,1.4142135623730951,35.27287514770802,3.605551275463989,1.4142135623730951,135.0,Fluo-C2DL-Huh7,02,Huh7,#2db95f
73,Cell,28,28.0,477.0,907.0,-3.0,2.0,0.0,35.27287514770802,3.605551275463989,0.0,0.0,Fluo-C2DL-Huh7,02,Huh7,#2db95f
73,Cell,29,29.0,478.0,908.0,-2.0,3.0,1.4142135623730951,36.68708871008111,3.605551275463989,1.4142135623730951,45.0,Fluo-C2DL-Huh7,02,Huh7,#2db95f
60,Cell,0,0.0,681.0,710.0,0.0,0.0,0.0,0.0,0.0,0.0,0.0,Fluo-C2DL-Huh7,02,Huh7,#2db95f
60,Cell,1,1.0,681.0,708.0,0.0,-2.0,2.0,2.0,2.0,2.0,-90.0,Fluo-C2DL-Huh7,02,Huh7,#2db95f
60,Cell,2,2.0,679.0,708.0,-2.0,-2.0,2.0,4.0,2.8284271247461903,2.0,180.0,Fluo-C2DL-Huh7,02,Huh7,#2db95f
60,Cell,3,3.0,676.0,708.0,-5.0,-2.0,3.0,7.0,5.385164807134504,3.0,180.0,Fluo-C2DL-Huh7,02,Huh7,#2db95f
60,Cell,4,4.0,674.0,707.0,-7.0,-3.0,2.23606797749979,9.23606797749979,7.615773105863909,2.23606797749979,-153.43494882292202,Fluo-C2DL-Huh7,02,Huh7,#2db95f
60,Cell,5,5.0,670.0,706.0,-11.0,-4.0,4.123105625617661,13.359173603117451,11.704699910719626,4.123105625617661,-165.96375653207352,Fluo-C2DL-Huh7,02,Huh7,#2db95f
60,Cell,6,6.0,670.0,706.0,-11.0,-4.0,0.0,13.359173603117451,11.704699910719626,0.0,0.0,Fluo-C2DL-Huh7,02,Huh7,#2db95f
60,Cell,7,7.0,670.0,706.0,-11.0,-4.0,0.0,13.359173603117451,11.704699910719626,0.0,0.0,Fluo-C2DL-Huh7,02,Huh7,#2db95f
60,Cell,8,8.0,671.0,708.0,-10.0,-2.0,2.23606797749979,15.59524158061724,10.198039027185567,2.23606797749979,63.43494882292201,Fluo-C2DL-Huh7,02,Huh7,#2db95f
60,Cell,9,9.0,673.0,710.0,-8.0,0.0,2.8284271247461903,18.423668705363436,8.0,2.8284271247461903,45.0,Fluo-C2DL-Huh7,02,Huh7,#2db95f
60,Cell,10,10.0,675.0,710.0,-6.0,0.0,2.0,20.423668705363436,6.0,2.0,0.0,Fluo-C2DL-Huh7,02,Huh7,#2db95f
60,Cell,11,11.0,675.0,707.0,-6.0,-3.0,3.0,23.423668705363436,6.708203932499369,3.0,-90.0,Fluo-C2DL-Huh7,02,Huh7,#2db95f
60,Cell,12,12.0,672.0,708.0,-9.0,-2.0,3.1622776601683795,26.58594636553181,9.219544457292889,3.1622776601683795,161.56505117707798,Fluo-C2DL-Huh7,02,Huh7,#2db95f
60,Cell,13,13.0,672.0,709.0,-9.0,-1.0,1.0,27.58594636553181,9.055385138137416,1.0,90.0,Fluo-C2DL-Huh7,02,Huh7,#2db95f
60,Cell,14,14.0,672.0,706.0,-9.0,-4.0,3.0,30.58594636553181,9.848857801796104,3.0,-90.0,Fluo-C2DL-Huh7,02,Huh7,#2db95f
60,Cell,15,15.0,672.0,706.0,-9.0,-4.0,0.0,30.58594636553181,9.848857801796104,0.0,0.0,Fluo-C2DL-Huh7,02,Huh7,#2db95f
60,Cell,16,16.0,672.0,706.0,-9.0,-4.0,0.0,30.58594636553181,9.848857801796104,0.0,0.0,Fluo-C2DL-Huh7,02,Huh7,#2db95f
60,Cell,17,17.0,672.0,705.0,-9.0,-5.0,1.0,31.58594636553181,10.295630140987,1.0,-90.0,Fluo-C2DL-Huh7,02,Huh7,#2db95f
60,Cell,18,18.0,672.0,705.0,-9.0,-5.0,0.0,31.58594636553181,10.295630140987,0.0,0.0,Fluo-C2DL-Huh7,02,Huh7,#2db95f
60,Cell,19,19.0,674.0,705.0,-7.0,-5.0,2.0,33.58594636553181,8.602325267042627,2.0,0.0,Fluo-C2DL-Huh7,02,Huh7,#2db95f
60,Cell,20,20.0,674.0,706.0,-7.0,-4.0,1.0,34.58594636553181,8.06225774829855,1.0,90.0,Fluo-C2DL-Huh7,02,Huh7,#2db95f
60,Cell,21,21.0,675.0,708.0,-6.0,-2.0,2.23606797749979,36.8220143430316,6.324555320336759,2.23606797749979,63.43494882292201,Fluo-C2DL-Huh7,02,Huh7,#2db95f
60,Cell,22,22.0,675.0,708.0,-6.0,-2.0,0.0,36.8220143430316,6.324555320336759,0.0,0.0,Fluo-C2DL-Huh7,02,Huh7,#2db95f
60,Cell,23,23.0,674.0,709.0,-7.0,-1.0,1.4142135623730951,38.23622790540469,7.071067811865476,1.4142135623730951,135.0,Fluo-C2DL-Huh7,02,Huh7,#2db95f
60,Cell,24,24.0,674.0,708.0,-7.0,-2.0,1.0,39.23622790540469,7.280109889280518,1.0,-90.0,Fluo-C2DL-Huh7,02,Huh7,#2db95f
60,Cell,25,25.0,674.0,708.0,-7.0,-2.0,0.0,39.23622790540469,7.280109889280518,0.0,0.0,Fluo-C2DL-Huh7,02,Huh7,#2db95f
60,Cell,26,26.0,674.0,707.0,-7.0,-3.0,1.0,40.23622790540469,7.615773105863909,1.0,-90.0,Fluo-C2DL-Huh7,02,Huh7,#2db95f
60,Cell,27,27.0,674.0,706.0,-7.0,-4.0,1.0,41.23622790540469,8.06225774829855,1.0,-90.0,Fluo-C2DL-Huh7,02,Huh7,#2db95f
60,Cell,28,28.0,673.0,706.0,-8.0,-4.0,1.0,42.23622790540469,8.94427190999916,1.0,180.0,Fluo-C2DL-Huh7,02,Huh7,#2db95f
60,Cell,29,29.0,673.0,706.0,-8.0,-4.0,0.0,42.23622790540469,8.94427190999916,0.0,0.0,Fluo-C2DL-Huh7,02,Huh7,#2db95f
72,Cell,0,0.0,478.0,883.0,0.0,0.0,0.0,0.0,0.0,0.0,0.0,Fluo-C2DL-Huh7,02,Huh7,#2db95f
72,Cell,1,1.0,475.0,881.0,-3.0,-2.0,3.605551275463989,3.605551275463989,3.605551275463989,3.605551275463989,-146.30993247402023,Fluo-C2DL-Huh7,02,Huh7,#2db95f
72,Cell,2,2.0,473.0,879.0,-5.0,-4.0,2.8284271247461903,6.433978400210179,6.4031242374328485,2.8284271247461903,-135.0,Fluo-C2DL-Huh7,02,Huh7,#2db95f
72,Cell,3,3.0,476.0,879.0,-2.0,-4.0,3.0,9.43397840021018,4.47213595499958,3.0,0.0,Fluo-C2DL-Huh7,02,Huh7,#2db95f
72,Cell,4,4.0,477.0,877.0,-1.0,-6.0,2.23606797749979,11.67004637770997,6.082762530298219,2.23606797749979,-63.43494882292201,Fluo-C2DL-Huh7,02,Huh7,#2db95f
72,Cell,5,5.0,480.0,876.0,2.0,-7.0,3.1622776601683795,14.83232403787835,7.280109889280518,3.1622776601683795,-18.43494882292201,Fluo-C2DL-Huh7,02,Huh7,#2db95f
72,Cell,6,6.0,480.0,877.0,2.0,-6.0,1.0,15.83232403787835,6.324555320336759,1.0,90.0,Fluo-C2DL-Huh7,02,Huh7,#2db95f
72,Cell,7,7.0,483.0,877.0,5.0,-6.0,3.0,18.83232403787835,7.810249675906654,3.0,0.0,Fluo-C2DL-Huh7,02,Huh7,#2db95f
72,Cell,8,8.0,484.0,877.0,6.0,-6.0,1.0,19.83232403787835,8.48528137423857,1.0,0.0,Fluo-C2DL-Huh7,02,Huh7,#2db95f
72,Cell,9,9.0,488.0,876.0,10.0,-7.0,4.123105625617661,23.95542966349601,12.206555615733702,4.123105625617661,-14.036243467926475,Fluo-C2DL-Huh7,02,Huh7,#2db95f
72,Cell,10,10.0,489.0,877.0,11.0,-6.0,1.4142135623730951,25.36964322586911,12.529964086141668,1.4142135623730951,45.0,Fluo-C2DL-Huh7,02,Huh7,#2db95f
72,Cell,11,11.0,490.0,875.0,12.0,-8.0,2.23606797749979,27.605711203368895,14.422205101855956,2.23606797749979,-63.43494882292201,Fluo-C2DL-Huh7,02,Huh7,#2db95f
72,Cell,12,12.0,488.0,877.0,10.0,-6.0,2.8284271247461903,30.43413832811509,11.6619037896906,2.8284271247461903,135.0,Fluo-C2DL-Huh7,02,Huh7,#2db95f
72,Cell,13,13.0,491.0,876.0,13.0,-7.0,3.1622776601683795,33.59641598828347,14.7648230602334,3.1622776601683795,-18.43494882292201,Fluo-C2DL-Huh7,02,Huh7,#2db95f
72,Cell,14,14.0,491.0,875.0,13.0,-8.0,1.0,34.59641598828347,15.264337522473747,1.0,-90.0,Fluo-C2DL-Huh7,02,Huh7,#2db95f
72,Cell,15,15.0,490.0,875.0,12.0,-8.0,1.0,35.59641598828347,14.422205101855956,1.0,180.0,Fluo-C2DL-Huh7,02,Huh7,#2db95f
72,Cell,16,16.0,490.0,875.0,12.0,-8.0,0.0,35.59641598828347,14.422205101855956,0.0,0.0,Fluo-C2DL-Huh7,02,Huh7,#2db95f
72,Cell,17,17.0,491.0,878.0,13.0,-5.0,3.1622776601683795,38.758693648451846,13.92838827718412,3.1622776601683795,71.56505117707799,Fluo-C2DL-Huh7,02,Huh7,#2db95f
72,Cell,18,18.0,491.0,877.0,13.0,-6.0,1.0,39.758693648451846,14.317821063276352,1.0,-90.0,Fluo-C2DL-Huh7,02,Huh7,#2db95f
72,Cell,19,19.0,492.0,878.0,14.0,-5.0,1.4142135623730951,41.17290721082494,14.866068747318506,1.4142135623730951,45.0,Fluo-C2DL-Huh7,02,Huh7,#2db95f
72,Cell,20,20.0,491.0,876.0,13.0,-7.0,2.23606797749979,43.40897518832473,14.7648230602334,2.23606797749979,-116.565051177078,Fluo-C2DL-Huh7,02,Huh7,#2db95f
72,Cell,21,21.0,490.0,878.0,12.0,-5.0,2.23606797749979,45.64504316582452,13.0,2.23606797749979,116.565051177078,Fluo-C2DL-Huh7,02,Huh7,#2db95f
72,Cell,22,22.0,490.0,879.0,12.0,-4.0,1.0,46.64504316582452,12.649110640673518,1.0,90.0,Fluo-C2DL-Huh7,02,Huh7,#2db95f
72,Cell,23,23.0,490.0,880.0,12.0,-3.0,1.0,47.64504316582452,12.36931687685298,1.0,90.0,Fluo-C2DL-Huh7,02,Huh7,#2db95f
72,Cell,24,24.0,490.0,880.0,12.0,-3.0,0.0,47.64504316582452,12.36931687685298,0.0,0.0,Fluo-C2DL-Huh7,02,Huh7,#2db95f
72,Cell,25,25.0,486.0,881.0,8.0,-2.0,4.123105625617661,51.76814879144218,8.246211251235321,4.123105625617661,165.96375653207352,Fluo-C2DL-Huh7,02,Huh7,#2db95f
72,Cell,26,26.0,485.0,881.0,7.0,-2.0,1.0,52.76814879144218,7.280109889280518,1.0,180.0,Fluo-C2DL-Huh7,02,Huh7,#2db95f
72,Cell,27,27.0,485.0,883.0,7.0,0.0,2.0,54.76814879144218,7.0,2.0,90.0,Fluo-C2DL-Huh7,02,Huh7,#2db95f
72,Cell,28,28.0,486.0,883.0,8.0,0.0,1.0,55.76814879144218,8.0,1.0,0.0,Fluo-C2DL-Huh7,02,Huh7,#2db95f
72,Cell,29,29.0,486.0,883.0,8.0,0.0,0.0,55.76814879144218,8.0,0.0,0.0,Fluo-C2DL-Huh7,02,Huh7,#2db95f
63,Cell,0,0.0,700.0,804.0,0.0,0.0,0.0,0.0,0.0,0.0,0.0,Fluo-C2DL-Huh7,02,Huh7,#2db95f
63,Cell,1,1.0,701.0,801.0,1.0,-3.0,3.1622776601683795,3.1622776601683795,3.1622776601683795,3.1622776601683795,-71.56505117707799,Fluo-C2DL-Huh7,02,Huh7,#2db95f
63,Cell,2,2.0,700.0,802.0,0.0,-2.0,1.4142135623730951,4.576491222541475,2.0,1.4142135623730951,135.0,Fluo-C2DL-Huh7,02,Huh7,#2db95f
63,Cell,3,3.0,700.0,802.0,0.0,-2.0,0.0,4.576491222541475,2.0,0.0,0.0,Fluo-C2DL-Huh7,02,Huh7,#2db95f
63,Cell,4,4.0,700.0,802.0,0.0,-2.0,0.0,4.576491222541475,2.0,0.0,0.0,Fluo-C2DL-Huh7,02,Huh7,#2db95f
63,Cell,5,5.0,703.0,801.0,3.0,-3.0,3.1622776601683795,7.738768882709854,4.242640687119285,3.1622776601683795,-18.43494882292201,Fluo-C2DL-Huh7,02,Huh7,#2db95f
63,Cell,6,6.0,704.0,803.0,4.0,-1.0,2.23606797749979,9.974836860209644,4.123105625617661,2.23606797749979,63.43494882292201,Fluo-C2DL-Huh7,02,Huh7,#2db95f
63,Cell,7,7.0,704.0,803.0,4.0,-1.0,0.0,9.974836860209644,4.123105625617661,0.0,0.0,Fluo-C2DL-Huh7,02,Huh7,#2db95f
63,Cell,8,8.0,701.0,801.0,1.0,-3.0,3.605551275463989,13.580388135673632,3.1622776601683795,3.605551275463989,-146.30993247402023,Fluo-C2DL-Huh7,02,Huh7,#2db95f
63,Cell,9,9.0,700.0,802.0,0.0,-2.0,1.4142135623730951,14.99460169804673,2.0,1.4142135623730951,135.0,Fluo-C2DL-Huh7,02,Huh7,#2db95f
63,Cell,10,10.0,701.0,801.0,1.0,-3.0,1.4142135623730951,16.408815260419825,3.1622776601683795,1.4142135623730951,-45.0,Fluo-C2DL-Huh7,02,Huh7,#2db95f
63,Cell,11,11.0,704.0,800.0,4.0,-4.0,3.1622776601683795,19.571092920588203,5.656854249492381,3.1622776601683795,-18.43494882292201,Fluo-C2DL-Huh7,02,Huh7,#2db95f
63,Cell,12,12.0,705.0,801.0,5.0,-3.0,1.4142135623730951,20.9853064829613,5.830951894845301,1.4142135623730951,45.0,Fluo-C2DL-Huh7,02,Huh7,#2db95f
63,Cell,13,13.0,701.0,802.0,1.0,-2.0,4.123105625617661,25.10841210857896,2.23606797749979,4.123105625617661,165.96375653207352,Fluo-C2DL-Huh7,02,Huh7,#2db95f
63,Cell,14,14.0,700.0,801.0,0.0,-3.0,1.4142135623730951,26.522625670952056,3.0,1.4142135623730951,-135.0,Fluo-C2DL-Huh7,02,Huh7,#2db95f
63,Cell,15,15.0,700.0,801.0,0.0,-3.0,0.0,26.522625670952056,3.0,0.0,0.0,Fluo-C2DL-Huh7,02,Huh7,#2db95f
63,Cell,16,16.0,701.0,801.0,1.0,-3.0,1.0,27.522625670952056,3.1622776601683795,1.0,0.0,Fluo-C2DL-Huh7,02,Huh7,#2db95f
63,Cell,17,17.0,704.0,804.0,4.0,0.0,4.242640687119285,31.76526635807134,4.0,4.242640687119285,45.0,Fluo-C2DL-Huh7,02,Huh7,#2db95f
63,Cell,18,18.0,702.0,803.0,2.0,-1.0,2.23606797749979,34.00133433557113,2.23606797749979,2.23606797749979,-153.43494882292202,Fluo-C2DL-Huh7,02,Huh7,#2db95f
63,Cell,19,19.0,702.0,804.0,2.0,0.0,1.0,35.00133433557113,2.0,1.0,90.0,Fluo-C2DL-Huh7,02,Huh7,#2db95f
63,Cell,20,20.0,702.0,802.0,2.0,-2.0,2.0,37.00133433557113,2.8284271247461903,2.0,-90.0,Fluo-C2DL-Huh7,02,Huh7,#2db95f
63,Cell,21,21.0,702.0,802.0,2.0,-2.0,0.0,37.00133433557113,2.8284271247461903,0.0,0.0,Fluo-C2DL-Huh7,02,Huh7,#2db95f
63,Cell,22,22.0,703.0,801.0,3.0,-3.0,1.4142135623730951,38.41554789794422,4.242640687119285,1.4142135623730951,-45.0,Fluo-C2DL-Huh7,02,Huh7,#2db95f
63,Cell,23,23.0,703.0,800.0,3.0,-4.0,1.0,39.41554789794422,5.0,1.0,-90.0,Fluo-C2DL-Huh7,02,Huh7,#2db95f
63,Cell,24,24.0,703.0,800.0,3.0,-4.0,0.0,39.41554789794422,5.0,0.0,0.0,Fluo-C2DL-Huh7,02,Huh7,#2db95f
63,Cell,25,25.0,701.0,802.0,1.0,-2.0,2.8284271247461903,42.243975022690414,2.23606797749979,2.8284271247461903,135.0,Fluo-C2DL-Huh7,02,Huh7,#2db95f
63,Cell,26,26.0,701.0,800.0,1.0,-4.0,2.0,44.243975022690414,4.123105625617661,2.0,-90.0,Fluo-C2DL-Huh7,02,Huh7,#2db95f
63,Cell,27,27.0,703.0,799.0,3.0,-5.0,2.23606797749979,46.48004300019021,5.830951894845301,2.23606797749979,-26.56505117707799,Fluo-C2DL-Huh7,02,Huh7,#2db95f
63,Cell,28,28.0,703.0,801.0,3.0,-3.0,2.0,48.48004300019021,4.242640687119285,2.0,90.0,Fluo-C2DL-Huh7,02,Huh7,#2db95f
63,Cell,29,29.0,701.0,802.0,1.0,-2.0,2.23606797749979,50.71611097768999,2.23606797749979,2.23606797749979,153.43494882292202,Fluo-C2DL-Huh7,02,Huh7,#2db95f
66,Cell,0,0.0,725.0,974.0,0.0,0.0,0.0,0.0,0.0,0.0,0.0,Fluo-C2DL-Huh7,02,Huh7,#2db95f
66,Cell,1,1.0,725.0,972.0,0.0,-2.0,2.0,2.0,2.0,2.0,-90.0,Fluo-C2DL-Huh7,02,Huh7,#2db95f
66,Cell,2,2.0,727.0,971.0,2.0,-3.0,2.23606797749979,4.23606797749979,3.605551275463989,2.23606797749979,-26.56505117707799,Fluo-C2DL-Huh7,02,Huh7,#2db95f
66,Cell,3,3.0,729.0,970.0,4.0,-4.0,2.23606797749979,6.47213595499958,5.656854249492381,2.23606797749979,-26.56505117707799,Fluo-C2DL-Huh7,02,Huh7,#2db95f
66,Cell,4,4.0,732.0,968.0,7.0,-6.0,3.605551275463989,10.07768723046357,9.219544457292889,3.605551275463989,-33.690067525979785,Fluo-C2DL-Huh7,02,Huh7,#2db95f
66,Cell,5,5.0,734.0,970.0,9.0,-4.0,2.8284271247461903,12.90611435520976,9.848857801796104,2.8284271247461903,45.0,Fluo-C2DL-Huh7,02,Huh7,#2db95f
66,Cell,6,6.0,733.0,971.0,8.0,-3.0,1.4142135623730951,14.320327917582857,8.54400374531753,1.4142135623730951,135.0,Fluo-C2DL-Huh7,02,Huh7,#2db95f
66,Cell,7,7.0,732.0,970.0,7.0,-4.0,1.4142135623730951,15.73454147995595,8.06225774829855,1.4142135623730951,-135.0,Fluo-C2DL-Huh7,02,Huh7,#2db95f
66,Cell,8,8.0,732.0,969.0,7.0,-5.0,1.0,16.73454147995595,8.602325267042627,1.0,-90.0,Fluo-C2DL-Huh7,02,Huh7,#2db95f
66,Cell,9,9.0,732.0,971.0,7.0,-3.0,2.0,18.73454147995595,7.615773105863909,2.0,90.0,Fluo-C2DL-Huh7,02,Huh7,#2db95f
66,Cell,10,10.0,731.0,970.0,6.0,-4.0,1.4142135623730951,20.148755042329046,7.211102550927978,1.4142135623730951,-135.0,Fluo-C2DL-Huh7,02,Huh7,#2db95f
66,Cell,11,11.0,731.0,968.0,6.0,-6.0,2.0,22.148755042329046,8.48528137423857,2.0,-90.0,Fluo-C2DL-Huh7,02,Huh7,#2db95f
66,Cell,12,12.0,735.0,968.0,10.0,-6.0,4.0,26.148755042329046,11.6619037896906,4.0,0.0,Fluo-C2DL-Huh7,02,Huh7,#2db95f
66,Cell,13,13.0,736.0,968.0,11.0,-6.0,1.0,27.148755042329046,12.529964086141668,1.0,0.0,Fluo-C2DL-Huh7,02,Huh7,#2db95f
66,Cell,14,14.0,736.0,967.0,11.0,-7.0,1.0,28.148755042329046,13.038404810405298,1.0,-90.0,Fluo-C2DL-Huh7,02,Huh7,#2db95f
66,Cell,15,15.0,736.0,966.0,11.0,-8.0,1.0,29.148755042329046,13.601470508735444,1.0,-90.0,Fluo-C2DL-Huh7,02,Huh7,#2db95f
66,Cell,16,16.0,735.0,966.0,10.0,-8.0,1.0,30.148755042329046,12.806248474865695,1.0,180.0,Fluo-C2DL-Huh7,02,Huh7,#2db95f
66,Cell,17,17.0,735.0,968.0,10.0,-6.0,2.0,32.14875504232904,11.6619037896906,2.0,90.0,Fluo-C2DL-Huh7,02,Huh7,#2db95f
66,Cell,18,18.0,735.0,968.0,10.0,-6.0,0.0,32.14875504232904,11.6619037896906,0.0,0.0,Fluo-C2DL-Huh7,02,Huh7,#2db95f
66,Cell,19,19.0,736.0,970.0,11.0,-4.0,2.23606797749979,34.38482301982883,11.704699910719626,2.23606797749979,63.43494882292201,Fluo-C2DL-Huh7,02,Huh7,#2db95f
66,Cell,20,20.0,739.0,970.0,14.0,-4.0,3.0,37.38482301982883,14.560219778561036,3.0,0.0,Fluo-C2DL-Huh7,02,Huh7,#2db95f
66,Cell,21,21.0,739.0,970.0,14.0,-4.0,0.0,37.38482301982883,14.560219778561036,0.0,0.0,Fluo-C2DL-Huh7,02,Huh7,#2db95f
66,Cell,22,22.0,739.0,968.0,14.0,-6.0,2.0,39.38482301982883,15.231546211727816,2.0,-90.0,Fluo-C2DL-Huh7,02,Huh7,#2db95f
66,Cell,23,23.0,743.0,970.0,18.0,-4.0,4.47213595499958,43.85695897482841,18.43908891458577,4.47213595499958,26.56505117707799,Fluo-C2DL-Huh7,02,Huh7,#2db95f
66,Cell,24,24.0,743.0,970.0,18.0,-4.0,0.0,43.85695897482841,18.43908891458577,0.0,0.0,Fluo-C2DL-Huh7,02,Huh7,#2db95f
66,Cell,25,25.0,744.0,970.0,19.0,-4.0,1.0,44.85695897482841,19.4164878389476,1.0,0.0,Fluo-C2DL-Huh7,02,Huh7,#2db95f
66,Cell,26,26.0,741.0,968.0,16.0,-6.0,3.605551275463989,48.4625102502924,17.08800749063506,3.605551275463989,-146.30993247402023,Fluo-C2DL-Huh7,02,Huh7,#2db95f
66,Cell,27,27.0,740.0,968.0,15.0,-6.0,1.0,49.4625102502924,16.15549442140351,1.0,180.0,Fluo-C2DL-Huh7,02,Huh7,#2db95f
66,Cell,28,28.0,740.0,966.0,15.0,-8.0,2.0,51.4625102502924,17.0,2.0,-90.0,Fluo-C2DL-Huh7,02,Huh7,#2db95f
66,Cell,29,29.0,740.0,965.0,15.0,-9.0,1.0,52.4625102502924,17.4928556845359,1.0,-90.0,Fluo-C2DL-Huh7,02,Huh7,#2db95f
1,Cell,0,0.0,132.0,70.0,0.0,0.0,0.0,0.0,0.0,0.0,0.0,Fluo-C2DL-Huh7,02,Huh7,#2db95f
1,Cell,1,1.0,132.0,70.0,0.0,0.0,0.0,0.0,0.0,0.0,0.0,Fluo-C2DL-Huh7,02,Huh7,#2db95f
1,Cell,2,2.0,132.0,70.0,0.0,0.0,0.0,0.0,0.0,0.0,0.0,Fluo-C2DL-Huh7,02,Huh7,#2db95f
1,Cell,3,3.0,132.0,70.0,0.0,0.0,0.0,0.0,0.0,0.0,0.0,Fluo-C2DL-Huh7,02,Huh7,#2db95f
1,Cell,4,4.0,132.0,70.0,0.0,0.0,0.0,0.0,0.0,0.0,0.0,Fluo-C2DL-Huh7,02,Huh7,#2db95f
1,Cell,5,5.0,132.0,70.0,0.0,0.0,0.0,0.0,0.0,0.0,0.0,Fluo-C2DL-Huh7,02,Huh7,#2db95f
1,Cell,6,6.0,135.0,69.0,3.0,-1.0,3.1622776601683795,3.1622776601683795,3.1622776601683795,3.1622776601683795,-18.43494882292201,Fluo-C2DL-Huh7,02,Huh7,#2db95f
1,Cell,7,7.0,135.0,69.0,3.0,-1.0,0.0,3.1622776601683795,3.1622776601683795,0.0,0.0,Fluo-C2DL-Huh7,02,Huh7,#2db95f
1,Cell,8,8.0,135.0,69.0,3.0,-1.0,0.0,3.1622776601683795,3.1622776601683795,0.0,0.0,Fluo-C2DL-Huh7,02,Huh7,#2db95f
1,Cell,9,9.0,135.0,69.0,3.0,-1.0,0.0,3.1622776601683795,3.1622776601683795,0.0,0.0,Fluo-C2DL-Huh7,02,Huh7,#2db95f
1,Cell,10,10.0,135.0,69.0,3.0,-1.0,0.0,3.1622776601683795,3.1622776601683795,0.0,0.0,Fluo-C2DL-Huh7,02,Huh7,#2db95f
1,Cell,11,11.0,137.0,67.0,5.0,-3.0,2.8284271247461903,5.99070478491457,5.830951894845301,2.8284271247461903,-45.0,Fluo-C2DL-Huh7,02,Huh7,#2db95f
1,Cell,12,12.0,137.0,67.0,5.0,-3.0,0.0,5.99070478491457,5.830951894845301,0.0,0.0,Fluo-C2DL-Huh7,02,Huh7,#2db95f
1,Cell,13,13.0,137.0,67.0,5.0,-3.0,0.0,5.99070478491457,5.830951894845301,0.0,0.0,Fluo-C2DL-Huh7,02,Huh7,#2db95f
1,Cell,14,14.0,137.0,67.0,5.0,-3.0,0.0,5.99070478491457,5.830951894845301,0.0,0.0,Fluo-C2DL-Huh7,02,Huh7,#2db95f
1,Cell,15,15.0,137.0,67.0,5.0,-3.0,0.0,5.99070478491457,5.830951894845301,0.0,0.0,Fluo-C2DL-Huh7,02,Huh7,#2db95f
1,Cell,16,16.0,137.0,67.0,5.0,-3.0,0.0,5.99070478491457,5.830951894845301,0.0,0.0,Fluo-C2DL-Huh7,02,Huh7,#2db95f
1,Cell,17,17.0,137.0,67.0,5.0,-3.0,0.0,5.99070478491457,5.830951894845301,0.0,0.0,Fluo-C2DL-Huh7,02,Huh7,#2db95f
1,Cell,18,18.0,137.0,67.0,5.0,-3.0,0.0,5.99070478491457,5.830951894845301,0.0,0.0,Fluo-C2DL-Huh7,02,Huh7,#2db95f
1,Cell,19,19.0,137.0,67.0,5.0,-3.0,0.0,5.99070478491457,5.830951894845301,0.0,0.0,Fluo-C2DL-Huh7,02,Huh7,#2db95f
1,Cell,20,20.0,137.0,67.0,5.0,-3.0,0.0,5.99070478491457,5.830951894845301,0.0,0.0,Fluo-C2DL-Huh7,02,Huh7,#2db95f
1,Cell,21,21.0,137.0,67.0,5.0,-3.0,0.0,5.99070478491457,5.830951894845301,0.0,0.0,Fluo-C2DL-Huh7,02,Huh7,#2db95f
1,Cell,22,22.0,142.0,67.0,10.0,-3.0,5.0,10.99070478491457,10.44030650891055,5.0,0.0,Fluo-C2DL-Huh7,02,Huh7,#2db95f
1,Cell,23,23.0,142.0,67.0,10.0,-3.0,0.0,10.99070478491457,10.44030650891055,0.0,0.0,Fluo-C2DL-Huh7,02,Huh7,#2db95f
1,Cell,24,24.0,142.0,67.0,10.0,-3.0,0.0,10.99070478491457,10.44030650891055,0.0,0.0,Fluo-C2DL-Huh7,02,Huh7,#2db95f
1,Cell,25,25.0,142.0,67.0,10.0,-3.0,0.0,10.99070478491457,10.44030650891055,0.0,0.0,Fluo-C2DL-Huh7,02,Huh7,#2db95f
1,Cell,26,26.0,142.0,67.0,10.0,-3.0,0.0,10.99070478491457,10.44030650891055,0.0,0.0,Fluo-C2DL-Huh7,02,Huh7,#2db95f
1,Cell,27,27.0,142.0,67.0,10.0,-3.0,0.0,10.99070478491457,10.44030650891055,0.0,0.0,Fluo-C2DL-Huh7,02,Huh7,#2db95f
1,Cell,28,28.0,142.0,67.0,10.0,-3.0,0.0,10.99070478491457,10.44030650891055,0.0,0.0,Fluo-C2DL-Huh7,02,Huh7,#2db95f
1,Cell,29,29.0,142.0,67.0,10.0,-3.0,0.0,10.99070478491457,10.44030650891055,0.0,0.0,Fluo-C2DL-Huh7,02,Huh7,#2db95f
16,Cell,0,0.0,498.0,588.0,0.0,0.0,0.0,0.0,0.0,0.0,0.0,Fluo-C2DL-Huh7,02,Huh7,#2db95f
16,Cell,1,1.0,498.0,586.0,0.0,-2.0,2.0,2.0,2.0,2.0,-90.0,Fluo-C2DL-Huh7,02,Huh7,#2db95f
16,Cell,2,2.0,497.0,584.0,-1.0,-4.0,2.23606797749979,4.23606797749979,4.123105625617661,2.23606797749979,-116.565051177078,Fluo-C2DL-Huh7,02,Huh7,#2db95f
16,Cell,3,3.0,497.0,583.0,-1.0,-5.0,1.0,5.23606797749979,5.0990195135927845,1.0,-90.0,Fluo-C2DL-Huh7,02,Huh7,#2db95f
16,Cell,4,4.0,492.0,585.0,-6.0,-3.0,5.385164807134504,10.621232784634294,6.708203932499369,5.385164807134504,158.19859051364818,Fluo-C2DL-Huh7,02,Huh7,#2db95f
16,Cell,5,5.0,494.0,582.0,-4.0,-6.0,3.605551275463989,14.226784060098284,7.211102550927978,3.605551275463989,-56.309932474020215,Fluo-C2DL-Huh7,02,Huh7,#2db95f
16,Cell,6,6.0,494.0,583.0,-4.0,-5.0,1.0,15.226784060098284,6.4031242374328485,1.0,90.0,Fluo-C2DL-Huh7,02,Huh7,#2db95f
16,Cell,7,7.0,494.0,583.0,-4.0,-5.0,0.0,15.226784060098284,6.4031242374328485,0.0,0.0,Fluo-C2DL-Huh7,02,Huh7,#2db95f
16,Cell,8,8.0,494.0,578.0,-4.0,-10.0,5.0,20.22678406009828,10.770329614269007,5.0,-90.0,Fluo-C2DL-Huh7,02,Huh7,#2db95f
16,Cell,9,9.0,494.0,578.0,-4.0,-10.0,0.0,20.22678406009828,10.770329614269007,0.0,0.0,Fluo-C2DL-Huh7,02,Huh7,#2db95f
16,Cell,10,10.0,494.0,578.0,-4.0,-10.0,0.0,20.22678406009828,10.770329614269007,0.0,0.0,Fluo-C2DL-Huh7,02,Huh7,#2db95f
16,Cell,11,11.0,494.0,578.0,-4.0,-10.0,0.0,20.22678406009828,10.770329614269007,0.0,0.0,Fluo-C2DL-Huh7,02,Huh7,#2db95f
16,Cell,12,12.0,494.0,578.0,-4.0,-10.0,0.0,20.22678406009828,10.770329614269007,0.0,0.0,Fluo-C2DL-Huh7,02,Huh7,#2db95f
16,Cell,13,13.0,494.0,579.0,-4.0,-9.0,1.0,21.22678406009828,9.848857801796104,1.0,90.0,Fluo-C2DL-Huh7,02,Huh7,#2db95f
16,Cell,14,14.0,494.0,579.0,-4.0,-9.0,0.0,21.22678406009828,9.848857801796104,0.0,0.0,Fluo-C2DL-Huh7,02,Huh7,#2db95f
16,Cell,15,15.0,494.5,579.0,-3.5,-9.0,0.5,21.72678406009828,9.656603957913983,0.5,0.0,Fluo-C2DL-Huh7,02,Huh7,#2db95f
16,Cell,16,16.0,496.0,574.0,-2.0,-14.0,5.220153254455275,26.94693731455356,14.142135623730953,5.220153254455275,-73.30075576600638,Fluo-C2DL-Huh7,02,Huh7,#2db95f
16,Cell,17,17.0,496.0,575.0,-2.0,-13.0,1.0,27.94693731455356,13.152946437965904,1.0,90.0,Fluo-C2DL-Huh7,02,Huh7,#2db95f
16,Cell,18,18.0,496.0,575.0,-2.0,-13.0,0.0,27.94693731455356,13.152946437965904,0.0,0.0,Fluo-C2DL-Huh7,02,Huh7,#2db95f
16,Cell,19,19.0,495.0,574.0,-3.0,-14.0,1.4142135623730951,29.36115087692665,14.317821063276352,1.4142135623730951,-135.0,Fluo-C2DL-Huh7,02,Huh7,#2db95f
16,Cell,20,20.0,494.0,574.0,-4.0,-14.0,1.0,30.36115087692665,14.560219778561036,1.0,180.0,Fluo-C2DL-Huh7,02,Huh7,#2db95f
16,Cell,21,21.0,492.0,571.0,-6.0,-17.0,3.605551275463989,33.966702152390646,18.027756377319943,3.605551275463989,-123.6900675259798,Fluo-C2DL-Huh7,02,Huh7,#2db95f
16,Cell,22,22.0,491.0,570.0,-7.0,-18.0,1.4142135623730951,35.38091571476374,19.313207915827967,1.4142135623730951,-135.0,Fluo-C2DL-Huh7,02,Huh7,#2db95f
16,Cell,23,23.0,491.0,570.0,-7.0,-18.0,0.0,35.38091571476374,19.313207915827967,0.0,0.0,Fluo-C2DL-Huh7,02,Huh7,#2db95f
16,Cell,24,24.0,490.0,566.0,-8.0,-22.0,4.123105625617661,39.5040213403814,23.40939982143925,4.123105625617661,-104.0362434679265,Fluo-C2DL-Huh7,02,Huh7,#2db95f
16,Cell,25,25.0,490.0,566.0,-8.0,-22.0,0.0,39.5040213403814,23.40939982143925,0.0,0.0,Fluo-C2DL-Huh7,02,Huh7,#2db95f
16,Cell,26,26.0,490.0,568.0,-8.0,-20.0,2.0,41.5040213403814,21.54065922853801,2.0,90.0,Fluo-C2DL-Huh7,02,Huh7,#2db95f
16,Cell,27,27.0,490.0,568.0,-8.0,-20.0,0.0,41.5040213403814,21.54065922853801,0.0,0.0,Fluo-C2DL-Huh7,02,Huh7,#2db95f
16,Cell,28,28.0,490.0,566.0,-8.0,-22.0,2.0,43.5040213403814,23.40939982143925,2.0,-90.0,Fluo-C2DL-Huh7,02,Huh7,#2db95f
16,Cell,29,29.0,490.0,565.0,-8.0,-23.0,1.0,44.5040213403814,24.35159132377184,1.0,-90.0,Fluo-C2DL-Huh7,02,Huh7,#2db95f
54,Cell,0,0.0,300.0,985.5,0.0,0.0,0.0,0.0,0.0,0.0,0.0,Fluo-C2DL-Huh7,02,Huh7,#2db95f
54,Cell,1,1.0,296.0,982.0,-4.0,-3.5,5.315072906367325,5.315072906367325,5.315072906367325,5.315072906367325,-138.81407483429035,Fluo-C2DL-Huh7,02,Huh7,#2db95f
54,Cell,2,2.0,295.0,981.0,-5.0,-4.5,1.4142135623730951,6.72928646874042,6.726812023536855,1.4142135623730951,-135.0,Fluo-C2DL-Huh7,02,Huh7,#2db95f
54,Cell,3,3.0,295.0,981.0,-5.0,-4.5,0.0,6.72928646874042,6.726812023536855,0.0,0.0,Fluo-C2DL-Huh7,02,Huh7,#2db95f
54,Cell,4,4.0,296.0,982.0,-4.0,-3.5,1.4142135623730951,8.143500031113515,5.315072906367325,1.4142135623730951,45.0,Fluo-C2DL-Huh7,02,Huh7,#2db95f
54,Cell,5,5.0,293.0,980.0,-7.0,-5.5,3.605551275463989,11.749051306577504,8.902246907382429,3.605551275463989,-146.30993247402023,Fluo-C2DL-Huh7,02,Huh7,#2db95f
54,Cell,6,6.0,291.0,983.0,-9.0,-2.5,3.605551275463989,15.354602582041494,9.340770846134705,3.605551275463989,123.6900675259798,Fluo-C2DL-Huh7,02,Huh7,#2db95f
54,Cell,7,7.0,291.0,982.0,-9.0,-3.5,1.0,16.354602582041494,9.656603957913983,1.0,-90.0,Fluo-C2DL-Huh7,02,Huh7,#2db95f
54,Cell,8,8.0,290.0,982.0,-10.0,-3.5,1.0,17.354602582041494,10.594810050208546,1.0,180.0,Fluo-C2DL-Huh7,02,Huh7,#2db95f
54,Cell,9,9.0,291.0,984.0,-9.0,-1.5,2.23606797749979,19.590670559541284,9.12414379544733,2.23606797749979,63.43494882292201,Fluo-C2DL-Huh7,02,Huh7,#2db95f
54,Cell,10,10.0,291.0,984.0,-9.0,-1.5,0.0,19.590670559541284,9.12414379544733,0.0,0.0,Fluo-C2DL-Huh7,02,Huh7,#2db95f
54,Cell,11,11.0,290.0,984.0,-10.0,-1.5,1.0,20.590670559541284,10.111874208078342,1.0,180.0,Fluo-C2DL-Huh7,02,Huh7,#2db95f
54,Cell,12,12.0,289.0,987.0,-11.0,1.5,3.1622776601683795,23.752948219709666,11.10180165558726,3.1622776601683795,108.434948822922,Fluo-C2DL-Huh7,02,Huh7,#2db95f
54,Cell,13,13.0,289.0,987.0,-11.0,1.5,0.0,23.752948219709666,11.10180165558726,0.0,0.0,Fluo-C2DL-Huh7,02,Huh7,#2db95f
54,Cell,14,14.0,291.0,984.0,-9.0,-1.5,3.605551275463989,27.35849949517365,9.12414379544733,3.605551275463989,-56.309932474020215,Fluo-C2DL-Huh7,02,Huh7,#2db95f
54,Cell,15,15.0,291.0,984.0,-9.0,-1.5,0.0,27.35849949517365,9.12414379544733,0.0,0.0,Fluo-C2DL-Huh7,02,Huh7,#2db95f
54,Cell,16,16.0,291.0,983.0,-9.0,-2.5,1.0,28.35849949517365,9.340770846134705,1.0,-90.0,Fluo-C2DL-Huh7,02,Huh7,#2db95f
54,Cell,17,17.0,294.0,988.0,-6.0,2.5,5.830951894845301,34.18945139001895,6.5,5.830951894845301,59.03624346792648,Fluo-C2DL-Huh7,02,Huh7,#2db95f
54,Cell,18,18.0,296.0,984.0,-4.0,-1.5,4.47213595499958,38.66158734501853,4.272001872658765,4.47213595499958,-63.43494882292201,Fluo-C2DL-Huh7,02,Huh7,#2db95f
54,Cell,19,19.0,296.0,984.0,-4.0,-1.5,0.0,38.66158734501853,4.272001872658765,0.0,0.0,Fluo-C2DL-Huh7,02,Huh7,#2db95f
54,Cell,20,20.0,296.0,984.0,-4.0,-1.5,0.0,38.66158734501853,4.272001872658765,0.0,0.0,Fluo-C2DL-Huh7,02,Huh7,#2db95f
54,Cell,21,21.0,295.0,985.0,-5.0,-0.5,1.4142135623730951,40.07580090739162,5.024937810560445,1.4142135623730951,135.0,Fluo-C2DL-Huh7,02,Huh7,#2db95f
54,Cell,22,22.0,295.0,985.0,-5.0,-0.5,0.0,40.07580090739162,5.024937810560445,0.0,0.0,Fluo-C2DL-Huh7,02,Huh7,#2db95f
54,Cell,23,23.0,295.0,985.0,-5.0,-0.5,0.0,40.07580090739162,5.024937810560445,0.0,0.0,Fluo-C2DL-Huh7,02,Huh7,#2db95f
54,Cell,24,24.0,295.0,985.0,-5.0,-0.5,0.0,40.07580090739162,5.024937810560445,0.0,0.0,Fluo-C2DL-Huh7,02,Huh7,#2db95f
54,Cell,25,25.0,294.0,985.0,-6.0,-0.5,1.0,41.07580090739162,6.020797289396148,1.0,180.0,Fluo-C2DL-Huh7,02,Huh7,#2db95f
54,Cell,26,26.0,292.0,985.0,-8.0,-0.5,2.0,43.07580090739162,8.0156097709407,2.0,180.0,Fluo-C2DL-Huh7,02,Huh7,#2db95f
54,Cell,27,27.0,292.0,985.0,-8.0,-0.5,0.0,43.07580090739162,8.0156097709407,0.0,0.0,Fluo-C2DL-Huh7,02,Huh7,#2db95f
54,Cell,28,28.0,292.0,985.0,-8.0,-0.5,0.0,43.07580090739162,8.0156097709407,0.0,0.0,Fluo-C2DL-Huh7,02,Huh7,#2db95f
54,Cell,29,29.0,292.0,985.0,-8.0,-0.5,0.0,43.07580090739162,8.0156097709407,0.0,0.0,Fluo-C2DL-Huh7,02,Huh7,#2db95f
4,Cell,0,0.0,180.0,316.0,0.0,0.0,0.0,0.0,0.0,0.0,0.0,Fluo-C2DL-Huh7,02,Huh7,#2db95f
4,Cell,1,1.0,180.0,316.0,0.0,0.0,0.0,0.0,0.0,0.0,0.0,Fluo-C2DL-Huh7,02,Huh7,#2db95f
4,Cell,2,2.0,180.0,316.0,0.0,0.0,0.0,0.0,0.0,0.0,0.0,Fluo-C2DL-Huh7,02,Huh7,#2db95f
4,Cell,3,3.0,180.0,316.0,0.0,0.0,0.0,0.0,0.0,0.0,0.0,Fluo-C2DL-Huh7,02,Huh7,#2db95f
4,Cell,4,4.0,180.0,316.0,0.0,0.0,0.0,0.0,0.0,0.0,0.0,Fluo-C2DL-Huh7,02,Huh7,#2db95f
4,Cell,5,5.0,180.0,316.0,0.0,0.0,0.0,0.0,0.0,0.0,0.0,Fluo-C2DL-Huh7,02,Huh7,#2db95f
4,Cell,6,6.0,180.0,316.0,0.0,0.0,0.0,0.0,0.0,0.0,0.0,Fluo-C2DL-Huh7,02,Huh7,#2db95f
4,Cell,7,7.0,180.0,316.0,0.0,0.0,0.0,0.0,0.0,0.0,0.0,Fluo-C2DL-Huh7,02,Huh7,#2db95f
4,Cell,8,8.0,180.0,316.0,0.0,0.0,0.0,0.0,0.0,0.0,0.0,Fluo-C2DL-Huh7,02,Huh7,#2db95f
4,Cell,9,9.0,180.0,316.0,0.0,0.0,0.0,0.0,0.0,0.0,0.0,Fluo-C2DL-Huh7,02,Huh7,#2db95f
4,Cell,10,10.0,180.0,316.0,0.0,0.0,0.0,0.0,0.0,0.0,0.0,Fluo-C2DL-Huh7,02,Huh7,#2db95f
4,Cell,11,11.0,180.0,316.0,0.0,0.0,0.0,0.0,0.0,0.0,0.0,Fluo-C2DL-Huh7,02,Huh7,#2db95f
4,Cell,12,12.0,180.0,316.0,0.0,0.0,0.0,0.0,0.0,0.0,0.0,Fluo-C2DL-Huh7,02,Huh7,#2db95f
4,Cell,13,13.0,180.0,316.0,0.0,0.0,0.0,0.0,0.0,0.0,0.0,Fluo-C2DL-Huh7,02,Huh7,#2db95f
4,Cell,14,14.0,180.0,316.0,0.0,0.0,0.0,0.0,0.0,0.0,0.0,Fluo-C2DL-Huh7,02,Huh7,#2db95f
4,Cell,15,15.0,174.0,316.0,-6.0,0.0,6.0,6.0,6.0,6.0,180.0,Fluo-C2DL-Huh7,02,Huh7,#2db95f
4,Cell,16,16.0,174.0,316.0,-6.0,0.0,0.0,6.0,6.0,0.0,0.0,Fluo-C2DL-Huh7,02,Huh7,#2db95f
4,Cell,17,17.0,174.0,316.0,-6.0,0.0,0.0,6.0,6.0,0.0,0.0,Fluo-C2DL-Huh7,02,Huh7,#2db95f
4,Cell,18,18.0,174.0,316.0,-6.0,0.0,0.0,6.0,6.0,0.0,0.0,Fluo-C2DL-Huh7,02,Huh7,#2db95f
4,Cell,19,19.0,174.0,316.0,-6.0,0.0,0.0,6.0,6.0,0.0,0.0,Fluo-C2DL-Huh7,02,Huh7,#2db95f
4,Cell,20,20.0,174.0,316.0,-6.0,0.0,0.0,6.0,6.0,0.0,0.0,Fluo-C2DL-Huh7,02,Huh7,#2db95f
4,Cell,21,21.0,174.0,316.0,-6.0,0.0,0.0,6.0,6.0,0.0,0.0,Fluo-C2DL-Huh7,02,Huh7,#2db95f
4,Cell,22,22.0,174.0,316.0,-6.0,0.0,0.0,6.0,6.0,0.0,0.0,Fluo-C2DL-Huh7,02,Huh7,#2db95f
4,Cell,23,23.0,174.0,316.0,-6.0,0.0,0.0,6.0,6.0,0.0,0.0,Fluo-C2DL-Huh7,02,Huh7,#2db95f
4,Cell,24,24.0,174.0,316.0,-6.0,0.0,0.0,6.0,6.0,0.0,0.0,Fluo-C2DL-Huh7,02,Huh7,#2db95f
4,Cell,25,25.0,174.0,316.0,-6.0,0.0,0.0,6.0,6.0,0.0,0.0,Fluo-C2DL-Huh7,02,Huh7,#2db95f
4,Cell,26,26.0,171.0,315.0,-9.0,-1.0,3.1622776601683795,9.16227766016838,9.055385138137416,3.1622776601683795,-161.56505117707798,Fluo-C2DL-Huh7,02,Huh7,#2db95f
4,Cell,27,27.0,171.0,315.0,-9.0,-1.0,0.0,9.16227766016838,9.055385138137416,0.0,0.0,Fluo-C2DL-Huh7,02,Huh7,#2db95f
4,Cell,28,28.0,171.0,315.0,-9.0,-1.0,0.0,9.16227766016838,9.055385138137416,0.0,0.0,Fluo-C2DL-Huh7,02,Huh7,#2db95f
4,Cell,29,29.0,171.0,315.0,-9.0,-1.0,0.0,9.16227766016838,9.055385138137416,0.0,0.0,Fluo-C2DL-Huh7,02,Huh7,#2db95f
65,Cell,0,0.0,845.0,909.0,0.0,0.0,0.0,0.0,0.0,0.0,0.0,Fluo-C2DL-Huh7,02,Huh7,#2db95f
65,Cell,1,1.0,844.0,906.0,-1.0,-3.0,3.1622776601683795,3.1622776601683795,3.1622776601683795,3.1622776601683795,-108.434948822922,Fluo-C2DL-Huh7,02,Huh7,#2db95f
65,Cell,2,2.0,844.0,906.0,-1.0,-3.0,0.0,3.1622776601683795,3.1622776601683795,0.0,0.0,Fluo-C2DL-Huh7,02,Huh7,#2db95f
65,Cell,3,3.0,844.0,905.0,-1.0,-4.0,1.0,4.16227766016838,4.123105625617661,1.0,-90.0,Fluo-C2DL-Huh7,02,Huh7,#2db95f
65,Cell,4,4.0,845.0,906.0,0.0,-3.0,1.4142135623730951,5.576491222541475,3.0,1.4142135623730951,45.0,Fluo-C2DL-Huh7,02,Huh7,#2db95f
65,Cell,5,5.0,846.0,907.0,1.0,-2.0,1.4142135623730951,6.99070478491457,2.23606797749979,1.4142135623730951,45.0,Fluo-C2DL-Huh7,02,Huh7,#2db95f
65,Cell,6,6.0,848.0,911.0,3.0,2.0,4.47213595499958,11.46284073991415,3.605551275463989,4.47213595499958,63.43494882292201,Fluo-C2DL-Huh7,02,Huh7,#2db95f
65,Cell,7,7.0,850.0,910.0,5.0,1.0,2.23606797749979,13.69890871741394,5.0990195135927845,2.23606797749979,-26.56505117707799,Fluo-C2DL-Huh7,02,Huh7,#2db95f
65,Cell,8,8.0,847.0,908.0,2.0,-1.0,3.605551275463989,17.304459992877927,2.23606797749979,3.605551275463989,-146.30993247402023,Fluo-C2DL-Huh7,02,Huh7,#2db95f
65,Cell,9,9.0,845.0,907.0,0.0,-2.0,2.23606797749979,19.54052797037772,2.0,2.23606797749979,-153.43494882292202,Fluo-C2DL-Huh7,02,Huh7,#2db95f
65,Cell,10,10.0,844.0,901.0,-1.0,-8.0,6.082762530298219,25.62329050067593,8.06225774829855,6.082762530298219,-99.46232220802564,Fluo-C2DL-Huh7,02,Huh7,#2db95f
65,Cell,11,11.0,842.0,902.0,-3.0,-7.0,2.23606797749979,27.859358478175725,7.615773105863909,2.23606797749979,153.43494882292202,Fluo-C2DL-Huh7,02,Huh7,#2db95f
65,Cell,12,12.0,842.0,900.0,-3.0,-9.0,2.0,29.859358478175725,9.486832980505138,2.0,-90.0,Fluo-C2DL-Huh7,02,Huh7,#2db95f
65,Cell,13,13.0,842.0,900.0,-3.0,-9.0,0.0,29.859358478175725,9.486832980505138,0.0,0.0,Fluo-C2DL-Huh7,02,Huh7,#2db95f
65,Cell,14,14.0,840.0,900.0,-5.0,-9.0,2.0,31.859358478175725,10.295630140987,2.0,180.0,Fluo-C2DL-Huh7,02,Huh7,#2db95f
65,Cell,15,15.0,840.0,904.0,-5.0,-5.0,4.0,35.85935847817572,7.071067811865476,4.0,90.0,Fluo-C2DL-Huh7,02,Huh7,#2db95f
65,Cell,16,16.0,843.0,902.0,-2.0,-7.0,3.605551275463989,39.46490975363971,7.280109889280518,3.605551275463989,-33.690067525979785,Fluo-C2DL-Huh7,02,Huh7,#2db95f
65,Cell,17,17.0,847.0,904.0,2.0,-5.0,4.47213595499958,43.93704570863929,5.385164807134504,4.47213595499958,26.56505117707799,Fluo-C2DL-Huh7,02,Huh7,#2db95f
65,Cell,18,18.0,849.0,908.0,4.0,-1.0,4.47213595499958,48.40918166363887,4.123105625617661,4.47213595499958,63.43494882292201,Fluo-C2DL-Huh7,02,Huh7,#2db95f
65,Cell,19,19.0,849.0,907.0,4.0,-2.0,1.0,49.40918166363887,4.47213595499958,1.0,-90.0,Fluo-C2DL-Huh7,02,Huh7,#2db95f
65,Cell,20,20.0,849.0,907.0,4.0,-2.0,0.0,49.40918166363887,4.47213595499958,0.0,0.0,Fluo-C2DL-Huh7,02,Huh7,#2db95f
65,Cell,21,21.0,853.0,907.0,8.0,-2.0,4.0,53.40918166363887,8.246211251235321,4.0,0.0,Fluo-C2DL-Huh7,02,Huh7,#2db95f
65,Cell,22,22.0,855.0,907.0,10.0,-2.0,2.0,55.40918166363887,10.198039027185567,2.0,0.0,Fluo-C2DL-Huh7,02,Huh7,#2db95f
65,Cell,23,23.0,856.0,904.0,11.0,-5.0,3.1622776601683795,58.57145932380725,12.083045973594572,3.1622776601683795,-71.56505117707799,Fluo-C2DL-Huh7,02,Huh7,#2db95f
65,Cell,24,24.0,858.0,900.0,13.0,-9.0,4.47213595499958,63.043595278806826,15.811388300841896,4.47213595499958,-63.43494882292201,Fluo-C2DL-Huh7,02,Huh7,#2db95f
65,Cell,25,25.0,853.0,902.0,8.0,-7.0,5.385164807134504,68.42876008594133,10.63014581273465,5.385164807134504,158.19859051364818,Fluo-C2DL-Huh7,02,Huh7,#2db95f
65,Cell,26,26.0,856.0,897.0,11.0,-12.0,5.830951894845301,74.25971198078663,16.278820596099706,5.830951894845301,-59.03624346792648,Fluo-C2DL-Huh7,02,Huh7,#2db95f
65,Cell,27,27.0,856.0,898.0,11.0,-11.0,1.0,75.25971198078663,15.556349186104043,1.0,90.0,Fluo-C2DL-Huh7,02,Huh7,#2db95f
65,Cell,28,28.0,856.0,898.0,11.0,-11.0,0.0,75.25971198078663,15.556349186104043,0.0,0.0,Fluo-C2DL-Huh7,02,Huh7,#2db95f
65,Cell,29,29.0,856.0,897.0,11.0,-12.0,1.0,76.25971198078663,16.278820596099706,1.0,-90.0,Fluo-C2DL-Huh7,02,Huh7,#2db95f
53,Cell,0,0.0,18.0,983.0,0.0,0.0,0.0,0.0,0.0,0.0,0.0,Fluo-C2DL-Huh7,02,Huh7,#2db95f
53,Cell,1,1.0,18.0,981.0,0.0,-2.0,2.0,2.0,2.0,2.0,-90.0,Fluo-C2DL-Huh7,02,Huh7,#2db95f
53,Cell,2,2.0,16.0,980.0,-2.0,-3.0,2.23606797749979,4.23606797749979,3.605551275463989,2.23606797749979,-153.43494882292202,Fluo-C2DL-Huh7,02,Huh7,#2db95f
53,Cell,3,3.0,18.0,981.0,0.0,-2.0,2.23606797749979,6.47213595499958,2.0,2.23606797749979,26.56505117707799,Fluo-C2DL-Huh7,02,Huh7,#2db95f
53,Cell,4,4.0,18.0,983.0,0.0,0.0,2.0,8.47213595499958,0.0,2.0,90.0,Fluo-C2DL-Huh7,02,Huh7,#2db95f
53,Cell,5,5.0,20.0,983.0,2.0,0.0,2.0,10.47213595499958,2.0,2.0,0.0,Fluo-C2DL-Huh7,02,Huh7,#2db95f
53,Cell,6,6.0,22.0,981.0,4.0,-2.0,2.8284271247461903,13.30056307974577,4.47213595499958,2.8284271247461903,-45.0,Fluo-C2DL-Huh7,02,Huh7,#2db95f
53,Cell,7,7.0,26.0,979.0,8.0,-4.0,4.47213595499958,17.77269903474535,8.94427190999916,4.47213595499958,-26.56505117707799,Fluo-C2DL-Huh7,02,Huh7,#2db95f
53,Cell,8,8.0,25.0,978.0,7.0,-5.0,1.4142135623730951,19.186912597118447,8.602325267042627,1.4142135623730951,-135.0,Fluo-C2DL-Huh7,02,Huh7,#2db95f
53,Cell,9,9.0,23.0,979.0,5.0,-4.0,2.23606797749979,21.42298057461824,6.4031242374328485,2.23606797749979,153.43494882292202,Fluo-C2DL-Huh7,02,Huh7,#2db95f
53,Cell,10,10.0,23.0,980.0,5.0,-3.0,1.0,22.42298057461824,5.830951894845301,1.0,90.0,Fluo-C2DL-Huh7,02,Huh7,#2db95f
53,Cell,11,11.0,23.0,980.0,5.0,-3.0,0.0,22.42298057461824,5.830951894845301,0.0,0.0,Fluo-C2DL-Huh7,02,Huh7,#2db95f
53,Cell,12,12.0,22.0,979.0,4.0,-4.0,1.4142135623730951,23.83719413699133,5.656854249492381,1.4142135623730951,-135.0,Fluo-C2DL-Huh7,02,Huh7,#2db95f
53,Cell,13,13.0,20.0,980.0,2.0,-3.0,2.23606797749979,26.07326211449112,3.605551275463989,2.23606797749979,153.43494882292202,Fluo-C2DL-Huh7,02,Huh7,#2db95f
53,Cell,14,14.0,20.0,979.0,2.0,-4.0,1.0,27.07326211449112,4.47213595499958,1.0,-90.0,Fluo-C2DL-Huh7,02,Huh7,#2db95f
53,Cell,15,15.0,20.0,979.0,2.0,-4.0,0.0,27.07326211449112,4.47213595499958,0.0,0.0,Fluo-C2DL-Huh7,02,Huh7,#2db95f
53,Cell,16,16.0,20.0,978.0,2.0,-5.0,1.0,28.07326211449112,5.385164807134504,1.0,-90.0,Fluo-C2DL-Huh7,02,Huh7,#2db95f
53,Cell,17,17.0,20.0,978.0,2.0,-5.0,0.0,28.07326211449112,5.385164807134504,0.0,0.0,Fluo-C2DL-Huh7,02,Huh7,#2db95f
53,Cell,18,18.0,20.0,978.0,2.0,-5.0,0.0,28.07326211449112,5.385164807134504,0.0,0.0,Fluo-C2DL-Huh7,02,Huh7,#2db95f
53,Cell,19,19.0,22.0,976.0,4.0,-7.0,2.8284271247461903,30.901689239237317,8.06225774829855,2.8284271247461903,-45.0,Fluo-C2DL-Huh7,02,Huh7,#2db95f
53,Cell,20,20.0,24.0,975.0,6.0,-8.0,2.23606797749979,33.1377572167371,10.0,2.23606797749979,-26.56505117707799,Fluo-C2DL-Huh7,02,Huh7,#2db95f
53,Cell,21,21.0,27.0,975.0,9.0,-8.0,3.0,36.1377572167371,12.041594578792296,3.0,0.0,Fluo-C2DL-Huh7,02,Huh7,#2db95f
53,Cell,22,22.0,29.0,978.0,11.0,-5.0,3.605551275463989,39.74330849220109,12.083045973594572,3.605551275463989,56.309932474020215,Fluo-C2DL-Huh7,02,Huh7,#2db95f
53,Cell,23,23.0,31.0,972.0,13.0,-11.0,6.324555320336759,46.06786381253784,17.029386365926403,6.324555320336759,-71.56505117707799,Fluo-C2DL-Huh7,02,Huh7,#2db95f
53,Cell,24,24.0,29.0,976.0,11.0,-7.0,4.47213595499958,50.539999767537424,13.038404810405298,4.47213595499958,116.565051177078,Fluo-C2DL-Huh7,02,Huh7,#2db95f
53,Cell,25,25.0,31.0,975.0,13.0,-8.0,2.23606797749979,52.77606774503721,15.264337522473747,2.23606797749979,-26.56505117707799,Fluo-C2DL-Huh7,02,Huh7,#2db95f
53,Cell,26,26.0,32.0,973.0,14.0,-10.0,2.23606797749979,55.012135722537,17.204650534085253,2.23606797749979,-63.43494882292201,Fluo-C2DL-Huh7,02,Huh7,#2db95f
53,Cell,27,27.0,34.0,974.0,16.0,-9.0,2.23606797749979,57.24820370003678,18.35755975068582,2.23606797749979,26.56505117707799,Fluo-C2DL-Huh7,02,Huh7,#2db95f
53,Cell,28,28.0,36.0,974.0,18.0,-9.0,2.0,59.24820370003678,20.12461179749811,2.0,0.0,Fluo-C2DL-Huh7,02,Huh7,#2db95f
53,Cell,29,29.0,37.0,974.0,19.0,-9.0,1.0,60.24820370003678,21.02379604162864,1.0,0.0,Fluo-C2DL-Huh7,02,Huh7,#2db95f
41,Cell,0,0.0,104.0,840.0,0.0,0.0,0.0,0.0,0.0,0.0,0.0,Fluo-C2DL-Huh7,02,Huh7,#2db95f
41,Cell,1,1.0,107.0,834.0,3.0,-6.0,6.708203932499369,6.708203932499369,6.708203932499369,6.708203932499369,-63.43494882292201,Fluo-C2DL-Huh7,02,Huh7,#2db95f
41,Cell,2,2.0,107.0,834.0,3.0,-6.0,0.0,6.708203932499369,6.708203932499369,0.0,0.0,Fluo-C2DL-Huh7,02,Huh7,#2db95f
41,Cell,3,3.0,108.0,836.0,4.0,-4.0,2.23606797749979,8.94427190999916,5.656854249492381,2.23606797749979,63.43494882292201,Fluo-C2DL-Huh7,02,Huh7,#2db95f
41,Cell,4,4.0,111.0,836.0,7.0,-4.0,3.0,11.94427190999916,8.06225774829855,3.0,0.0,Fluo-C2DL-Huh7,02,Huh7,#2db95f
41,Cell,5,5.0,112.0,838.0,8.0,-2.0,2.23606797749979,14.180339887498947,8.246211251235321,2.23606797749979,63.43494882292201,Fluo-C2DL-Huh7,02,Huh7,#2db95f
41,Cell,6,6.0,115.0,838.0,11.0,-2.0,3.0,17.18033988749895,11.180339887498947,3.0,0.0,Fluo-C2DL-Huh7,02,Huh7,#2db95f
41,Cell,7,7.0,119.0,840.0,15.0,0.0,4.47213595499958,21.65247584249853,15.0,4.47213595499958,26.56505117707799,Fluo-C2DL-Huh7,02,Huh7,#2db95f
41,Cell,8,8.0,125.0,843.0,21.0,3.0,6.708203932499369,28.360679774997894,21.213203435596427,6.708203932499369,26.56505117707799,Fluo-C2DL-Huh7,02,Huh7,#2db95f
41,Cell,9,9.0,127.0,843.0,23.0,3.0,2.0,30.360679774997894,23.194827009486403,2.0,0.0,Fluo-C2DL-Huh7,02,Huh7,#2db95f
41,Cell,10,10.0,128.0,840.0,24.0,0.0,3.1622776601683795,33.52295743516628,24.0,3.1622776601683795,-71.56505117707799,Fluo-C2DL-Huh7,02,Huh7,#2db95f
41,Cell,11,11.0,131.0,836.0,27.0,-4.0,5.0,38.52295743516628,27.29468812791236,5.0,-53.13010235415598,Fluo-C2DL-Huh7,02,Huh7,#2db95f
41,Cell,12,12.0,132.0,837.0,28.0,-3.0,1.4142135623730951,39.93717099753937,28.16025568065745,1.4142135623730951,45.0,Fluo-C2DL-Huh7,02,Huh7,#2db95f
41,Cell,13,13.0,137.0,838.0,33.0,-2.0,5.0990195135927845,45.03619051113216,33.06055050963308,5.0990195135927845,11.309932474020211,Fluo-C2DL-Huh7,02,Huh7,#2db95f
41,Cell,14,14.0,140.0,838.0,36.0,-2.0,3.0,48.03619051113216,36.05551275463989,3.0,0.0,Fluo-C2DL-Huh7,02,Huh7,#2db95f
41,Cell,15,15.0,144.0,838.0,40.0,-2.0,4.0,52.03619051113216,40.049968789001575,4.0,0.0,Fluo-C2DL-Huh7,02,Huh7,#2db95f
41,Cell,16,16.0,144.0,839.0,40.0,-1.0,1.0,53.03619051113216,40.01249804748511,1.0,90.0,Fluo-C2DL-Huh7,02,Huh7,#2db95f
41,Cell,17,17.0,146.0,839.0,42.0,-1.0,2.0,55.03619051113216,42.01190307520001,2.0,0.0,Fluo-C2DL-Huh7,02,Huh7,#2db95f
41,Cell,18,18.0,146.0,839.0,42.0,-1.0,0.0,55.03619051113216,42.01190307520001,0.0,0.0,Fluo-C2DL-Huh7,02,Huh7,#2db95f
41,Cell,19,19.0,150.0,836.0,46.0,-4.0,5.0,60.03619051113216,46.17358552246078,5.0,-36.86989764584402,Fluo-C2DL-Huh7,02,Huh7,#2db95f
41,Cell,20,20.0,150.0,836.0,46.0,-4.0,0.0,60.03619051113216,46.17358552246078,0.0,0.0,Fluo-C2DL-Huh7,02,Huh7,#2db95f
41,Cell,21,21.0,150.0,836.0,46.0,-4.0,0.0,60.03619051113216,46.17358552246078,0.0,0.0,Fluo-C2DL-Huh7,02,Huh7,#2db95f
41,Cell,22,22.0,149.0,836.0,45.0,-4.0,1.0,61.03619051113216,45.17742799230607,1.0,180.0,Fluo-C2DL-Huh7,02,Huh7,#2db95f
41,Cell,23,23.0,149.0,836.0,45.0,-4.0,0.0,61.03619051113216,45.17742799230607,0.0,0.0,Fluo-C2DL-Huh7,02,Huh7,#2db95f
41,Cell,24,24.0,148.0,831.0,44.0,-9.0,5.0990195135927845,66.13521002472494,44.91102314577124,5.0990195135927845,-101.3099324740202,Fluo-C2DL-Huh7,02,Huh7,#2db95f
41,Cell,25,25.0,141.0,830.0,37.0,-10.0,7.071067811865476,73.20627783659042,38.3275357934736,7.071067811865476,-171.86989764584402,Fluo-C2DL-Huh7,02,Huh7,#2db95f
41,Cell,26,26.0,140.0,824.0,36.0,-16.0,6.082762530298219,79.28904036688864,39.395431207184416,6.082762530298219,-99.46232220802564,Fluo-C2DL-Huh7,02,Huh7,#2db95f
41,Cell,27,27.0,140.0,824.0,36.0,-16.0,0.0,79.28904036688864,39.395431207184416,0.0,0.0,Fluo-C2DL-Huh7,02,Huh7,#2db95f
41,Cell,28,28.0,137.0,823.0,33.0,-17.0,3.1622776601683795,82.45131802705703,37.12142238654117,3.1622776601683795,-161.56505117707798,Fluo-C2DL-Huh7,02,Huh7,#2db95f
41,Cell,29,29.0,131.0,823.0,27.0,-17.0,6.0,88.45131802705703,31.906112267087632,6.0,180.0,Fluo-C2DL-Huh7,02,Huh7,#2db95f
44,Cell,0,0.0,129.0,933.0,0.0,0.0,0.0,0.0,0.0,0.0,0.0,Fluo-C2DL-Huh7,02,Huh7,#2db95f
44,Cell,1,1.0,129.0,933.0,0.0,0.0,0.0,0.0,0.0,0.0,0.0,Fluo-C2DL-Huh7,02,Huh7,#2db95f
44,Cell,2,2.0,130.0,932.0,1.0,-1.0,1.4142135623730951,1.4142135623730951,1.4142135623730951,1.4142135623730951,-45.0,Fluo-C2DL-Huh7,02,Huh7,#2db95f
44,Cell,3,3.0,131.0,933.0,2.0,0.0,1.4142135623730951,2.8284271247461903,2.0,1.4142135623730951,45.0,Fluo-C2DL-Huh7,02,Huh7,#2db95f
44,Cell,4,4.0,132.0,934.0,3.0,1.0,1.4142135623730951,4.242640687119286,3.1622776601683795,1.4142135623730951,45.0,Fluo-C2DL-Huh7,02,Huh7,#2db95f
44,Cell,5,5.0,139.0,933.0,10.0,0.0,7.071067811865476,11.31370849898476,10.0,7.071067811865476,-8.13010235415598,Fluo-C2DL-Huh7,02,Huh7,#2db95f
44,Cell,6,6.0,139.0,933.0,10.0,0.0,0.0,11.31370849898476,10.0,0.0,0.0,Fluo-C2DL-Huh7,02,Huh7,#2db95f
44,Cell,7,7.0,139.0,933.0,10.0,0.0,0.0,11.31370849898476,10.0,0.0,0.0,Fluo-C2DL-Huh7,02,Huh7,#2db95f
44,Cell,8,8.0,139.0,933.0,10.0,0.0,0.0,11.31370849898476,10.0,0.0,0.0,Fluo-C2DL-Huh7,02,Huh7,#2db95f
44,Cell,9,9.0,139.0,933.0,10.0,0.0,0.0,11.31370849898476,10.0,0.0,0.0,Fluo-C2DL-Huh7,02,Huh7,#2db95f
44,Cell,10,10.0,139.0,933.0,10.0,0.0,0.0,11.31370849898476,10.0,0.0,0.0,Fluo-C2DL-Huh7,02,Huh7,#2db95f
44,Cell,11,11.0,139.0,933.0,10.0,0.0,0.0,11.31370849898476,10.0,0.0,0.0,Fluo-C2DL-Huh7,02,Huh7,#2db95f
44,Cell,12,12.0,144.0,938.0,15.0,5.0,7.071067811865476,18.384776310850235,15.811388300841896,7.071067811865476,45.0,Fluo-C2DL-Huh7,02,Huh7,#2db95f
44,Cell,13,13.0,144.0,938.0,15.0,5.0,0.0,18.384776310850235,15.811388300841896,0.0,0.0,Fluo-C2DL-Huh7,02,Huh7,#2db95f
44,Cell,14,14.0,145.0,933.0,16.0,0.0,5.0990195135927845,23.48379582444302,16.0,5.0990195135927845,-78.69006752597979,Fluo-C2DL-Huh7,02,Huh7,#2db95f
44,Cell,15,15.0,145.0,933.0,16.0,0.0,0.0,23.48379582444302,16.0,0.0,0.0,Fluo-C2DL-Huh7,02,Huh7,#2db95f
44,Cell,16,16.0,145.0,933.0,16.0,0.0,0.0,23.48379582444302,16.0,0.0,0.0,Fluo-C2DL-Huh7,02,Huh7,#2db95f
44,Cell,17,17.0,148.0,930.0,19.0,-3.0,4.242640687119285,27.726436511562305,19.235384061671343,4.242640687119285,-45.0,Fluo-C2DL-Huh7,02,Huh7,#2db95f
44,Cell,18,18.0,149.0,932.0,20.0,-1.0,2.23606797749979,29.96250448906209,20.024984394500787,2.23606797749979,63.43494882292201,Fluo-C2DL-Huh7,02,Huh7,#2db95f
44,Cell,19,19.0,149.0,933.0,20.0,0.0,1.0,30.96250448906209,20.0,1.0,90.0,Fluo-C2DL-Huh7,02,Huh7,#2db95f
44,Cell,20,20.0,150.0,933.0,21.0,0.0,1.0,31.96250448906209,21.0,1.0,0.0,Fluo-C2DL-Huh7,02,Huh7,#2db95f
44,Cell,21,21.0,151.0,933.0,22.0,0.0,1.0,32.9625044890621,22.0,1.0,0.0,Fluo-C2DL-Huh7,02,Huh7,#2db95f
44,Cell,22,22.0,151.0,933.0,22.0,0.0,0.0,32.9625044890621,22.0,0.0,0.0,Fluo-C2DL-Huh7,02,Huh7,#2db95f
44,Cell,23,23.0,151.0,933.0,22.0,0.0,0.0,32.9625044890621,22.0,0.0,0.0,Fluo-C2DL-Huh7,02,Huh7,#2db95f
44,Cell,24,24.0,151.0,933.0,22.0,0.0,0.0,32.9625044890621,22.0,0.0,0.0,Fluo-C2DL-Huh7,02,Huh7,#2db95f
44,Cell,25,25.0,152.0,933.0,23.0,0.0,1.0,33.9625044890621,23.0,1.0,0.0,Fluo-C2DL-Huh7,02,Huh7,#2db95f
44,Cell,26,26.0,152.0,933.0,23.0,0.0,0.0,33.9625044890621,23.0,0.0,0.0,Fluo-C2DL-Huh7,02,Huh7,#2db95f
44,Cell,27,27.0,152.0,933.0,23.0,0.0,0.0,33.9625044890621,23.0,0.0,0.0,Fluo-C2DL-Huh7,02,Huh7,#2db95f
44,Cell,28,28.0,152.0,933.0,23.0,0.0,0.0,33.9625044890621,23.0,0.0,0.0,Fluo-C2DL-Huh7,02,Huh7,#2db95f
44,Cell,29,29.0,152.0,933.0,23.0,0.0,0.0,33.9625044890621,23.0,0.0,0.0,Fluo-C2DL-Huh7,02,Huh7,#2db95f
5,Cell,0,0.0,226.0,364.0,0.0,0.0,0.0,0.0,0.0,0.0,0.0,Fluo-C2DL-Huh7,02,Huh7,#2db95f
5,Cell,1,1.0,226.0,364.0,0.0,0.0,0.0,0.0,0.0,0.0,0.0,Fluo-C2DL-Huh7,02,Huh7,#2db95f
5,Cell,2,2.0,226.0,364.0,0.0,0.0,0.0,0.0,0.0,0.0,0.0,Fluo-C2DL-Huh7,02,Huh7,#2db95f
5,Cell,3,3.0,226.0,364.0,0.0,0.0,0.0,0.0,0.0,0.0,0.0,Fluo-C2DL-Huh7,02,Huh7,#2db95f
5,Cell,4,4.0,226.0,364.0,0.0,0.0,0.0,0.0,0.0,0.0,0.0,Fluo-C2DL-Huh7,02,Huh7,#2db95f
5,Cell,5,5.0,229.0,357.0,3.0,-7.0,7.615773105863909,7.615773105863909,7.615773105863909,7.615773105863909,-66.80140948635182,Fluo-C2DL-Huh7,02,Huh7,#2db95f
5,Cell,6,6.0,229.0,357.0,3.0,-7.0,0.0,7.615773105863909,7.615773105863909,0.0,0.0,Fluo-C2DL-Huh7,02,Huh7,#2db95f
5,Cell,7,7.0,229.0,357.0,3.0,-7.0,0.0,7.615773105863909,7.615773105863909,0.0,0.0,Fluo-C2DL-Huh7,02,Huh7,#2db95f
5,Cell,8,8.0,229.0,357.0,3.0,-7.0,0.0,7.615773105863909,7.615773105863909,0.0,0.0,Fluo-C2DL-Huh7,02,Huh7,#2db95f
5,Cell,9,9.0,229.0,357.0,3.0,-7.0,0.0,7.615773105863909,7.615773105863909,0.0,0.0,Fluo-C2DL-Huh7,02,Huh7,#2db95f
5,Cell,10,10.0,229.0,357.0,3.0,-7.0,0.0,7.615773105863909,7.615773105863909,0.0,0.0,Fluo-C2DL-Huh7,02,Huh7,#2db95f
5,Cell,11,11.0,229.0,357.0,3.0,-7.0,0.0,7.615773105863909,7.615773105863909,0.0,0.0,Fluo-C2DL-Huh7,02,Huh7,#2db95f
5,Cell,12,12.0,229.0,357.0,3.0,-7.0,0.0,7.615773105863909,7.615773105863909,0.0,0.0,Fluo-C2DL-Huh7,02,Huh7,#2db95f
5,Cell,13,13.0,229.0,357.0,3.0,-7.0,0.0,7.615773105863909,7.615773105863909,0.0,0.0,Fluo-C2DL-Huh7,02,Huh7,#2db95f
5,Cell,14,14.0,229.0,357.0,3.0,-7.0,0.0,7.615773105863909,7.615773105863909,0.0,0.0,Fluo-C2DL-Huh7,02,Huh7,#2db95f
5,Cell,15,15.0,229.0,357.0,3.0,-7.0,0.0,7.615773105863909,7.615773105863909,0.0,0.0,Fluo-C2DL-Huh7,02,Huh7,#2db95f
5,Cell,16,16.0,229.0,357.0,3.0,-7.0,0.0,7.615773105863909,7.615773105863909,0.0,0.0,Fluo-C2DL-Huh7,02,Huh7,#2db95f
5,Cell,17,17.0,229.0,357.0,3.0,-7.0,0.0,7.615773105863909,7.615773105863909,0.0,0.0,Fluo-C2DL-Huh7,02,Huh7,#2db95f
5,Cell,18,18.0,229.0,357.0,3.0,-7.0,0.0,7.615773105863909,7.615773105863909,0.0,0.0,Fluo-C2DL-Huh7,02,Huh7,#2db95f
5,Cell,19,19.0,229.0,357.0,3.0,-7.0,0.0,7.615773105863909,7.615773105863909,0.0,0.0,Fluo-C2DL-Huh7,02,Huh7,#2db95f
5,Cell,20,20.0,229.0,357.0,3.0,-7.0,0.0,7.615773105863909,7.615773105863909,0.0,0.0,Fluo-C2DL-Huh7,02,Huh7,#2db95f
5,Cell,21,21.0,229.0,357.0,3.0,-7.0,0.0,7.615773105863909,7.615773105863909,0.0,0.0,Fluo-C2DL-Huh7,02,Huh7,#2db95f
5,Cell,22,22.0,229.0,357.0,3.0,-7.0,0.0,7.615773105863909,7.615773105863909,0.0,0.0,Fluo-C2DL-Huh7,02,Huh7,#2db95f
5,Cell,23,23.0,229.0,357.0,3.0,-7.0,0.0,7.615773105863909,7.615773105863909,0.0,0.0,Fluo-C2DL-Huh7,02,Huh7,#2db95f
5,Cell,24,24.0,229.0,357.0,3.0,-7.0,0.0,7.615773105863909,7.615773105863909,0.0,0.0,Fluo-C2DL-Huh7,02,Huh7,#2db95f
5,Cell,25,25.0,229.0,357.0,3.0,-7.0,0.0,7.615773105863909,7.615773105863909,0.0,0.0,Fluo-C2DL-Huh7,02,Huh7,#2db95f
5,Cell,26,26.0,229.0,357.0,3.0,-7.0,0.0,7.615773105863909,7.615773105863909,0.0,0.0,Fluo-C2DL-Huh7,02,Huh7,#2db95f
5,Cell,27,27.0,229.0,357.0,3.0,-7.0,0.0,7.615773105863909,7.615773105863909,0.0,0.0,Fluo-C2DL-Huh7,02,Huh7,#2db95f
5,Cell,28,28.0,229.0,357.0,3.0,-7.0,0.0,7.615773105863909,7.615773105863909,0.0,0.0,Fluo-C2DL-Huh7,02,Huh7,#2db95f
5,Cell,29,29.0,229.0,357.0,3.0,-7.0,0.0,7.615773105863909,7.615773105863909,0.0,0.0,Fluo-C2DL-Huh7,02,Huh7,#2db95f
36,Cell,0,0.0,105.0,742.0,0.0,0.0,0.0,0.0,0.0,0.0,0.0,Fluo-C2DL-Huh7,02,Huh7,#2db95f
36,Cell,1,1.0,105.0,741.0,0.0,-1.0,1.0,1.0,1.0,1.0,-90.0,Fluo-C2DL-Huh7,02,Huh7,#2db95f
36,Cell,2,2.0,105.0,741.0,0.0,-1.0,0.0,1.0,1.0,0.0,0.0,Fluo-C2DL-Huh7,02,Huh7,#2db95f
36,Cell,3,3.0,105.0,738.0,0.0,-4.0,3.0,4.0,4.0,3.0,-90.0,Fluo-C2DL-Huh7,02,Huh7,#2db95f
36,Cell,4,4.0,106.0,740.0,1.0,-2.0,2.23606797749979,6.23606797749979,2.23606797749979,2.23606797749979,63.43494882292201,Fluo-C2DL-Huh7,02,Huh7,#2db95f
36,Cell,5,5.0,106.0,740.0,1.0,-2.0,0.0,6.23606797749979,2.23606797749979,0.0,0.0,Fluo-C2DL-Huh7,02,Huh7,#2db95f
36,Cell,6,6.0,104.0,742.0,-1.0,0.0,2.8284271247461903,9.06449510224598,1.0,2.8284271247461903,135.0,Fluo-C2DL-Huh7,02,Huh7,#2db95f
36,Cell,7,7.0,102.0,741.0,-3.0,-1.0,2.23606797749979,11.30056307974577,3.1622776601683795,2.23606797749979,-153.43494882292202,Fluo-C2DL-Huh7,02,Huh7,#2db95f
36,Cell,8,8.0,100.0,740.0,-5.0,-2.0,2.23606797749979,13.53663105724556,5.385164807134504,2.23606797749979,-153.43494882292202,Fluo-C2DL-Huh7,02,Huh7,#2db95f
36,Cell,9,9.0,100.0,739.0,-5.0,-3.0,1.0,14.53663105724556,5.830951894845301,1.0,-90.0,Fluo-C2DL-Huh7,02,Huh7,#2db95f
36,Cell,10,10.0,100.0,738.0,-5.0,-4.0,1.0,15.53663105724556,6.4031242374328485,1.0,-90.0,Fluo-C2DL-Huh7,02,Huh7,#2db95f
36,Cell,11,11.0,100.0,737.0,-5.0,-5.0,1.0,16.536631057245557,7.071067811865476,1.0,-90.0,Fluo-C2DL-Huh7,02,Huh7,#2db95f
36,Cell,12,12.0,100.0,737.0,-5.0,-5.0,0.0,16.536631057245557,7.071067811865476,0.0,0.0,Fluo-C2DL-Huh7,02,Huh7,#2db95f
36,Cell,13,13.0,100.0,737.0,-5.0,-5.0,0.0,16.536631057245557,7.071067811865476,0.0,0.0,Fluo-C2DL-Huh7,02,Huh7,#2db95f
36,Cell,14,14.0,99.0,737.0,-6.0,-5.0,1.0,17.536631057245557,7.810249675906654,1.0,180.0,Fluo-C2DL-Huh7,02,Huh7,#2db95f
36,Cell,15,15.0,99.0,737.0,-6.0,-5.0,0.0,17.536631057245557,7.810249675906654,0.0,0.0,Fluo-C2DL-Huh7,02,Huh7,#2db95f
36,Cell,16,16.0,99.0,737.0,-6.0,-5.0,0.0,17.536631057245557,7.810249675906654,0.0,0.0,Fluo-C2DL-Huh7,02,Huh7,#2db95f
36,Cell,17,17.0,99.0,737.0,-6.0,-5.0,0.0,17.536631057245557,7.810249675906654,0.0,0.0,Fluo-C2DL-Huh7,02,Huh7,#2db95f
36,Cell,18,18.0,99.0,732.0,-6.0,-10.0,5.0,22.53663105724556,11.6619037896906,5.0,-90.0,Fluo-C2DL-Huh7,02,Huh7,#2db95f
36,Cell,19,19.0,99.0,732.0,-6.0,-10.0,0.0,22.53663105724556,11.6619037896906,0.0,0.0,Fluo-C2DL-Huh7,02,Huh7,#2db95f
36,Cell,20,20.0,99.0,732.0,-6.0,-10.0,0.0,22.53663105724556,11.6619037896906,0.0,0.0,Fluo-C2DL-Huh7,02,Huh7,#2db95f
36,Cell,21,21.0,99.0,732.0,-6.0,-10.0,0.0,22.53663105724556,11.6619037896906,0.0,0.0,Fluo-C2DL-Huh7,02,Huh7,#2db95f
36,Cell,22,22.0,99.0,732.0,-6.0,-10.0,0.0,22.53663105724556,11.6619037896906,0.0,0.0,Fluo-C2DL-Huh7,02,Huh7,#2db95f
36,Cell,23,23.0,99.0,732.0,-6.0,-10.0,0.0,22.53663105724556,11.6619037896906,0.0,0.0,Fluo-C2DL-Huh7,02,Huh7,#2db95f
36,Cell,24,24.0,101.0,733.0,-4.0,-9.0,2.23606797749979,24.772699034745347,9.848857801796104,2.23606797749979,26.56505117707799,Fluo-C2DL-Huh7,02,Huh7,#2db95f
36,Cell,25,25.0,100.0,737.0,-5.0,-5.0,4.123105625617661,28.89580466036301,7.071067811865476,4.123105625617661,104.0362434679265,Fluo-C2DL-Huh7,02,Huh7,#2db95f
36,Cell,26,26.0,100.0,735.0,-5.0,-7.0,2.0,30.89580466036301,8.602325267042627,2.0,-90.0,Fluo-C2DL-Huh7,02,Huh7,#2db95f
36,Cell,27,27.0,100.0,735.0,-5.0,-7.0,0.0,30.89580466036301,8.602325267042627,0.0,0.0,Fluo-C2DL-Huh7,02,Huh7,#2db95f
36,Cell,28,28.0,101.0,734.0,-4.0,-8.0,1.4142135623730951,32.310018222736105,8.94427190999916,1.4142135623730951,-45.0,Fluo-C2DL-Huh7,02,Huh7,#2db95f
36,Cell,29,29.0,106.0,728.0,1.0,-14.0,7.810249675906654,40.12026789864276,14.0356688476182,7.810249675906654,-50.19442890773481,Fluo-C2DL-Huh7,02,Huh7,#2db95f
62,Cell,0,0.0,845.0,767.0,0.0,0.0,0.0,0.0,0.0,0.0,0.0,Fluo-C2DL-Huh7,02,Huh7,#2db95f
62,Cell,1,1.0,845.0,767.0,0.0,0.0,0.0,0.0,0.0,0.0,0.0,Fluo-C2DL-Huh7,02,Huh7,#2db95f
62,Cell,2,2.0,843.0,768.0,-2.0,1.0,2.23606797749979,2.23606797749979,2.23606797749979,2.23606797749979,153.43494882292202,Fluo-C2DL-Huh7,02,Huh7,#2db95f
62,Cell,3,3.0,839.0,766.0,-6.0,-1.0,4.47213595499958,6.708203932499369,6.082762530298219,4.47213595499958,-153.43494882292202,Fluo-C2DL-Huh7,02,Huh7,#2db95f
62,Cell,4,4.0,833.0,761.0,-12.0,-6.0,7.810249675906654,14.518453608406023,13.41640786499874,7.810249675906654,-140.19442890773482,Fluo-C2DL-Huh7,02,Huh7,#2db95f
62,Cell,5,5.0,833.0,758.0,-12.0,-9.0,3.0,17.518453608406023,15.0,3.0,-90.0,Fluo-C2DL-Huh7,02,Huh7,#2db95f
62,Cell,6,6.0,833.0,758.0,-12.0,-9.0,0.0,17.518453608406023,15.0,0.0,0.0,Fluo-C2DL-Huh7,02,Huh7,#2db95f
62,Cell,7,7.0,832.0,758.0,-13.0,-9.0,1.0,18.518453608406023,15.811388300841896,1.0,180.0,Fluo-C2DL-Huh7,02,Huh7,#2db95f
62,Cell,8,8.0,835.0,761.0,-10.0,-6.0,4.242640687119285,22.761094295525307,11.6619037896906,4.242640687119285,45.0,Fluo-C2DL-Huh7,02,Huh7,#2db95f
62,Cell,9,9.0,841.0,766.0,-4.0,-1.0,7.810249675906654,30.57134397143196,4.123105625617661,7.810249675906654,39.80557109226519,Fluo-C2DL-Huh7,02,Huh7,#2db95f
62,Cell,10,10.0,847.0,771.0,2.0,4.0,7.810249675906654,38.38159364733862,4.47213595499958,7.810249675906654,39.80557109226519,Fluo-C2DL-Huh7,02,Huh7,#2db95f
62,Cell,11,11.0,850.0,770.0,5.0,3.0,3.1622776601683795,41.543871307507,5.830951894845301,3.1622776601683795,-18.43494882292201,Fluo-C2DL-Huh7,02,Huh7,#2db95f
62,Cell,12,12.0,849.0,766.0,4.0,-1.0,4.123105625617661,45.66697693312466,4.123105625617661,4.123105625617661,-104.0362434679265,Fluo-C2DL-Huh7,02,Huh7,#2db95f
62,Cell,13,13.0,851.0,765.0,6.0,-2.0,2.23606797749979,47.903044910624445,6.324555320336759,2.23606797749979,-26.56505117707799,Fluo-C2DL-Huh7,02,Huh7,#2db95f
62,Cell,14,14.0,851.0,765.0,6.0,-2.0,0.0,47.903044910624445,6.324555320336759,0.0,0.0,Fluo-C2DL-Huh7,02,Huh7,#2db95f
62,Cell,15,15.0,850.0,764.0,5.0,-3.0,1.4142135623730951,49.31725847299754,5.830951894845301,1.4142135623730951,-135.0,Fluo-C2DL-Huh7,02,Huh7,#2db95f
62,Cell,16,16.0,848.0,763.0,3.0,-4.0,2.23606797749979,51.55332645049732,5.0,2.23606797749979,-153.43494882292202,Fluo-C2DL-Huh7,02,Huh7,#2db95f
62,Cell,17,17.0,846.0,761.0,1.0,-6.0,2.8284271247461903,54.38175357524352,6.082762530298219,2.8284271247461903,-135.0,Fluo-C2DL-Huh7,02,Huh7,#2db95f
62,Cell,18,18.0,846.0,760.0,1.0,-7.0,1.0,55.38175357524352,7.071067811865476,1.0,-90.0,Fluo-C2DL-Huh7,02,Huh7,#2db95f
62,Cell,19,19.0,850.0,760.0,5.0,-7.0,4.0,59.38175357524352,8.602325267042627,4.0,0.0,Fluo-C2DL-Huh7,02,Huh7,#2db95f
62,Cell,20,20.0,852.0,760.0,7.0,-7.0,2.0,61.38175357524352,9.899494936611664,2.0,0.0,Fluo-C2DL-Huh7,02,Huh7,#2db95f
62,Cell,21,21.0,856.0,762.0,11.0,-5.0,4.47213595499958,65.8538895302431,12.083045973594572,4.47213595499958,26.56505117707799,Fluo-C2DL-Huh7,02,Huh7,#2db95f
62,Cell,22,22.0,851.0,762.0,6.0,-5.0,5.0,70.8538895302431,7.810249675906654,5.0,180.0,Fluo-C2DL-Huh7,02,Huh7,#2db95f
62,Cell,23,23.0,852.0,763.0,7.0,-4.0,1.4142135623730951,72.26810309261619,8.06225774829855,1.4142135623730951,45.0,Fluo-C2DL-Huh7,02,Huh7,#2db95f
62,Cell,24,24.0,852.0,760.0,7.0,-7.0,3.0,75.26810309261619,9.899494936611664,3.0,-90.0,Fluo-C2DL-Huh7,02,Huh7,#2db95f
62,Cell,25,25.0,852.0,762.0,7.0,-5.0,2.0,77.26810309261619,8.602325267042627,2.0,90.0,Fluo-C2DL-Huh7,02,Huh7,#2db95f
62,Cell,26,26.0,855.0,759.0,10.0,-8.0,4.242640687119285,81.51074377973548,12.806248474865695,4.242640687119285,-45.0,Fluo-C2DL-Huh7,02,Huh7,#2db95f
62,Cell,27,27.0,855.0,754.0,10.0,-13.0,5.0,86.51074377973548,16.401219466856727,5.0,-90.0,Fluo-C2DL-Huh7,02,Huh7,#2db95f
62,Cell,28,28.0,854.0,751.0,9.0,-16.0,3.1622776601683795,89.67302143990386,18.35755975068582,3.1622776601683795,-108.434948822922,Fluo-C2DL-Huh7,02,Huh7,#2db95f
62,Cell,29,29.0,859.0,747.0,14.0,-20.0,6.4031242374328485,96.07614567733673,24.413111231467404,6.4031242374328485,-38.65980825409009,Fluo-C2DL-Huh7,02,Huh7,#2db95f
64,Cell,0,0.0,777.0,881.0,0.0,0.0,0.0,0.0,0.0,0.0,0.0,Fluo-C2DL-Huh7,02,Huh7,#2db95f
64,Cell,1,1.0,777.0,881.0,0.0,0.0,0.0,0.0,0.0,0.0,0.0,Fluo-C2DL-Huh7,02,Huh7,#2db95f
64,Cell,2,2.0,775.0,882.0,-2.0,1.0,2.23606797749979,2.23606797749979,2.23606797749979,2.23606797749979,153.43494882292202,Fluo-C2DL-Huh7,02,Huh7,#2db95f
64,Cell,3,3.0,774.0,881.0,-3.0,0.0,1.4142135623730951,3.6502815398728847,3.0,1.4142135623730951,-135.0,Fluo-C2DL-Huh7,02,Huh7,#2db95f
64,Cell,4,4.0,777.0,877.0,0.0,-4.0,5.0,8.650281539872886,4.0,5.0,-53.13010235415598,Fluo-C2DL-Huh7,02,Huh7,#2db95f
64,Cell,5,5.0,776.0,878.0,-1.0,-3.0,1.4142135623730951,10.06449510224598,3.1622776601683795,1.4142135623730951,135.0,Fluo-C2DL-Huh7,02,Huh7,#2db95f
64,Cell,6,6.0,775.0,878.0,-2.0,-3.0,1.0,11.06449510224598,3.605551275463989,1.0,180.0,Fluo-C2DL-Huh7,02,Huh7,#2db95f
64,Cell,7,7.0,774.0,877.0,-3.0,-4.0,1.4142135623730951,12.478708664619075,5.0,1.4142135623730951,-135.0,Fluo-C2DL-Huh7,02,Huh7,#2db95f
64,Cell,8,8.0,768.0,882.0,-9.0,1.0,7.810249675906654,20.28895834052573,9.055385138137416,7.810249675906654,140.19442890773482,Fluo-C2DL-Huh7,02,Huh7,#2db95f
64,Cell,9,9.0,772.0,881.0,-5.0,0.0,4.123105625617661,24.412063966143396,5.0,4.123105625617661,-14.036243467926475,Fluo-C2DL-Huh7,02,Huh7,#2db95f
64,Cell,10,10.0,772.0,881.0,-5.0,0.0,0.0,24.412063966143396,5.0,0.0,0.0,Fluo-C2DL-Huh7,02,Huh7,#2db95f
64,Cell,11,11.0,770.0,879.0,-7.0,-2.0,2.8284271247461903,27.240491090889584,7.280109889280518,2.8284271247461903,-135.0,Fluo-C2DL-Huh7,02,Huh7,#2db95f
64,Cell,12,12.0,774.0,875.0,-3.0,-6.0,5.656854249492381,32.89734534038197,6.708203932499369,5.656854249492381,-45.0,Fluo-C2DL-Huh7,02,Huh7,#2db95f
64,Cell,13,13.0,774.0,875.0,-3.0,-6.0,0.0,32.89734534038197,6.708203932499369,0.0,0.0,Fluo-C2DL-Huh7,02,Huh7,#2db95f
64,Cell,14,14.0,774.0,875.0,-3.0,-6.0,0.0,32.89734534038197,6.708203932499369,0.0,0.0,Fluo-C2DL-Huh7,02,Huh7,#2db95f
64,Cell,15,15.0,773.0,875.0,-4.0,-6.0,1.0,33.89734534038197,7.211102550927978,1.0,180.0,Fluo-C2DL-Huh7,02,Huh7,#2db95f
64,Cell,16,16.0,771.0,875.0,-6.0,-6.0,2.0,35.89734534038197,8.48528137423857,2.0,180.0,Fluo-C2DL-Huh7,02,Huh7,#2db95f
64,Cell,17,17.0,769.0,877.0,-8.0,-4.0,2.8284271247461903,38.72577246512816,8.94427190999916,2.8284271247461903,135.0,Fluo-C2DL-Huh7,02,Huh7,#2db95f
64,Cell,18,18.0,772.0,873.0,-5.0,-8.0,5.0,43.72577246512816,9.433981132056603,5.0,-53.13010235415598,Fluo-C2DL-Huh7,02,Huh7,#2db95f
64,Cell,19,19.0,774.0,866.0,-3.0,-15.0,7.280109889280518,51.00588235440868,15.297058540778355,7.280109889280518,-74.05460409907715,Fluo-C2DL-Huh7,02,Huh7,#2db95f
64,Cell,20,20.0,774.0,865.0,-3.0,-16.0,1.0,52.00588235440868,16.278820596099706,1.0,-90.0,Fluo-C2DL-Huh7,02,Huh7,#2db95f
64,Cell,21,21.0,774.0,864.0,-3.0,-17.0,1.0,53.00588235440868,17.26267650163207,1.0,-90.0,Fluo-C2DL-Huh7,02,Huh7,#2db95f
64,Cell,22,22.0,771.0,867.0,-6.0,-14.0,4.242640687119285,57.24852304152796,15.231546211727816,4.242640687119285,135.0,Fluo-C2DL-Huh7,02,Huh7,#2db95f
64,Cell,23,23.0,772.0,865.0,-5.0,-16.0,2.23606797749979,59.48459101902775,16.76305461424021,2.23606797749979,-63.43494882292201,Fluo-C2DL-Huh7,02,Huh7,#2db95f
64,Cell,24,24.0,772.0,864.0,-5.0,-17.0,1.0,60.48459101902775,17.72004514666935,1.0,-90.0,Fluo-C2DL-Huh7,02,Huh7,#2db95f
64,Cell,25,25.0,771.0,864.0,-6.0,-17.0,1.0,61.48459101902775,18.027756377319943,1.0,180.0,Fluo-C2DL-Huh7,02,Huh7,#2db95f
64,Cell,26,26.0,770.0,860.0,-7.0,-21.0,4.123105625617661,65.6076966446454,22.13594362117865,4.123105625617661,-104.0362434679265,Fluo-C2DL-Huh7,02,Huh7,#2db95f
64,Cell,27,27.0,773.0,860.0,-4.0,-21.0,3.0,68.6076966446454,21.37755832643195,3.0,0.0,Fluo-C2DL-Huh7,02,Huh7,#2db95f
64,Cell,28,28.0,775.0,855.0,-2.0,-26.0,5.385164807134504,73.9928614517799,26.0768096208106,5.385164807134504,-68.19859051364818,Fluo-C2DL-Huh7,02,Huh7,#2db95f
64,Cell,29,29.0,773.0,857.0,-4.0,-24.0,2.8284271247461903,76.82128857652609,24.33105012119288,2.8284271247461903,135.0,Fluo-C2DL-Huh7,02,Huh7,#2db95f
75,Cell,0,0.0,463.0,935.0,0.0,0.0,0.0,0.0,0.0,0.0,0.0,Fluo-C2DL-Huh7,02,Huh7,#2db95f
75,Cell,1,1.0,461.0,934.0,-2.0,-1.0,2.23606797749979,2.23606797749979,2.23606797749979,2.23606797749979,-153.43494882292202,Fluo-C2DL-Huh7,02,Huh7,#2db95f
75,Cell,2,2.0,456.0,928.0,-7.0,-7.0,7.810249675906654,10.046317653406444,9.899494936611664,7.810249675906654,-129.8055710922652,Fluo-C2DL-Huh7,02,Huh7,#2db95f
75,Cell,3,3.0,453.0,923.0,-10.0,-12.0,5.830951894845301,15.877269548251745,15.620499351813308,5.830951894845301,-120.96375653207352,Fluo-C2DL-Huh7,02,Huh7,#2db95f
75,Cell,4,4.0,455.0,924.0,-8.0,-11.0,2.23606797749979,18.113337525751533,13.601470508735444,2.23606797749979,26.56505117707799,Fluo-C2DL-Huh7,02,Huh7,#2db95f
75,Cell,5,5.0,454.0,923.0,-9.0,-12.0,1.4142135623730951,19.52755108812463,15.0,1.4142135623730951,-135.0,Fluo-C2DL-Huh7,02,Huh7,#2db95f
75,Cell,6,6.0,454.0,923.0,-9.0,-12.0,0.0,19.52755108812463,15.0,0.0,0.0,Fluo-C2DL-Huh7,02,Huh7,#2db95f
75,Cell,7,7.0,454.0,918.0,-9.0,-17.0,5.0,24.52755108812463,19.235384061671343,5.0,-90.0,Fluo-C2DL-Huh7,02,Huh7,#2db95f
75,Cell,8,8.0,455.0,919.0,-8.0,-16.0,1.4142135623730951,25.941764650497724,17.88854381999832,1.4142135623730951,45.0,Fluo-C2DL-Huh7,02,Huh7,#2db95f
75,Cell,9,9.0,455.0,918.0,-8.0,-17.0,1.0,26.941764650497724,18.788294228055936,1.0,-90.0,Fluo-C2DL-Huh7,02,Huh7,#2db95f
75,Cell,10,10.0,455.0,917.0,-8.0,-18.0,1.0,27.941764650497724,19.697715603592208,1.0,-90.0,Fluo-C2DL-Huh7,02,Huh7,#2db95f
75,Cell,11,11.0,454.0,916.0,-9.0,-19.0,1.4142135623730951,29.35597821287082,21.02379604162864,1.4142135623730951,-135.0,Fluo-C2DL-Huh7,02,Huh7,#2db95f
75,Cell,12,12.0,453.0,916.0,-10.0,-19.0,1.0,30.35597821287082,21.470910553583888,1.0,180.0,Fluo-C2DL-Huh7,02,Huh7,#2db95f
75,Cell,13,13.0,452.0,917.0,-11.0,-18.0,1.4142135623730951,31.77019177524392,21.095023109728988,1.4142135623730951,135.0,Fluo-C2DL-Huh7,02,Huh7,#2db95f
75,Cell,14,14.0,452.0,915.0,-11.0,-20.0,2.0,33.77019177524392,22.825424421026653,2.0,-90.0,Fluo-C2DL-Huh7,02,Huh7,#2db95f
75,Cell,15,15.0,453.0,915.0,-10.0,-20.0,1.0,34.77019177524392,22.360679774997894,1.0,0.0,Fluo-C2DL-Huh7,02,Huh7,#2db95f
75,Cell,16,16.0,453.0,915.0,-10.0,-20.0,0.0,34.77019177524392,22.360679774997894,0.0,0.0,Fluo-C2DL-Huh7,02,Huh7,#2db95f
75,Cell,17,17.0,453.0,915.0,-10.0,-20.0,0.0,34.77019177524392,22.360679774997894,0.0,0.0,Fluo-C2DL-Huh7,02,Huh7,#2db95f
75,Cell,18,18.0,453.0,915.0,-10.0,-20.0,0.0,34.77019177524392,22.360679774997894,0.0,0.0,Fluo-C2DL-Huh7,02,Huh7,#2db95f
75,Cell,19,19.0,453.0,915.0,-10.0,-20.0,0.0,34.77019177524392,22.360679774997894,0.0,0.0,Fluo-C2DL-Huh7,02,Huh7,#2db95f
75,Cell,20,20.0,453.0,914.0,-10.0,-21.0,1.0,35.77019177524392,23.259406699226016,1.0,-90.0,Fluo-C2DL-Huh7,02,Huh7,#2db95f
75,Cell,21,21.0,452.0,915.0,-11.0,-20.0,1.4142135623730951,37.18440533761701,22.825424421026653,1.4142135623730951,135.0,Fluo-C2DL-Huh7,02,Huh7,#2db95f
75,Cell,22,22.0,452.0,917.0,-11.0,-18.0,2.0,39.18440533761701,21.095023109728988,2.0,90.0,Fluo-C2DL-Huh7,02,Huh7,#2db95f
75,Cell,23,23.0,452.0,917.0,-11.0,-18.0,0.0,39.18440533761701,21.095023109728988,0.0,0.0,Fluo-C2DL-Huh7,02,Huh7,#2db95f
75,Cell,24,24.0,452.0,917.0,-11.0,-18.0,0.0,39.18440533761701,21.095023109728988,0.0,0.0,Fluo-C2DL-Huh7,02,Huh7,#2db95f
75,Cell,25,25.0,451.0,919.0,-12.0,-16.0,2.23606797749979,41.4204733151168,20.0,2.23606797749979,116.565051177078,Fluo-C2DL-Huh7,02,Huh7,#2db95f
75,Cell,26,26.0,449.0,917.0,-14.0,-18.0,2.8284271247461903,44.248900439862986,22.80350850198276,2.8284271247461903,-135.0,Fluo-C2DL-Huh7,02,Huh7,#2db95f
75,Cell,27,27.0,447.0,920.0,-16.0,-15.0,3.605551275463989,47.854451715326974,21.93171219946131,3.605551275463989,123.6900675259798,Fluo-C2DL-Huh7,02,Huh7,#2db95f
75,Cell,28,28.0,446.0,921.0,-17.0,-14.0,1.4142135623730951,49.26866527770007,22.02271554554524,1.4142135623730951,135.0,Fluo-C2DL-Huh7,02,Huh7,#2db95f
75,Cell,29,29.0,450.0,919.0,-13.0,-16.0,4.47213595499958,53.740801232699646,20.615528128088304,4.47213595499958,-26.56505117707799,Fluo-C2DL-Huh7,02,Huh7,#2db95f
14,Cell,0,0.0,571.0,509.0,0.0,0.0,0.0,0.0,0.0,0.0,0.0,Fluo-C2DL-Huh7,02,Huh7,#2db95f
14,Cell,1,1.0,571.0,504.0,0.0,-5.0,5.0,5.0,5.0,5.0,-90.0,Fluo-C2DL-Huh7,02,Huh7,#2db95f
14,Cell,2,2.0,571.0,504.0,0.0,-5.0,0.0,5.0,5.0,0.0,0.0,Fluo-C2DL-Huh7,02,Huh7,#2db95f
14,Cell,3,3.0,571.0,505.0,0.0,-4.0,1.0,6.0,4.0,1.0,90.0,Fluo-C2DL-Huh7,02,Huh7,#2db95f
14,Cell,4,4.0,571.0,505.0,0.0,-4.0,0.0,6.0,4.0,0.0,0.0,Fluo-C2DL-Huh7,02,Huh7,#2db95f
14,Cell,5,5.0,571.0,501.0,0.0,-8.0,4.0,10.0,8.0,4.0,-90.0,Fluo-C2DL-Huh7,02,Huh7,#2db95f
14,Cell,6,6.0,571.0,501.0,0.0,-8.0,0.0,10.0,8.0,0.0,0.0,Fluo-C2DL-Huh7,02,Huh7,#2db95f
14,Cell,7,7.0,571.0,501.0,0.0,-8.0,0.0,10.0,8.0,0.0,0.0,Fluo-C2DL-Huh7,02,Huh7,#2db95f
14,Cell,8,8.0,570.0,501.0,-1.0,-8.0,1.0,11.0,8.06225774829855,1.0,180.0,Fluo-C2DL-Huh7,02,Huh7,#2db95f
14,Cell,9,9.0,569.0,499.0,-2.0,-10.0,2.23606797749979,13.23606797749979,10.198039027185567,2.23606797749979,-116.565051177078,Fluo-C2DL-Huh7,02,Huh7,#2db95f
14,Cell,10,10.0,569.0,500.0,-2.0,-9.0,1.0,14.23606797749979,9.219544457292889,1.0,90.0,Fluo-C2DL-Huh7,02,Huh7,#2db95f
14,Cell,11,11.0,569.0,500.0,-2.0,-9.0,0.0,14.23606797749979,9.219544457292889,0.0,0.0,Fluo-C2DL-Huh7,02,Huh7,#2db95f
14,Cell,12,12.0,569.0,507.0,-2.0,-2.0,7.0,21.23606797749979,2.8284271247461903,7.0,90.0,Fluo-C2DL-Huh7,02,Huh7,#2db95f
14,Cell,13,13.0,569.0,507.0,-2.0,-2.0,0.0,21.23606797749979,2.8284271247461903,0.0,0.0,Fluo-C2DL-Huh7,02,Huh7,#2db95f
14,Cell,14,14.0,569.0,509.0,-2.0,0.0,2.0,23.23606797749979,2.0,2.0,90.0,Fluo-C2DL-Huh7,02,Huh7,#2db95f
14,Cell,15,15.0,569.0,509.0,-2.0,0.0,0.0,23.23606797749979,2.0,0.0,0.0,Fluo-C2DL-Huh7,02,Huh7,#2db95f
14,Cell,16,16.0,569.0,509.0,-2.0,0.0,0.0,23.23606797749979,2.0,0.0,0.0,Fluo-C2DL-Huh7,02,Huh7,#2db95f
14,Cell,17,17.0,568.0,503.0,-3.0,-6.0,6.082762530298219,29.31883050779801,6.708203932499369,6.082762530298219,-99.46232220802564,Fluo-C2DL-Huh7,02,Huh7,#2db95f
14,Cell,18,18.0,568.0,503.0,-3.0,-6.0,0.0,29.31883050779801,6.708203932499369,0.0,0.0,Fluo-C2DL-Huh7,02,Huh7,#2db95f
14,Cell,19,19.0,568.0,503.0,-3.0,-6.0,0.0,29.31883050779801,6.708203932499369,0.0,0.0,Fluo-C2DL-Huh7,02,Huh7,#2db95f
14,Cell,20,20.0,565.0,503.0,-6.0,-6.0,3.0,32.31883050779801,8.48528137423857,3.0,180.0,Fluo-C2DL-Huh7,02,Huh7,#2db95f
14,Cell,21,21.0,563.0,499.0,-8.0,-10.0,4.47213595499958,36.79096646279759,12.806248474865695,4.47213595499958,-116.565051177078,Fluo-C2DL-Huh7,02,Huh7,#2db95f
14,Cell,22,22.0,561.0,499.0,-10.0,-10.0,2.0,38.79096646279759,14.142135623730953,2.0,180.0,Fluo-C2DL-Huh7,02,Huh7,#2db95f
14,Cell,23,23.0,561.0,499.0,-10.0,-10.0,0.0,38.79096646279759,14.142135623730953,0.0,0.0,Fluo-C2DL-Huh7,02,Huh7,#2db95f
14,Cell,24,24.0,560.0,497.0,-11.0,-12.0,2.23606797749979,41.027034440297385,16.278820596099706,2.23606797749979,-116.565051177078,Fluo-C2DL-Huh7,02,Huh7,#2db95f
14,Cell,25,25.0,560.0,497.0,-11.0,-12.0,0.0,41.027034440297385,16.278820596099706,0.0,0.0,Fluo-C2DL-Huh7,02,Huh7,#2db95f
14,Cell,26,26.0,558.0,496.0,-13.0,-13.0,2.23606797749979,43.26310241779717,18.384776310850235,2.23606797749979,-153.43494882292202,Fluo-C2DL-Huh7,02,Huh7,#2db95f
14,Cell,27,27.0,558.0,496.0,-13.0,-13.0,0.0,43.26310241779717,18.384776310850235,0.0,0.0,Fluo-C2DL-Huh7,02,Huh7,#2db95f
14,Cell,28,28.0,556.5,489.0,-14.5,-20.0,7.158910531638177,50.42201294943535,24.70323865407125,7.158910531638177,-102.09475707701212,Fluo-C2DL-Huh7,02,Huh7,#2db95f
14,Cell,29,29.0,560.0,482.0,-11.0,-27.0,7.826237921249264,58.248250870684615,29.154759474226505,7.826237921249264,-63.43494882292201,Fluo-C2DL-Huh7,02,Huh7,#2db95f
45,Cell,0,0.0,916.0,147.0,0.0,0.0,0.0,0.0,0.0,0.0,0.0,Fluo-C2DL-Huh7,02,Huh7,#2db95f
45,Cell,1,1.0,916.0,145.0,0.0,-2.0,2.0,2.0,2.0,2.0,-90.0,Fluo-C2DL-Huh7,02,Huh7,#2db95f
45,Cell,2,2.0,915.0,144.0,-1.0,-3.0,1.4142135623730951,3.414213562373095,3.1622776601683795,1.4142135623730951,-135.0,Fluo-C2DL-Huh7,02,Huh7,#2db95f
45,Cell,3,3.0,918.0,143.0,2.0,-4.0,3.1622776601683795,6.576491222541474,4.47213595499958,3.1622776601683795,-18.43494882292201,Fluo-C2DL-Huh7,02,Huh7,#2db95f
45,Cell,4,4.0,918.0,144.0,2.0,-3.0,1.0,7.576491222541474,3.605551275463989,1.0,90.0,Fluo-C2DL-Huh7,02,Huh7,#2db95f
45,Cell,5,5.0,926.0,144.0,10.0,-3.0,8.0,15.576491222541474,10.44030650891055,8.0,0.0,Fluo-C2DL-Huh7,02,Huh7,#2db95f
45,Cell,6,6.0,926.0,143.0,10.0,-4.0,1.0,16.576491222541474,10.770329614269007,1.0,-90.0,Fluo-C2DL-Huh7,02,Huh7,#2db95f
45,Cell,7,7.0,927.0,141.0,11.0,-6.0,2.23606797749979,18.812559200041264,12.529964086141668,2.23606797749979,-63.43494882292201,Fluo-C2DL-Huh7,02,Huh7,#2db95f
45,Cell,8,8.0,926.0,139.0,10.0,-8.0,2.23606797749979,21.048627177541054,12.806248474865695,2.23606797749979,-116.565051177078,Fluo-C2DL-Huh7,02,Huh7,#2db95f
45,Cell,9,9.0,928.0,141.0,12.0,-6.0,2.8284271247461903,23.877054302287245,13.41640786499874,2.8284271247461903,45.0,Fluo-C2DL-Huh7,02,Huh7,#2db95f
45,Cell,10,10.0,928.0,141.0,12.0,-6.0,0.0,23.877054302287245,13.41640786499874,0.0,0.0,Fluo-C2DL-Huh7,02,Huh7,#2db95f
45,Cell,11,11.0,922.0,141.0,6.0,-6.0,6.0,29.877054302287245,8.48528137423857,6.0,180.0,Fluo-C2DL-Huh7,02,Huh7,#2db95f
45,Cell,12,12.0,922.0,141.0,6.0,-6.0,0.0,29.877054302287245,8.48528137423857,0.0,0.0,Fluo-C2DL-Huh7,02,Huh7,#2db95f
45,Cell,13,13.0,922.0,141.0,6.0,-6.0,0.0,29.877054302287245,8.48528137423857,0.0,0.0,Fluo-C2DL-Huh7,02,Huh7,#2db95f
45,Cell,14,14.0,920.0,138.0,4.0,-9.0,3.605551275463989,33.48260557775124,9.848857801796104,3.605551275463989,-123.6900675259798,Fluo-C2DL-Huh7,02,Huh7,#2db95f
45,Cell,15,15.0,920.0,138.0,4.0,-9.0,0.0,33.48260557775124,9.848857801796104,0.0,0.0,Fluo-C2DL-Huh7,02,Huh7,#2db95f
45,Cell,16,16.0,920.0,138.0,4.0,-9.0,0.0,33.48260557775124,9.848857801796104,0.0,0.0,Fluo-C2DL-Huh7,02,Huh7,#2db95f
45,Cell,17,17.0,920.0,138.0,4.0,-9.0,0.0,33.48260557775124,9.848857801796104,0.0,0.0,Fluo-C2DL-Huh7,02,Huh7,#2db95f
45,Cell,18,18.0,920.0,138.0,4.0,-9.0,0.0,33.48260557775124,9.848857801796104,0.0,0.0,Fluo-C2DL-Huh7,02,Huh7,#2db95f
45,Cell,19,19.0,918.0,136.0,2.0,-11.0,2.8284271247461903,36.31103270249743,11.180339887498947,2.8284271247461903,-135.0,Fluo-C2DL-Huh7,02,Huh7,#2db95f
45,Cell,20,20.0,918.0,137.0,2.0,-10.0,1.0,37.31103270249743,10.198039027185567,1.0,90.0,Fluo-C2DL-Huh7,02,Huh7,#2db95f
45,Cell,21,21.0,918.0,136.0,2.0,-11.0,1.0,38.31103270249743,11.180339887498947,1.0,-90.0,Fluo-C2DL-Huh7,02,Huh7,#2db95f
45,Cell,22,22.0,918.0,136.0,2.0,-11.0,0.0,38.31103270249743,11.180339887498947,0.0,0.0,Fluo-C2DL-Huh7,02,Huh7,#2db95f
45,Cell,23,23.0,918.0,137.0,2.0,-10.0,1.0,39.31103270249743,10.198039027185567,1.0,90.0,Fluo-C2DL-Huh7,02,Huh7,#2db95f
45,Cell,24,24.0,918.0,137.0,2.0,-10.0,0.0,39.31103270249743,10.198039027185567,0.0,0.0,Fluo-C2DL-Huh7,02,Huh7,#2db95f
45,Cell,25,25.0,918.0,137.0,2.0,-10.0,0.0,39.31103270249743,10.198039027185567,0.0,0.0,Fluo-C2DL-Huh7,02,Huh7,#2db95f
45,Cell,26,26.0,918.0,137.5,2.0,-9.5,0.5,39.81103270249743,9.7082439194738,0.5,90.0,Fluo-C2DL-Huh7,02,Huh7,#2db95f
45,Cell,27,27.0,918.0,137.0,2.0,-10.0,0.5,40.31103270249743,10.198039027185567,0.5,-90.0,Fluo-C2DL-Huh7,02,Huh7,#2db95f
45,Cell,28,28.0,918.0,137.0,2.0,-10.0,0.0,40.31103270249743,10.198039027185567,0.0,0.0,Fluo-C2DL-Huh7,02,Huh7,#2db95f
45,Cell,29,29.0,920.0,136.0,4.0,-11.0,2.23606797749979,42.547100679997214,11.704699910719626,2.23606797749979,-26.56505117707799,Fluo-C2DL-Huh7,02,Huh7,#2db95f
9,Cell,0,0.0,385.0,444.0,0.0,0.0,0.0,0.0,0.0,0.0,0.0,Fluo-C2DL-Huh7,02,Huh7,#2db95f
9,Cell,1,1.0,385.0,444.0,0.0,0.0,0.0,0.0,0.0,0.0,0.0,Fluo-C2DL-Huh7,02,Huh7,#2db95f
9,Cell,2,2.0,384.0,444.0,-1.0,0.0,1.0,1.0,1.0,1.0,180.0,Fluo-C2DL-Huh7,02,Huh7,#2db95f
9,Cell,3,3.0,384.0,444.0,-1.0,0.0,0.0,1.0,1.0,0.0,0.0,Fluo-C2DL-Huh7,02,Huh7,#2db95f
9,Cell,4,4.0,384.0,444.0,-1.0,0.0,0.0,1.0,1.0,0.0,0.0,Fluo-C2DL-Huh7,02,Huh7,#2db95f
9,Cell,5,5.0,384.0,444.0,-1.0,0.0,0.0,1.0,1.0,0.0,0.0,Fluo-C2DL-Huh7,02,Huh7,#2db95f
9,Cell,6,6.0,384.0,444.0,-1.0,0.0,0.0,1.0,1.0,0.0,0.0,Fluo-C2DL-Huh7,02,Huh7,#2db95f
9,Cell,7,7.0,384.0,444.0,-1.0,0.0,0.0,1.0,1.0,0.0,0.0,Fluo-C2DL-Huh7,02,Huh7,#2db95f
9,Cell,8,8.0,384.0,444.0,-1.0,0.0,0.0,1.0,1.0,0.0,0.0,Fluo-C2DL-Huh7,02,Huh7,#2db95f
9,Cell,9,9.0,384.0,444.0,-1.0,0.0,0.0,1.0,1.0,0.0,0.0,Fluo-C2DL-Huh7,02,Huh7,#2db95f
9,Cell,10,10.0,384.0,444.0,-1.0,0.0,0.0,1.0,1.0,0.0,0.0,Fluo-C2DL-Huh7,02,Huh7,#2db95f
9,Cell,11,11.0,384.0,444.0,-1.0,0.0,0.0,1.0,1.0,0.0,0.0,Fluo-C2DL-Huh7,02,Huh7,#2db95f
9,Cell,12,12.0,384.0,444.0,-1.0,0.0,0.0,1.0,1.0,0.0,0.0,Fluo-C2DL-Huh7,02,Huh7,#2db95f
9,Cell,13,13.0,385.0,452.0,0.0,8.0,8.06225774829855,9.06225774829855,8.0,8.06225774829855,82.87498365109819,Fluo-C2DL-Huh7,02,Huh7,#2db95f
9,Cell,14,14.0,385.0,449.0,0.0,5.0,3.0,12.06225774829855,5.0,3.0,-90.0,Fluo-C2DL-Huh7,02,Huh7,#2db95f
9,Cell,15,15.0,385.0,449.0,0.0,5.0,0.0,12.06225774829855,5.0,0.0,0.0,Fluo-C2DL-Huh7,02,Huh7,#2db95f
9,Cell,16,16.0,385.0,449.0,0.0,5.0,0.0,12.06225774829855,5.0,0.0,0.0,Fluo-C2DL-Huh7,02,Huh7,#2db95f
9,Cell,17,17.0,385.0,450.0,0.0,6.0,1.0,13.06225774829855,6.0,1.0,90.0,Fluo-C2DL-Huh7,02,Huh7,#2db95f
9,Cell,18,18.0,385.0,450.0,0.0,6.0,0.0,13.06225774829855,6.0,0.0,0.0,Fluo-C2DL-Huh7,02,Huh7,#2db95f
9,Cell,19,19.0,384.0,451.0,-1.0,7.0,1.4142135623730951,14.476471310671643,7.071067811865476,1.4142135623730951,135.0,Fluo-C2DL-Huh7,02,Huh7,#2db95f
9,Cell,20,20.0,384.0,451.0,-1.0,7.0,0.0,14.476471310671643,7.071067811865476,0.0,0.0,Fluo-C2DL-Huh7,02,Huh7,#2db95f
9,Cell,21,21.0,383.0,454.0,-2.0,10.0,3.1622776601683795,17.638748970840023,10.198039027185567,3.1622776601683795,108.434948822922,Fluo-C2DL-Huh7,02,Huh7,#2db95f
9,Cell,22,22.0,384.0,455.0,-1.0,11.0,1.4142135623730951,19.05296253321312,11.04536101718726,1.4142135623730951,45.0,Fluo-C2DL-Huh7,02,Huh7,#2db95f
9,Cell,23,23.0,384.0,455.0,-1.0,11.0,0.0,19.05296253321312,11.04536101718726,0.0,0.0,Fluo-C2DL-Huh7,02,Huh7,#2db95f
9,Cell,24,24.0,384.0,455.0,-1.0,11.0,0.0,19.05296253321312,11.04536101718726,0.0,0.0,Fluo-C2DL-Huh7,02,Huh7,#2db95f
9,Cell,25,25.0,384.0,455.0,-1.0,11.0,0.0,19.05296253321312,11.04536101718726,0.0,0.0,Fluo-C2DL-Huh7,02,Huh7,#2db95f
9,Cell,26,26.0,379.0,454.0,-6.0,10.0,5.0990195135927845,24.151982046805905,11.6619037896906,5.0990195135927845,-168.6900675259798,Fluo-C2DL-Huh7,02,Huh7,#2db95f
9,Cell,27,27.0,379.0,454.0,-6.0,10.0,0.0,24.151982046805905,11.6619037896906,0.0,0.0,Fluo-C2DL-Huh7,02,Huh7,#2db95f
9,Cell,28,28.0,379.0,454.0,-6.0,10.0,0.0,24.151982046805905,11.6619037896906,0.0,0.0,Fluo-C2DL-Huh7,02,Huh7,#2db95f
9,Cell,29,29.0,379.0,454.0,-6.0,10.0,0.0,24.151982046805905,11.6619037896906,0.0,0.0,Fluo-C2DL-Huh7,02,Huh7,#2db95f
11,Cell,0,0.0,466.0,453.0,0.0,0.0,0.0,0.0,0.0,0.0,0.0,Fluo-C2DL-Huh7,02,Huh7,#2db95f
11,Cell,1,1.0,466.0,453.0,0.0,0.0,0.0,0.0,0.0,0.0,0.0,Fluo-C2DL-Huh7,02,Huh7,#2db95f
11,Cell,2,2.0,466.0,453.0,0.0,0.0,0.0,0.0,0.0,0.0,0.0,Fluo-C2DL-Huh7,02,Huh7,#2db95f
11,Cell,3,3.0,466.0,453.0,0.0,0.0,0.0,0.0,0.0,0.0,0.0,Fluo-C2DL-Huh7,02,Huh7,#2db95f
11,Cell,4,4.0,466.0,453.0,0.0,0.0,0.0,0.0,0.0,0.0,0.0,Fluo-C2DL-Huh7,02,Huh7,#2db95f
11,Cell,5,5.0,466.0,453.0,0.0,0.0,0.0,0.0,0.0,0.0,0.0,Fluo-C2DL-Huh7,02,Huh7,#2db95f
11,Cell,6,6.0,466.0,453.0,0.0,0.0,0.0,0.0,0.0,0.0,0.0,Fluo-C2DL-Huh7,02,Huh7,#2db95f
11,Cell,7,7.0,466.0,453.0,0.0,0.0,0.0,0.0,0.0,0.0,0.0,Fluo-C2DL-Huh7,02,Huh7,#2db95f
11,Cell,8,8.0,466.0,453.0,0.0,0.0,0.0,0.0,0.0,0.0,0.0,Fluo-C2DL-Huh7,02,Huh7,#2db95f
11,Cell,9,9.0,466.0,453.0,0.0,0.0,0.0,0.0,0.0,0.0,0.0,Fluo-C2DL-Huh7,02,Huh7,#2db95f
11,Cell,10,10.0,466.0,453.0,0.0,0.0,0.0,0.0,0.0,0.0,0.0,Fluo-C2DL-Huh7,02,Huh7,#2db95f
11,Cell,11,11.0,466.0,453.0,0.0,0.0,0.0,0.0,0.0,0.0,0.0,Fluo-C2DL-Huh7,02,Huh7,#2db95f
11,Cell,12,12.0,466.0,453.0,0.0,0.0,0.0,0.0,0.0,0.0,0.0,Fluo-C2DL-Huh7,02,Huh7,#2db95f
11,Cell,13,13.0,466.0,453.0,0.0,0.0,0.0,0.0,0.0,0.0,0.0,Fluo-C2DL-Huh7,02,Huh7,#2db95f
11,Cell,14,14.0,465.0,451.0,-1.0,-2.0,2.23606797749979,2.23606797749979,2.23606797749979,2.23606797749979,-116.565051177078,Fluo-C2DL-Huh7,02,Huh7,#2db95f
11,Cell,15,15.0,465.0,451.0,-1.0,-2.0,0.0,2.23606797749979,2.23606797749979,0.0,0.0,Fluo-C2DL-Huh7,02,Huh7,#2db95f
11,Cell,16,16.0,465.0,451.0,-1.0,-2.0,0.0,2.23606797749979,2.23606797749979,0.0,0.0,Fluo-C2DL-Huh7,02,Huh7,#2db95f
11,Cell,17,17.0,465.0,451.0,-1.0,-2.0,0.0,2.23606797749979,2.23606797749979,0.0,0.0,Fluo-C2DL-Huh7,02,Huh7,#2db95f
11,Cell,18,18.0,465.0,450.0,-1.0,-3.0,1.0,3.23606797749979,3.1622776601683795,1.0,-90.0,Fluo-C2DL-Huh7,02,Huh7,#2db95f
11,Cell,19,19.0,465.0,450.0,-1.0,-3.0,0.0,3.23606797749979,3.1622776601683795,0.0,0.0,Fluo-C2DL-Huh7,02,Huh7,#2db95f
11,Cell,20,20.0,465.0,450.0,-1.0,-3.0,0.0,3.23606797749979,3.1622776601683795,0.0,0.0,Fluo-C2DL-Huh7,02,Huh7,#2db95f
11,Cell,21,21.0,466.0,450.0,0.0,-3.0,1.0,4.23606797749979,3.0,1.0,0.0,Fluo-C2DL-Huh7,02,Huh7,#2db95f
11,Cell,22,22.0,467.0,449.0,1.0,-4.0,1.4142135623730951,5.650281539872885,4.123105625617661,1.4142135623730951,-45.0,Fluo-C2DL-Huh7,02,Huh7,#2db95f
11,Cell,23,23.0,469.0,447.0,3.0,-6.0,2.8284271247461903,8.478708664619075,6.708203932499369,2.8284271247461903,-45.0,Fluo-C2DL-Huh7,02,Huh7,#2db95f
11,Cell,24,24.0,469.0,447.0,3.0,-6.0,0.0,8.478708664619075,6.708203932499369,0.0,0.0,Fluo-C2DL-Huh7,02,Huh7,#2db95f
11,Cell,25,25.0,465.0,449.0,-1.0,-4.0,4.47213595499958,12.950844619618657,4.123105625617661,4.47213595499958,153.43494882292202,Fluo-C2DL-Huh7,02,Huh7,#2db95f
11,Cell,26,26.0,465.0,449.0,-1.0,-4.0,0.0,12.950844619618657,4.123105625617661,0.0,0.0,Fluo-C2DL-Huh7,02,Huh7,#2db95f
11,Cell,27,27.0,463.0,453.0,-3.0,0.0,4.47213595499958,17.422980574618236,3.0,4.47213595499958,116.565051177078,Fluo-C2DL-Huh7,02,Huh7,#2db95f
11,Cell,28,28.0,470.0,449.0,4.0,-4.0,8.06225774829855,25.485238322916786,5.656854249492381,8.06225774829855,-29.744881296942225,Fluo-C2DL-Huh7,02,Huh7,#2db95f
11,Cell,29,29.0,469.0,452.0,3.0,-1.0,3.1622776601683795,28.647515983085164,3.1622776601683795,3.1622776601683795,108.434948822922,Fluo-C2DL-Huh7,02,Huh7,#2db95f
43,Cell,0,0.0,182.0,898.0,0.0,0.0,0.0,0.0,0.0,0.0,0.0,Fluo-C2DL-Huh7,02,Huh7,#2db95f
43,Cell,1,1.0,184.0,894.0,2.0,-4.0,4.47213595499958,4.47213595499958,4.47213595499958,4.47213595499958,-63.43494882292201,Fluo-C2DL-Huh7,02,Huh7,#2db95f
43,Cell,2,2.0,185.0,894.0,3.0,-4.0,1.0,5.47213595499958,5.0,1.0,0.0,Fluo-C2DL-Huh7,02,Huh7,#2db95f
43,Cell,3,3.0,186.0,894.0,4.0,-4.0,1.0,6.47213595499958,5.656854249492381,1.0,0.0,Fluo-C2DL-Huh7,02,Huh7,#2db95f
43,Cell,4,4.0,189.0,897.0,7.0,-1.0,4.242640687119285,10.714776642118863,7.071067811865476,4.242640687119285,45.0,Fluo-C2DL-Huh7,02,Huh7,#2db95f
43,Cell,5,5.0,191.0,894.0,9.0,-4.0,3.605551275463989,14.320327917582851,9.848857801796104,3.605551275463989,-56.309932474020215,Fluo-C2DL-Huh7,02,Huh7,#2db95f
43,Cell,6,6.0,195.0,891.0,13.0,-7.0,5.0,19.32032791758285,14.7648230602334,5.0,-36.86989764584402,Fluo-C2DL-Huh7,02,Huh7,#2db95f
43,Cell,7,7.0,195.0,891.0,13.0,-7.0,0.0,19.32032791758285,14.7648230602334,0.0,0.0,Fluo-C2DL-Huh7,02,Huh7,#2db95f
43,Cell,8,8.0,198.0,891.0,16.0,-7.0,3.0,22.32032791758285,17.46424919657298,3.0,0.0,Fluo-C2DL-Huh7,02,Huh7,#2db95f
43,Cell,9,9.0,198.0,891.0,16.0,-7.0,0.0,22.32032791758285,17.46424919657298,0.0,0.0,Fluo-C2DL-Huh7,02,Huh7,#2db95f
43,Cell,10,10.0,205.0,895.0,23.0,-3.0,8.06225774829855,30.3825856658814,23.194827009486403,8.06225774829855,29.744881296942225,Fluo-C2DL-Huh7,02,Huh7,#2db95f
43,Cell,11,11.0,211.0,894.0,29.0,-4.0,6.082762530298219,36.46534819617962,29.27456233660889,6.082762530298219,-9.462322208025617,Fluo-C2DL-Huh7,02,Huh7,#2db95f
43,Cell,12,12.0,209.0,894.0,27.0,-4.0,2.0,38.46534819617962,27.29468812791236,2.0,180.0,Fluo-C2DL-Huh7,02,Huh7,#2db95f
43,Cell,13,13.0,209.0,894.0,27.0,-4.0,0.0,38.46534819617962,27.29468812791236,0.0,0.0,Fluo-C2DL-Huh7,02,Huh7,#2db95f
43,Cell,14,14.0,210.0,891.0,28.0,-7.0,3.1622776601683795,41.627625856348,28.861739379323623,3.1622776601683795,-71.56505117707799,Fluo-C2DL-Huh7,02,Huh7,#2db95f
43,Cell,15,15.0,211.0,889.0,29.0,-9.0,2.23606797749979,43.86369383384779,30.364452901377952,2.23606797749979,-63.43494882292201,Fluo-C2DL-Huh7,02,Huh7,#2db95f
43,Cell,16,16.0,211.0,886.0,29.0,-12.0,3.0,46.86369383384779,31.38470965295043,3.0,-90.0,Fluo-C2DL-Huh7,02,Huh7,#2db95f
43,Cell,17,17.0,211.0,886.0,29.0,-12.0,0.0,46.86369383384779,31.38470965295043,0.0,0.0,Fluo-C2DL-Huh7,02,Huh7,#2db95f
43,Cell,18,18.0,211.0,886.0,29.0,-12.0,0.0,46.86369383384779,31.38470965295043,0.0,0.0,Fluo-C2DL-Huh7,02,Huh7,#2db95f
43,Cell,19,19.0,211.0,884.0,29.0,-14.0,2.0,48.86369383384779,32.202484376209235,2.0,-90.0,Fluo-C2DL-Huh7,02,Huh7,#2db95f
43,Cell,20,20.0,211.0,884.0,29.0,-14.0,0.0,48.86369383384779,32.202484376209235,0.0,0.0,Fluo-C2DL-Huh7,02,Huh7,#2db95f
43,Cell,21,21.0,210.0,882.0,28.0,-16.0,2.23606797749979,51.09976181134758,32.2490309931942,2.23606797749979,-116.565051177078,Fluo-C2DL-Huh7,02,Huh7,#2db95f
43,Cell,22,22.0,210.0,885.0,28.0,-13.0,3.0,54.09976181134758,30.870698080866266,3.0,90.0,Fluo-C2DL-Huh7,02,Huh7,#2db95f
43,Cell,23,23.0,211.0,885.0,29.0,-13.0,1.0,55.09976181134758,31.78049716414141,1.0,0.0,Fluo-C2DL-Huh7,02,Huh7,#2db95f
43,Cell,24,24.0,211.0,884.0,29.0,-14.0,1.0,56.09976181134758,32.202484376209235,1.0,-90.0,Fluo-C2DL-Huh7,02,Huh7,#2db95f
43,Cell,25,25.0,212.0,884.0,30.0,-14.0,1.0,57.09976181134758,33.1058907144937,1.0,0.0,Fluo-C2DL-Huh7,02,Huh7,#2db95f
43,Cell,26,26.0,212.0,884.0,30.0,-14.0,0.0,57.09976181134758,33.1058907144937,0.0,0.0,Fluo-C2DL-Huh7,02,Huh7,#2db95f
43,Cell,27,27.0,212.0,882.0,30.0,-16.0,2.0,59.09976181134758,34.0,2.0,-90.0,Fluo-C2DL-Huh7,02,Huh7,#2db95f
43,Cell,28,28.0,215.0,881.0,33.0,-17.0,3.1622776601683795,62.26203947151596,37.12142238654117,3.1622776601683795,-18.43494882292201,Fluo-C2DL-Huh7,02,Huh7,#2db95f
43,Cell,29,29.0,217.0,881.0,35.0,-17.0,2.0,64.26203947151595,38.91015291668744,2.0,0.0,Fluo-C2DL-Huh7,02,Huh7,#2db95f
47,Cell,0,0.0,994.0,297.5,0.0,0.0,0.0,0.0,0.0,0.0,0.0,Fluo-C2DL-Huh7,02,Huh7,#2db95f
47,Cell,1,1.0,990.0,301.0,-4.0,3.5,5.315072906367325,5.315072906367325,5.315072906367325,5.315072906367325,138.81407483429035,Fluo-C2DL-Huh7,02,Huh7,#2db95f
47,Cell,2,2.0,990.0,309.0,-4.0,11.5,8.0,13.315072906367323,12.17579566188592,8.0,90.0,Fluo-C2DL-Huh7,02,Huh7,#2db95f
47,Cell,3,3.0,988.0,310.0,-6.0,12.5,2.23606797749979,15.551140883867117,13.865424623862047,2.23606797749979,153.43494882292202,Fluo-C2DL-Huh7,02,Huh7,#2db95f
47,Cell,4,4.0,987.0,312.0,-7.0,14.5,2.23606797749979,17.787208861366906,16.101242188104617,2.23606797749979,116.565051177078,Fluo-C2DL-Huh7,02,Huh7,#2db95f
47,Cell,5,5.0,987.0,312.0,-7.0,14.5,0.0,17.787208861366906,16.101242188104617,0.0,0.0,Fluo-C2DL-Huh7,02,Huh7,#2db95f
47,Cell,6,6.0,990.0,310.0,-4.0,12.5,3.605551275463989,21.39276013683089,13.124404748406688,3.605551275463989,-33.690067525979785,Fluo-C2DL-Huh7,02,Huh7,#2db95f
47,Cell,7,7.0,990.0,310.0,-4.0,12.5,0.0,21.39276013683089,13.124404748406688,0.0,0.0,Fluo-C2DL-Huh7,02,Huh7,#2db95f
47,Cell,8,8.0,990.0,310.0,-4.0,12.5,0.0,21.39276013683089,13.124404748406688,0.0,0.0,Fluo-C2DL-Huh7,02,Huh7,#2db95f
47,Cell,9,9.0,994.0,314.0,0.0,16.5,5.656854249492381,27.049614386323277,16.5,5.656854249492381,45.0,Fluo-C2DL-Huh7,02,Huh7,#2db95f
47,Cell,10,10.0,994.0,316.0,0.0,18.5,2.0,29.049614386323277,18.5,2.0,90.0,Fluo-C2DL-Huh7,02,Huh7,#2db95f
47,Cell,11,11.0,994.0,317.5,0.0,20.0,1.5,30.549614386323277,20.0,1.5,90.0,Fluo-C2DL-Huh7,02,Huh7,#2db95f
47,Cell,12,12.0,994.0,320.0,0.0,22.5,2.5,33.04961438632327,22.5,2.5,90.0,Fluo-C2DL-Huh7,02,Huh7,#2db95f
47,Cell,13,13.0,994.0,320.0,0.0,22.5,0.0,33.04961438632327,22.5,0.0,0.0,Fluo-C2DL-Huh7,02,Huh7,#2db95f
47,Cell,14,14.0,994.0,320.0,0.0,22.5,0.0,33.04961438632327,22.5,0.0,0.0,Fluo-C2DL-Huh7,02,Huh7,#2db95f
47,Cell,15,15.0,991.0,328.0,-3.0,30.5,8.54400374531753,41.5936181316408,30.64718584144391,8.54400374531753,110.55604521958348,Fluo-C2DL-Huh7,02,Huh7,#2db95f
47,Cell,16,16.0,989.0,331.0,-5.0,33.5,3.605551275463989,45.19916940710479,33.8710791088799,3.605551275463989,123.6900675259798,Fluo-C2DL-Huh7,02,Huh7,#2db95f
47,Cell,17,17.0,989.0,334.0,-5.0,36.5,3.0,48.19916940710479,36.840874039577294,3.0,90.0,Fluo-C2DL-Huh7,02,Huh7,#2db95f
47,Cell,18,18.0,989.0,334.0,-5.0,36.5,0.0,48.19916940710479,36.840874039577294,0.0,0.0,Fluo-C2DL-Huh7,02,Huh7,#2db95f
47,Cell,19,19.0,986.0,334.0,-8.0,36.5,3.0,51.19916940710479,37.36642878306676,3.0,180.0,Fluo-C2DL-Huh7,02,Huh7,#2db95f
47,Cell,20,20.0,986.0,334.0,-8.0,36.5,0.0,51.19916940710479,37.36642878306676,0.0,0.0,Fluo-C2DL-Huh7,02,Huh7,#2db95f
47,Cell,21,21.0,986.0,334.0,-8.0,36.5,0.0,51.19916940710479,37.36642878306676,0.0,0.0,Fluo-C2DL-Huh7,02,Huh7,#2db95f
47,Cell,22,22.0,987.0,335.0,-7.0,37.5,1.4142135623730951,52.61338296947788,38.14773912042495,1.4142135623730951,45.0,Fluo-C2DL-Huh7,02,Huh7,#2db95f
47,Cell,23,23.0,993.0,333.0,-1.0,35.5,6.324555320336759,58.93793828981464,35.51408171415952,6.324555320336759,-18.43494882292201,Fluo-C2DL-Huh7,02,Huh7,#2db95f
47,Cell,24,24.0,993.0,333.0,-1.0,35.5,0.0,58.93793828981464,35.51408171415952,0.0,0.0,Fluo-C2DL-Huh7,02,Huh7,#2db95f
47,Cell,25,25.0,993.0,333.0,-1.0,35.5,0.0,58.93793828981464,35.51408171415952,0.0,0.0,Fluo-C2DL-Huh7,02,Huh7,#2db95f
47,Cell,26,26.0,995.0,329.0,1.0,31.5,4.47213595499958,63.41007424481422,31.51586901863885,4.47213595499958,-63.43494882292201,Fluo-C2DL-Huh7,02,Huh7,#2db95f
47,Cell,27,27.0,997.0,329.0,3.0,31.5,2.0,65.41007424481421,31.64253466459348,2.0,0.0,Fluo-C2DL-Huh7,02,Huh7,#2db95f
47,Cell,28,28.0,999.0,329.0,5.0,31.5,2.0,67.41007424481421,31.894356867634123,2.0,0.0,Fluo-C2DL-Huh7,02,Huh7,#2db95f
47,Cell,29,29.0,999.0,328.0,5.0,30.5,1.0,68.41007424481421,30.907118921051183,1.0,-90.0,Fluo-C2DL-Huh7,02,Huh7,#2db95f
46,Cell,0,0.0,968.0,70.0,0.0,0.0,0.0,0.0,0.0,0.0,0.0,Fluo-C2DL-Huh7,02,Huh7,#2db95f
46,Cell,1,1.0,961.0,69.0,-7.0,-1.0,7.071067811865476,7.071067811865476,7.071067811865476,7.071067811865476,-171.86989764584402,Fluo-C2DL-Huh7,02,Huh7,#2db95f
46,Cell,2,2.0,962.0,69.0,-6.0,-1.0,1.0,8.071067811865476,6.082762530298219,1.0,0.0,Fluo-C2DL-Huh7,02,Huh7,#2db95f
46,Cell,3,3.0,961.0,72.0,-7.0,2.0,3.1622776601683795,11.233345472033855,7.280109889280518,3.1622776601683795,108.434948822922,Fluo-C2DL-Huh7,02,Huh7,#2db95f
46,Cell,4,4.0,958.0,74.0,-10.0,4.0,3.605551275463989,14.838896747497843,10.770329614269007,3.605551275463989,146.30993247402023,Fluo-C2DL-Huh7,02,Huh7,#2db95f
46,Cell,5,5.0,959.0,73.0,-9.0,3.0,1.4142135623730951,16.25311030987094,9.486832980505138,1.4142135623730951,-45.0,Fluo-C2DL-Huh7,02,Huh7,#2db95f
46,Cell,6,6.0,960.0,75.0,-8.0,5.0,2.23606797749979,18.48917828737073,9.433981132056603,2.23606797749979,63.43494882292201,Fluo-C2DL-Huh7,02,Huh7,#2db95f
46,Cell,7,7.0,962.0,71.0,-6.0,1.0,4.47213595499958,22.96131424237031,6.082762530298219,4.47213595499958,-63.43494882292201,Fluo-C2DL-Huh7,02,Huh7,#2db95f
46,Cell,8,8.0,963.0,65.0,-5.0,-5.0,6.082762530298219,29.04407677266853,7.071067811865476,6.082762530298219,-80.53767779197439,Fluo-C2DL-Huh7,02,Huh7,#2db95f
46,Cell,9,9.0,963.0,64.0,-5.0,-6.0,1.0,30.04407677266853,7.810249675906654,1.0,-90.0,Fluo-C2DL-Huh7,02,Huh7,#2db95f
46,Cell,10,10.0,960.0,64.0,-8.0,-6.0,3.0,33.04407677266853,10.0,3.0,180.0,Fluo-C2DL-Huh7,02,Huh7,#2db95f
46,Cell,11,11.0,961.0,63.0,-7.0,-7.0,1.4142135623730951,34.458290335041625,9.899494936611664,1.4142135623730951,-45.0,Fluo-C2DL-Huh7,02,Huh7,#2db95f
46,Cell,12,12.0,961.0,65.0,-7.0,-5.0,2.0,36.458290335041625,8.602325267042627,2.0,90.0,Fluo-C2DL-Huh7,02,Huh7,#2db95f
46,Cell,13,13.0,959.0,64.0,-9.0,-6.0,2.23606797749979,38.69435831254141,10.816653826391969,2.23606797749979,-153.43494882292202,Fluo-C2DL-Huh7,02,Huh7,#2db95f
46,Cell,14,14.0,957.0,69.0,-11.0,-1.0,5.385164807134504,44.07952311967591,11.04536101718726,5.385164807134504,111.80140948635182,Fluo-C2DL-Huh7,02,Huh7,#2db95f
46,Cell,15,15.0,959.0,67.0,-9.0,-3.0,2.8284271247461903,46.9079502444221,9.486832980505138,2.8284271247461903,-45.0,Fluo-C2DL-Huh7,02,Huh7,#2db95f
46,Cell,16,16.0,959.0,68.0,-9.0,-2.0,1.0,47.9079502444221,9.219544457292889,1.0,90.0,Fluo-C2DL-Huh7,02,Huh7,#2db95f
46,Cell,17,17.0,959.0,69.0,-9.0,-1.0,1.0,48.9079502444221,9.055385138137416,1.0,90.0,Fluo-C2DL-Huh7,02,Huh7,#2db95f
46,Cell,18,18.0,960.0,68.0,-8.0,-2.0,1.4142135623730951,50.3221638067952,8.246211251235321,1.4142135623730951,-45.0,Fluo-C2DL-Huh7,02,Huh7,#2db95f
46,Cell,19,19.0,960.0,69.0,-8.0,-1.0,1.0,51.3221638067952,8.06225774829855,1.0,90.0,Fluo-C2DL-Huh7,02,Huh7,#2db95f
46,Cell,20,20.0,958.0,69.0,-10.0,-1.0,2.0,53.3221638067952,10.04987562112089,2.0,180.0,Fluo-C2DL-Huh7,02,Huh7,#2db95f
46,Cell,21,21.0,958.0,73.0,-10.0,3.0,4.0,57.3221638067952,10.44030650891055,4.0,90.0,Fluo-C2DL-Huh7,02,Huh7,#2db95f
46,Cell,22,22.0,958.0,73.0,-10.0,3.0,0.0,57.3221638067952,10.44030650891055,0.0,0.0,Fluo-C2DL-Huh7,02,Huh7,#2db95f
46,Cell,23,23.0,958.0,71.0,-10.0,1.0,2.0,59.3221638067952,10.04987562112089,2.0,-90.0,Fluo-C2DL-Huh7,02,Huh7,#2db95f
46,Cell,24,24.0,958.0,71.0,-10.0,1.0,0.0,59.3221638067952,10.04987562112089,0.0,0.0,Fluo-C2DL-Huh7,02,Huh7,#2db95f
46,Cell,25,25.0,958.0,67.0,-10.0,-3.0,4.0,63.3221638067952,10.44030650891055,4.0,-90.0,Fluo-C2DL-Huh7,02,Huh7,#2db95f
46,Cell,26,26.0,958.0,69.0,-10.0,-1.0,2.0,65.3221638067952,10.04987562112089,2.0,90.0,Fluo-C2DL-Huh7,02,Huh7,#2db95f
46,Cell,27,27.0,957.0,69.0,-11.0,-1.0,1.0,66.3221638067952,11.04536101718726,1.0,180.0,Fluo-C2DL-Huh7,02,Huh7,#2db95f
46,Cell,28,28.0,957.0,69.0,-11.0,-1.0,0.0,66.3221638067952,11.04536101718726,0.0,0.0,Fluo-C2DL-Huh7,02,Huh7,#2db95f
46,Cell,29,29.0,952.0,76.0,-16.0,6.0,8.602325267042627,74.92448907383783,17.08800749063506,8.602325267042627,125.5376777919744,Fluo-C2DL-Huh7,02,Huh7,#2db95f
7,Cell,0,0.0,131.0,402.0,0.0,0.0,0.0,0.0,0.0,0.0,0.0,Fluo-C2DL-Huh7,02,Huh7,#2db95f
7,Cell,1,1.0,131.0,402.0,0.0,0.0,0.0,0.0,0.0,0.0,0.0,Fluo-C2DL-Huh7,02,Huh7,#2db95f
7,Cell,2,2.0,131.0,402.0,0.0,0.0,0.0,0.0,0.0,0.0,0.0,Fluo-C2DL-Huh7,02,Huh7,#2db95f
7,Cell,3,3.0,129.0,411.0,-2.0,9.0,9.219544457292889,9.219544457292889,9.219544457292889,9.219544457292889,102.52880770915152,Fluo-C2DL-Huh7,02,Huh7,#2db95f
7,Cell,4,4.0,129.0,411.0,-2.0,9.0,0.0,9.219544457292889,9.219544457292889,0.0,0.0,Fluo-C2DL-Huh7,02,Huh7,#2db95f
7,Cell,5,5.0,129.0,411.0,-2.0,9.0,0.0,9.219544457292889,9.219544457292889,0.0,0.0,Fluo-C2DL-Huh7,02,Huh7,#2db95f
7,Cell,6,6.0,128.0,410.0,-3.0,8.0,1.4142135623730951,10.633758019665985,8.54400374531753,1.4142135623730951,-135.0,Fluo-C2DL-Huh7,02,Huh7,#2db95f
7,Cell,7,7.0,128.0,410.0,-3.0,8.0,0.0,10.633758019665985,8.54400374531753,0.0,0.0,Fluo-C2DL-Huh7,02,Huh7,#2db95f
7,Cell,8,8.0,128.0,410.0,-3.0,8.0,0.0,10.633758019665985,8.54400374531753,0.0,0.0,Fluo-C2DL-Huh7,02,Huh7,#2db95f
7,Cell,9,9.0,124.0,408.0,-7.0,6.0,4.47213595499958,15.105893974665562,9.219544457292889,4.47213595499958,-153.43494882292202,Fluo-C2DL-Huh7,02,Huh7,#2db95f
7,Cell,10,10.0,121.0,407.0,-10.0,5.0,3.1622776601683795,18.26817163483394,11.180339887498947,3.1622776601683795,-161.56505117707798,Fluo-C2DL-Huh7,02,Huh7,#2db95f
7,Cell,11,11.0,121.0,407.0,-10.0,5.0,0.0,18.26817163483394,11.180339887498947,0.0,0.0,Fluo-C2DL-Huh7,02,Huh7,#2db95f
7,Cell,12,12.0,120.0,409.0,-11.0,7.0,2.23606797749979,20.50423961233373,13.038404810405298,2.23606797749979,116.565051177078,Fluo-C2DL-Huh7,02,Huh7,#2db95f
7,Cell,13,13.0,120.0,409.0,-11.0,7.0,0.0,20.50423961233373,13.038404810405298,0.0,0.0,Fluo-C2DL-Huh7,02,Huh7,#2db95f
7,Cell,14,14.0,118.0,410.0,-13.0,8.0,2.23606797749979,22.74030758983352,15.264337522473747,2.23606797749979,153.43494882292202,Fluo-C2DL-Huh7,02,Huh7,#2db95f
7,Cell,15,15.0,118.0,410.0,-13.0,8.0,0.0,22.74030758983352,15.264337522473747,0.0,0.0,Fluo-C2DL-Huh7,02,Huh7,#2db95f
7,Cell,16,16.0,114.0,413.0,-17.0,11.0,5.0,27.74030758983352,20.248456731316587,5.0,143.13010235415598,Fluo-C2DL-Huh7,02,Huh7,#2db95f
7,Cell,17,17.0,114.0,413.0,-17.0,11.0,0.0,27.74030758983352,20.248456731316587,0.0,0.0,Fluo-C2DL-Huh7,02,Huh7,#2db95f
7,Cell,18,18.0,114.0,413.0,-17.0,11.0,0.0,27.74030758983352,20.248456731316587,0.0,0.0,Fluo-C2DL-Huh7,02,Huh7,#2db95f
7,Cell,19,19.0,114.0,413.0,-17.0,11.0,0.0,27.74030758983352,20.248456731316587,0.0,0.0,Fluo-C2DL-Huh7,02,Huh7,#2db95f
7,Cell,20,20.0,114.0,413.0,-17.0,11.0,0.0,27.74030758983352,20.248456731316587,0.0,0.0,Fluo-C2DL-Huh7,02,Huh7,#2db95f
7,Cell,21,21.0,114.0,413.0,-17.0,11.0,0.0,27.74030758983352,20.248456731316587,0.0,0.0,Fluo-C2DL-Huh7,02,Huh7,#2db95f
7,Cell,22,22.0,114.0,413.0,-17.0,11.0,0.0,27.74030758983352,20.248456731316587,0.0,0.0,Fluo-C2DL-Huh7,02,Huh7,#2db95f
7,Cell,23,23.0,114.0,413.0,-17.0,11.0,0.0,27.74030758983352,20.248456731316587,0.0,0.0,Fluo-C2DL-Huh7,02,Huh7,#2db95f
7,Cell,24,24.0,114.0,413.0,-17.0,11.0,0.0,27.74030758983352,20.248456731316587,0.0,0.0,Fluo-C2DL-Huh7,02,Huh7,#2db95f
7,Cell,25,25.0,114.0,413.0,-17.0,11.0,0.0,27.74030758983352,20.248456731316587,0.0,0.0,Fluo-C2DL-Huh7,02,Huh7,#2db95f
7,Cell,26,26.0,114.0,413.0,-17.0,11.0,0.0,27.74030758983352,20.248456731316587,0.0,0.0,Fluo-C2DL-Huh7,02,Huh7,#2db95f
7,Cell,27,27.0,114.0,413.0,-17.0,11.0,0.0,27.74030758983352,20.248456731316587,0.0,0.0,Fluo-C2DL-Huh7,02,Huh7,#2db95f
7,Cell,28,28.0,114.0,413.0,-17.0,11.0,0.0,27.74030758983352,20.248456731316587,0.0,0.0,Fluo-C2DL-Huh7,02,Huh7,#2db95f
7,Cell,29,29.0,114.0,413.0,-17.0,11.0,0.0,27.74030758983352,20.248456731316587,0.0,0.0,Fluo-C2DL-Huh7,02,Huh7,#2db95f
13,Cell,0,0.0,562.0,468.0,0.0,0.0,0.0,0.0,0.0,0.0,0.0,Fluo-C2DL-Huh7,02,Huh7,#2db95f
13,Cell,1,1.0,560.0,462.0,-2.0,-6.0,6.324555320336759,6.324555320336759,6.324555320336759,6.324555320336759,-108.434948822922,Fluo-C2DL-Huh7,02,Huh7,#2db95f
13,Cell,2,2.0,560.0,462.0,-2.0,-6.0,0.0,6.324555320336759,6.324555320336759,0.0,0.0,Fluo-C2DL-Huh7,02,Huh7,#2db95f
13,Cell,3,3.0,564.0,456.0,2.0,-12.0,7.211102550927978,13.535657871264736,12.16552506059644,7.211102550927978,-56.309932474020215,Fluo-C2DL-Huh7,02,Huh7,#2db95f
13,Cell,4,4.0,567.0,454.0,5.0,-14.0,3.605551275463989,17.141209146728727,14.866068747318506,3.605551275463989,-33.690067525979785,Fluo-C2DL-Huh7,02,Huh7,#2db95f
13,Cell,5,5.0,567.0,451.0,5.0,-17.0,3.0,20.141209146728727,17.72004514666935,3.0,-90.0,Fluo-C2DL-Huh7,02,Huh7,#2db95f
13,Cell,6,6.0,567.0,451.0,5.0,-17.0,0.0,20.141209146728727,17.72004514666935,0.0,0.0,Fluo-C2DL-Huh7,02,Huh7,#2db95f
13,Cell,7,7.0,567.0,451.0,5.0,-17.0,0.0,20.141209146728727,17.72004514666935,0.0,0.0,Fluo-C2DL-Huh7,02,Huh7,#2db95f
13,Cell,8,8.0,571.0,448.0,9.0,-20.0,5.0,25.141209146728727,21.93171219946131,5.0,-36.86989764584402,Fluo-C2DL-Huh7,02,Huh7,#2db95f
13,Cell,9,9.0,576.0,445.0,14.0,-23.0,5.830951894845301,30.972161041574022,26.92582403567252,5.830951894845301,-30.96375653207352,Fluo-C2DL-Huh7,02,Huh7,#2db95f
13,Cell,10,10.0,577.0,443.0,15.0,-25.0,2.23606797749979,33.20822901907381,29.154759474226505,2.23606797749979,-63.43494882292201,Fluo-C2DL-Huh7,02,Huh7,#2db95f
13,Cell,11,11.0,577.0,443.0,15.0,-25.0,0.0,33.20822901907381,29.154759474226505,0.0,0.0,Fluo-C2DL-Huh7,02,Huh7,#2db95f
13,Cell,12,12.0,581.0,442.0,19.0,-26.0,4.123105625617661,37.331334644691474,32.202484376209235,4.123105625617661,-14.036243467926475,Fluo-C2DL-Huh7,02,Huh7,#2db95f
13,Cell,13,13.0,583.0,442.0,21.0,-26.0,2.0,39.331334644691474,33.421549934136806,2.0,0.0,Fluo-C2DL-Huh7,02,Huh7,#2db95f
13,Cell,14,14.0,586.0,440.0,24.0,-28.0,3.605551275463989,42.93688592015546,36.87817782917155,3.605551275463989,-33.690067525979785,Fluo-C2DL-Huh7,02,Huh7,#2db95f
13,Cell,15,15.0,593.0,434.0,31.0,-34.0,9.219544457292889,52.156430377448345,46.01086828130936,9.219544457292889,-40.60129464500447,Fluo-C2DL-Huh7,02,Huh7,#2db95f
13,Cell,16,16.0,595.0,431.5,33.0,-36.5,3.2015621187164243,55.35799249616477,49.20619879649311,3.2015621187164243,-51.34019174590991,Fluo-C2DL-Huh7,02,Huh7,#2db95f
13,Cell,17,17.0,598.0,431.0,36.0,-37.0,3.0413812651491097,58.39937376131388,51.62363799656123,3.0413812651491097,-9.462322208025617,Fluo-C2DL-Huh7,02,Huh7,#2db95f
13,Cell,18,18.0,602.0,429.0,40.0,-39.0,4.47213595499958,62.87150971631346,55.86591089385369,4.47213595499958,-26.56505117707799,Fluo-C2DL-Huh7,02,Huh7,#2db95f
13,Cell,19,19.0,604.0,430.0,42.0,-38.0,2.23606797749979,65.10757769381325,56.63920903402519,2.23606797749979,26.56505117707799,Fluo-C2DL-Huh7,02,Huh7,#2db95f
13,Cell,20,20.0,605.0,431.0,43.0,-37.0,1.4142135623730951,66.52179125618635,56.72741841473134,1.4142135623730951,45.0,Fluo-C2DL-Huh7,02,Huh7,#2db95f
13,Cell,21,21.0,608.0,431.0,46.0,-37.0,3.0,69.52179125618635,59.033888572581766,3.0,0.0,Fluo-C2DL-Huh7,02,Huh7,#2db95f
13,Cell,22,22.0,609.0,433.0,47.0,-35.0,2.23606797749979,71.75785923368613,58.60034129593445,2.23606797749979,63.43494882292201,Fluo-C2DL-Huh7,02,Huh7,#2db95f
13,Cell,23,23.0,611.0,432.0,49.0,-36.0,2.23606797749979,73.99392721118592,60.802960454241045,2.23606797749979,-26.56505117707799,Fluo-C2DL-Huh7,02,Huh7,#2db95f
13,Cell,24,24.0,614.0,426.0,52.0,-42.0,6.708203932499369,80.70213114368529,66.84309986827361,6.708203932499369,-63.43494882292201,Fluo-C2DL-Huh7,02,Huh7,#2db95f
13,Cell,25,25.0,614.0,426.0,52.0,-42.0,0.0,80.70213114368529,66.84309986827361,0.0,0.0,Fluo-C2DL-Huh7,02,Huh7,#2db95f
13,Cell,26,26.0,614.0,426.0,52.0,-42.0,0.0,80.70213114368529,66.84309986827361,0.0,0.0,Fluo-C2DL-Huh7,02,Huh7,#2db95f
13,Cell,27,27.0,615.0,425.0,53.0,-43.0,1.4142135623730951,82.11634470605838,68.24954212300622,1.4142135623730951,-45.0,Fluo-C2DL-Huh7,02,Huh7,#2db95f
13,Cell,28,28.0,617.0,422.0,55.0,-46.0,3.605551275463989,85.72189598152238,71.7007670809734,3.605551275463989,-56.309932474020215,Fluo-C2DL-Huh7,02,Huh7,#2db95f
13,Cell,29,29.0,621.0,422.0,59.0,-46.0,4.0,89.72189598152238,74.81310045707235,4.0,0.0,Fluo-C2DL-Huh7,02,Huh7,#2db95f
52,Cell,0,0.0,62.0,478.0,0.0,0.0,0.0,0.0,0.0,0.0,0.0,Fluo-C2DL-Huh7,02,Huh7,#2db95f
52,Cell,1,1.0,60.0,475.0,-2.0,-3.0,3.605551275463989,3.605551275463989,3.605551275463989,3.605551275463989,-123.6900675259798,Fluo-C2DL-Huh7,02,Huh7,#2db95f
52,Cell,2,2.0,58.0,469.0,-4.0,-9.0,6.324555320336759,9.930106595800748,9.848857801796104,6.324555320336759,-108.434948822922,Fluo-C2DL-Huh7,02,Huh7,#2db95f
52,Cell,3,3.0,60.0,467.0,-2.0,-11.0,2.8284271247461903,12.758533720546938,11.180339887498947,2.8284271247461903,-45.0,Fluo-C2DL-Huh7,02,Huh7,#2db95f
52,Cell,4,4.0,60.0,464.0,-2.0,-14.0,3.0,15.758533720546938,14.142135623730953,3.0,-90.0,Fluo-C2DL-Huh7,02,Huh7,#2db95f
52,Cell,5,5.0,60.0,464.0,-2.0,-14.0,0.0,15.758533720546938,14.142135623730953,0.0,0.0,Fluo-C2DL-Huh7,02,Huh7,#2db95f
52,Cell,6,6.0,59.0,466.0,-3.0,-12.0,2.23606797749979,17.99460169804673,12.36931687685298,2.23606797749979,116.565051177078,Fluo-C2DL-Huh7,02,Huh7,#2db95f
52,Cell,7,7.0,63.0,467.0,1.0,-11.0,4.123105625617661,22.11770732366439,11.04536101718726,4.123105625617661,14.036243467926475,Fluo-C2DL-Huh7,02,Huh7,#2db95f
52,Cell,8,8.0,63.0,467.0,1.0,-11.0,0.0,22.11770732366439,11.04536101718726,0.0,0.0,Fluo-C2DL-Huh7,02,Huh7,#2db95f
52,Cell,9,9.0,63.0,467.0,1.0,-11.0,0.0,22.11770732366439,11.04536101718726,0.0,0.0,Fluo-C2DL-Huh7,02,Huh7,#2db95f
52,Cell,10,10.0,62.0,466.0,0.0,-12.0,1.4142135623730951,23.531920886037486,12.0,1.4142135623730951,-135.0,Fluo-C2DL-Huh7,02,Huh7,#2db95f
52,Cell,11,11.0,62.0,466.0,0.0,-12.0,0.0,23.531920886037486,12.0,0.0,0.0,Fluo-C2DL-Huh7,02,Huh7,#2db95f
52,Cell,12,12.0,62.0,466.0,0.0,-12.0,0.0,23.531920886037486,12.0,0.0,0.0,Fluo-C2DL-Huh7,02,Huh7,#2db95f
52,Cell,13,13.0,62.0,466.0,0.0,-12.0,0.0,23.531920886037486,12.0,0.0,0.0,Fluo-C2DL-Huh7,02,Huh7,#2db95f
52,Cell,14,14.0,60.0,467.0,-2.0,-11.0,2.23606797749979,25.76798886353728,11.180339887498947,2.23606797749979,153.43494882292202,Fluo-C2DL-Huh7,02,Huh7,#2db95f
52,Cell,15,15.0,58.0,467.0,-4.0,-11.0,2.0,27.76798886353728,11.704699910719626,2.0,180.0,Fluo-C2DL-Huh7,02,Huh7,#2db95f
52,Cell,16,16.0,58.0,464.0,-4.0,-14.0,3.0,30.76798886353728,14.560219778561036,3.0,-90.0,Fluo-C2DL-Huh7,02,Huh7,#2db95f
52,Cell,17,17.0,56.0,466.0,-6.0,-12.0,2.8284271247461903,33.59641598828347,13.41640786499874,2.8284271247461903,135.0,Fluo-C2DL-Huh7,02,Huh7,#2db95f
52,Cell,18,18.0,54.0,467.0,-8.0,-11.0,2.23606797749979,35.832483965783254,13.601470508735444,2.23606797749979,153.43494882292202,Fluo-C2DL-Huh7,02,Huh7,#2db95f
52,Cell,19,19.0,53.0,468.0,-9.0,-10.0,1.4142135623730951,37.246697528156346,13.45362404707371,1.4142135623730951,135.0,Fluo-C2DL-Huh7,02,Huh7,#2db95f
52,Cell,20,20.0,51.0,468.0,-11.0,-10.0,2.0,39.246697528156346,14.866068747318506,2.0,180.0,Fluo-C2DL-Huh7,02,Huh7,#2db95f
52,Cell,21,21.0,50.0,468.0,-12.0,-10.0,1.0,40.246697528156346,15.620499351813308,1.0,180.0,Fluo-C2DL-Huh7,02,Huh7,#2db95f
52,Cell,22,22.0,48.0,468.0,-14.0,-10.0,2.0,42.246697528156346,17.204650534085253,2.0,180.0,Fluo-C2DL-Huh7,02,Huh7,#2db95f
52,Cell,23,23.0,46.0,469.0,-16.0,-9.0,2.23606797749979,44.48276550565613,18.35755975068582,2.23606797749979,153.43494882292202,Fluo-C2DL-Huh7,02,Huh7,#2db95f
52,Cell,24,24.0,42.0,468.0,-20.0,-10.0,4.123105625617661,48.605871131273794,22.360679774997894,4.123105625617661,-165.96375653207352,Fluo-C2DL-Huh7,02,Huh7,#2db95f
52,Cell,25,25.0,40.0,477.0,-22.0,-1.0,9.219544457292889,57.825415588566685,22.02271554554524,9.219544457292889,102.52880770915152,Fluo-C2DL-Huh7,02,Huh7,#2db95f
52,Cell,26,26.0,36.0,477.0,-26.0,-1.0,4.0,61.825415588566685,26.019223662515376,4.0,180.0,Fluo-C2DL-Huh7,02,Huh7,#2db95f
52,Cell,27,27.0,33.0,478.0,-29.0,0.0,3.1622776601683795,64.98769324873507,29.0,3.1622776601683795,161.56505117707798,Fluo-C2DL-Huh7,02,Huh7,#2db95f
52,Cell,28,28.0,30.0,480.0,-32.0,2.0,3.605551275463989,68.59324452419906,32.0624390837628,3.605551275463989,146.30993247402023,Fluo-C2DL-Huh7,02,Huh7,#2db95f
52,Cell,29,29.0,32.0,481.0,-30.0,3.0,2.23606797749979,70.82931250169885,30.14962686336267,2.23606797749979,26.56505117707799,Fluo-C2DL-Huh7,02,Huh7,#2db95f
59,Cell,0,0.0,535.0,725.0,0.0,0.0,0.0,0.0,0.0,0.0,0.0,Fluo-C2DL-Huh7,02,Huh7,#2db95f
59,Cell,1,1.0,541.0,718.0,6.0,-7.0,9.219544457292889,9.219544457292889,9.219544457292889,9.219544457292889,-49.39870535499554,Fluo-C2DL-Huh7,02,Huh7,#2db95f
59,Cell,2,2.0,540.0,720.0,5.0,-5.0,2.23606797749979,11.455612434792677,7.071067811865476,2.23606797749979,116.565051177078,Fluo-C2DL-Huh7,02,Huh7,#2db95f
59,Cell,3,3.0,540.0,720.0,5.0,-5.0,0.0,11.455612434792677,7.071067811865476,0.0,0.0,Fluo-C2DL-Huh7,02,Huh7,#2db95f
59,Cell,4,4.0,537.0,719.0,2.0,-6.0,3.1622776601683795,14.617890094961057,6.324555320336759,3.1622776601683795,-161.56505117707798,Fluo-C2DL-Huh7,02,Huh7,#2db95f
59,Cell,5,5.0,537.0,723.0,2.0,-2.0,4.0,18.61789009496105,2.8284271247461903,4.0,90.0,Fluo-C2DL-Huh7,02,Huh7,#2db95f
59,Cell,6,6.0,538.0,726.0,3.0,1.0,3.1622776601683795,21.780167755129437,3.1622776601683795,3.1622776601683795,71.56505117707799,Fluo-C2DL-Huh7,02,Huh7,#2db95f
59,Cell,7,7.0,538.0,724.0,3.0,-1.0,2.0,23.780167755129437,3.1622776601683795,2.0,-90.0,Fluo-C2DL-Huh7,02,Huh7,#2db95f
59,Cell,8,8.0,537.0,722.0,2.0,-3.0,2.23606797749979,26.016235732629223,3.605551275463989,2.23606797749979,-116.565051177078,Fluo-C2DL-Huh7,02,Huh7,#2db95f
59,Cell,9,9.0,537.0,718.0,2.0,-7.0,4.0,30.016235732629223,7.280109889280518,4.0,-90.0,Fluo-C2DL-Huh7,02,Huh7,#2db95f
59,Cell,10,10.0,537.0,719.0,2.0,-6.0,1.0,31.016235732629223,6.324555320336759,1.0,90.0,Fluo-C2DL-Huh7,02,Huh7,#2db95f
59,Cell,11,11.0,532.0,712.0,-3.0,-13.0,8.602325267042627,39.61856099967185,13.341664064126334,8.602325267042627,-125.5376777919744,Fluo-C2DL-Huh7,02,Huh7,#2db95f
59,Cell,12,12.0,527.0,711.0,-8.0,-14.0,5.0990195135927845,44.71758051326464,16.1245154965971,5.0990195135927845,-168.6900675259798,Fluo-C2DL-Huh7,02,Huh7,#2db95f
59,Cell,13,13.0,522.0,713.0,-13.0,-12.0,5.385164807134504,50.10274532039914,17.69180601295413,5.385164807134504,158.19859051364818,Fluo-C2DL-Huh7,02,Huh7,#2db95f
59,Cell,14,14.0,524.0,711.0,-11.0,-14.0,2.8284271247461903,52.93117244514533,17.804493814764857,2.8284271247461903,-45.0,Fluo-C2DL-Huh7,02,Huh7,#2db95f
59,Cell,15,15.0,525.0,714.0,-10.0,-11.0,3.1622776601683795,56.09345010531371,14.866068747318506,3.1622776601683795,71.56505117707799,Fluo-C2DL-Huh7,02,Huh7,#2db95f
59,Cell,16,16.0,522.0,712.0,-13.0,-13.0,3.605551275463989,59.699001380777695,18.384776310850235,3.605551275463989,-146.30993247402023,Fluo-C2DL-Huh7,02,Huh7,#2db95f
59,Cell,17,17.0,523.0,715.0,-12.0,-10.0,3.1622776601683795,62.86127904094607,15.620499351813308,3.1622776601683795,71.56505117707799,Fluo-C2DL-Huh7,02,Huh7,#2db95f
59,Cell,18,18.0,524.0,713.0,-11.0,-12.0,2.23606797749979,65.09734701844586,16.278820596099706,2.23606797749979,-63.43494882292201,Fluo-C2DL-Huh7,02,Huh7,#2db95f
59,Cell,19,19.0,520.0,717.0,-15.0,-8.0,5.656854249492381,70.75420126793824,17.0,5.656854249492381,135.0,Fluo-C2DL-Huh7,02,Huh7,#2db95f
59,Cell,20,20.0,520.0,717.0,-15.0,-8.0,0.0,70.75420126793824,17.0,0.0,0.0,Fluo-C2DL-Huh7,02,Huh7,#2db95f
59,Cell,21,21.0,520.0,717.0,-15.0,-8.0,0.0,70.75420126793824,17.0,0.0,0.0,Fluo-C2DL-Huh7,02,Huh7,#2db95f
59,Cell,22,22.0,520.0,717.0,-15.0,-8.0,0.0,70.75420126793824,17.0,0.0,0.0,Fluo-C2DL-Huh7,02,Huh7,#2db95f
59,Cell,23,23.0,520.0,718.0,-15.0,-7.0,1.0,71.75420126793824,16.55294535724685,1.0,90.0,Fluo-C2DL-Huh7,02,Huh7,#2db95f
59,Cell,24,24.0,521.0,718.0,-14.0,-7.0,1.0,72.75420126793824,15.652475842498529,1.0,0.0,Fluo-C2DL-Huh7,02,Huh7,#2db95f
59,Cell,25,25.0,521.0,721.0,-14.0,-4.0,3.0,75.75420126793824,14.560219778561036,3.0,90.0,Fluo-C2DL-Huh7,02,Huh7,#2db95f
59,Cell,26,26.0,520.0,721.0,-15.0,-4.0,1.0,76.75420126793824,15.524174696260024,1.0,180.0,Fluo-C2DL-Huh7,02,Huh7,#2db95f
59,Cell,27,27.0,520.0,719.0,-15.0,-6.0,2.0,78.75420126793824,16.15549442140351,2.0,-90.0,Fluo-C2DL-Huh7,02,Huh7,#2db95f
59,Cell,28,28.0,521.0,718.0,-14.0,-7.0,1.4142135623730951,80.16841483031133,15.652475842498529,1.4142135623730951,-45.0,Fluo-C2DL-Huh7,02,Huh7,#2db95f
59,Cell,29,29.0,522.0,718.0,-13.0,-7.0,1.0,81.16841483031133,14.7648230602334,1.0,0.0,Fluo-C2DL-Huh7,02,Huh7,#2db95f
51,Cell,0,0.0,971.0,219.0,0.0,0.0,0.0,0.0,0.0,0.0,0.0,Fluo-C2DL-Huh7,02,Huh7,#2db95f
51,Cell,1,1.0,970.0,220.0,-1.0,1.0,1.4142135623730951,1.4142135623730951,1.4142135623730951,1.4142135623730951,135.0,Fluo-C2DL-Huh7,02,Huh7,#2db95f
51,Cell,2,2.0,970.0,214.0,-1.0,-5.0,6.0,7.414213562373095,5.0990195135927845,6.0,-90.0,Fluo-C2DL-Huh7,02,Huh7,#2db95f
51,Cell,3,3.0,971.0,218.0,0.0,-1.0,4.123105625617661,11.537319187990756,1.0,4.123105625617661,75.96375653207353,Fluo-C2DL-Huh7,02,Huh7,#2db95f
51,Cell,4,4.0,971.0,218.0,0.0,-1.0,0.0,11.537319187990756,1.0,0.0,0.0,Fluo-C2DL-Huh7,02,Huh7,#2db95f
51,Cell,5,5.0,972.0,216.0,1.0,-3.0,2.23606797749979,13.773387165490544,3.1622776601683795,2.23606797749979,-63.43494882292201,Fluo-C2DL-Huh7,02,Huh7,#2db95f
51,Cell,6,6.0,972.0,213.0,1.0,-6.0,3.0,16.773387165490547,6.082762530298219,3.0,-90.0,Fluo-C2DL-Huh7,02,Huh7,#2db95f
51,Cell,7,7.0,972.0,208.5,1.0,-10.5,4.5,21.273387165490547,10.547511554864494,4.5,-90.0,Fluo-C2DL-Huh7,02,Huh7,#2db95f
51,Cell,8,8.0,971.0,210.0,0.0,-9.0,1.8027756377319943,23.07616280322254,9.0,1.8027756377319943,123.6900675259798,Fluo-C2DL-Huh7,02,Huh7,#2db95f
51,Cell,9,9.0,970.0,214.0,-1.0,-5.0,4.123105625617661,27.1992684288402,5.0990195135927845,4.123105625617661,104.0362434679265,Fluo-C2DL-Huh7,02,Huh7,#2db95f
51,Cell,10,10.0,976.0,210.0,5.0,-9.0,7.211102550927978,34.41037097976818,10.295630140987,7.211102550927978,-33.690067525979785,Fluo-C2DL-Huh7,02,Huh7,#2db95f
51,Cell,11,11.0,977.0,213.0,6.0,-6.0,3.1622776601683795,37.57264863993656,8.48528137423857,3.1622776601683795,71.56505117707799,Fluo-C2DL-Huh7,02,Huh7,#2db95f
51,Cell,12,12.0,983.0,213.0,12.0,-6.0,6.0,43.57264863993656,13.41640786499874,6.0,0.0,Fluo-C2DL-Huh7,02,Huh7,#2db95f
51,Cell,13,13.0,985.0,211.0,14.0,-8.0,2.8284271247461903,46.40107576468275,16.1245154965971,2.8284271247461903,-45.0,Fluo-C2DL-Huh7,02,Huh7,#2db95f
51,Cell,14,14.0,985.0,209.0,14.0,-10.0,2.0,48.40107576468275,17.204650534085253,2.0,-90.0,Fluo-C2DL-Huh7,02,Huh7,#2db95f
51,Cell,15,15.0,984.0,208.0,13.0,-11.0,1.4142135623730951,49.81528932705584,17.029386365926403,1.4142135623730951,-135.0,Fluo-C2DL-Huh7,02,Huh7,#2db95f
51,Cell,16,16.0,984.0,208.0,13.0,-11.0,0.0,49.81528932705584,17.029386365926403,0.0,0.0,Fluo-C2DL-Huh7,02,Huh7,#2db95f
51,Cell,17,17.0,985.0,208.0,14.0,-11.0,1.0,50.81528932705584,17.804493814764857,1.0,0.0,Fluo-C2DL-Huh7,02,Huh7,#2db95f
51,Cell,18,18.0,984.0,203.0,13.0,-16.0,5.0990195135927845,55.91430884064863,20.615528128088304,5.0990195135927845,-101.3099324740202,Fluo-C2DL-Huh7,02,Huh7,#2db95f
51,Cell,19,19.0,983.0,202.0,12.0,-17.0,1.4142135623730951,57.32852240302172,20.808652046684813,1.4142135623730951,-135.0,Fluo-C2DL-Huh7,02,Huh7,#2db95f
51,Cell,20,20.0,982.0,203.0,11.0,-16.0,1.4142135623730951,58.742735965394814,19.4164878389476,1.4142135623730951,135.0,Fluo-C2DL-Huh7,02,Huh7,#2db95f
51,Cell,21,21.0,983.0,203.0,12.0,-16.0,1.0,59.742735965394814,20.0,1.0,0.0,Fluo-C2DL-Huh7,02,Huh7,#2db95f
51,Cell,22,22.0,984.0,206.0,13.0,-13.0,3.1622776601683795,62.90501362556319,18.384776310850235,3.1622776601683795,71.56505117707799,Fluo-C2DL-Huh7,02,Huh7,#2db95f
51,Cell,23,23.0,979.0,214.0,8.0,-5.0,9.433981132056603,72.3389947576198,9.433981132056603,9.433981132056603,122.0053832080835,Fluo-C2DL-Huh7,02,Huh7,#2db95f
51,Cell,24,24.0,981.0,213.0,10.0,-6.0,2.23606797749979,74.57506273511959,11.6619037896906,2.23606797749979,-26.56505117707799,Fluo-C2DL-Huh7,02,Huh7,#2db95f
51,Cell,25,25.0,983.0,214.0,12.0,-5.0,2.23606797749979,76.81113071261937,13.0,2.23606797749979,26.56505117707799,Fluo-C2DL-Huh7,02,Huh7,#2db95f
51,Cell,26,26.0,989.0,213.0,18.0,-6.0,6.082762530298219,82.8938932429176,18.97366596101028,6.082762530298219,-9.462322208025617,Fluo-C2DL-Huh7,02,Huh7,#2db95f
51,Cell,27,27.0,988.0,212.0,17.0,-7.0,1.4142135623730951,84.30810680529069,18.384776310850235,1.4142135623730951,-135.0,Fluo-C2DL-Huh7,02,Huh7,#2db95f
51,Cell,28,28.0,986.0,215.0,15.0,-4.0,3.605551275463989,87.91365808075469,15.524174696260024,3.605551275463989,123.6900675259798,Fluo-C2DL-Huh7,02,Huh7,#2db95f
51,Cell,29,29.0,986.0,215.0,15.0,-4.0,0.0,87.91365808075469,15.524174696260024,0.0,0.0,Fluo-C2DL-Huh7,02,Huh7,#2db95f
17,Cell,0,0.0,472.0,623.0,0.0,0.0,0.0,0.0,0.0,0.0,0.0,Fluo-C2DL-Huh7,02,Huh7,#2db95f
17,Cell,1,1.0,481.0,620.0,9.0,-3.0,9.486832980505138,9.486832980505138,9.486832980505138,9.486832980505138,-18.43494882292201,Fluo-C2DL-Huh7,02,Huh7,#2db95f
17,Cell,2,2.0,481.0,620.0,9.0,-3.0,0.0,9.486832980505138,9.486832980505138,0.0,0.0,Fluo-C2DL-Huh7,02,Huh7,#2db95f
17,Cell,3,3.0,485.0,618.0,13.0,-5.0,4.47213595499958,13.958968935504718,13.92838827718412,4.47213595499958,-26.56505117707799,Fluo-C2DL-Huh7,02,Huh7,#2db95f
17,Cell,4,4.0,486.0,616.0,14.0,-7.0,2.23606797749979,16.195036913004508,15.652475842498529,2.23606797749979,-63.43494882292201,Fluo-C2DL-Huh7,02,Huh7,#2db95f
17,Cell,5,5.0,486.0,615.0,14.0,-8.0,1.0,17.195036913004508,16.1245154965971,1.0,-90.0,Fluo-C2DL-Huh7,02,Huh7,#2db95f
17,Cell,6,6.0,488.0,616.0,16.0,-7.0,2.23606797749979,19.431104890504297,17.46424919657298,2.23606797749979,26.56505117707799,Fluo-C2DL-Huh7,02,Huh7,#2db95f
17,Cell,7,7.0,490.0,616.0,18.0,-7.0,2.0,21.431104890504297,19.313207915827967,2.0,0.0,Fluo-C2DL-Huh7,02,Huh7,#2db95f
17,Cell,8,8.0,494.0,614.0,22.0,-9.0,4.47213595499958,25.90324084550388,23.769728648009423,4.47213595499958,-26.56505117707799,Fluo-C2DL-Huh7,02,Huh7,#2db95f
17,Cell,9,9.0,494.0,614.0,22.0,-9.0,0.0,25.90324084550388,23.769728648009423,0.0,0.0,Fluo-C2DL-Huh7,02,Huh7,#2db95f
17,Cell,10,10.0,494.0,615.0,22.0,-8.0,1.0,26.90324084550388,23.40939982143925,1.0,90.0,Fluo-C2DL-Huh7,02,Huh7,#2db95f
17,Cell,11,11.0,494.0,615.0,22.0,-8.0,0.0,26.90324084550388,23.40939982143925,0.0,0.0,Fluo-C2DL-Huh7,02,Huh7,#2db95f
17,Cell,12,12.0,496.0,616.0,24.0,-7.0,2.23606797749979,29.139308823003667,25.0,2.23606797749979,26.56505117707799,Fluo-C2DL-Huh7,02,Huh7,#2db95f
17,Cell,13,13.0,497.0,618.0,25.0,-5.0,2.23606797749979,31.375376800503457,25.495097567963924,2.23606797749979,63.43494882292201,Fluo-C2DL-Huh7,02,Huh7,#2db95f
17,Cell,14,14.0,497.0,618.0,25.0,-5.0,0.0,31.375376800503457,25.495097567963924,0.0,0.0,Fluo-C2DL-Huh7,02,Huh7,#2db95f
17,Cell,15,15.0,498.0,618.0,26.0,-5.0,1.0,32.37537680050346,26.476404589747453,1.0,0.0,Fluo-C2DL-Huh7,02,Huh7,#2db95f
17,Cell,16,16.0,502.0,620.0,30.0,-3.0,4.47213595499958,36.84751275550304,30.14962686336267,4.47213595499958,26.56505117707799,Fluo-C2DL-Huh7,02,Huh7,#2db95f
17,Cell,17,17.0,502.0,620.0,30.0,-3.0,0.0,36.84751275550304,30.14962686336267,0.0,0.0,Fluo-C2DL-Huh7,02,Huh7,#2db95f
17,Cell,18,18.0,510.0,622.0,38.0,-1.0,8.246211251235321,45.09372400673836,38.01315561749642,8.246211251235321,14.036243467926475,Fluo-C2DL-Huh7,02,Huh7,#2db95f
17,Cell,19,19.0,510.0,622.0,38.0,-1.0,0.0,45.09372400673836,38.01315561749642,0.0,0.0,Fluo-C2DL-Huh7,02,Huh7,#2db95f
17,Cell,20,20.0,512.0,623.0,40.0,0.0,2.23606797749979,47.32979198423816,40.0,2.23606797749979,26.56505117707799,Fluo-C2DL-Huh7,02,Huh7,#2db95f
17,Cell,21,21.0,512.0,623.0,40.0,0.0,0.0,47.32979198423816,40.0,0.0,0.0,Fluo-C2DL-Huh7,02,Huh7,#2db95f
17,Cell,22,22.0,512.0,623.0,40.0,0.0,0.0,47.32979198423816,40.0,0.0,0.0,Fluo-C2DL-Huh7,02,Huh7,#2db95f
17,Cell,23,23.0,509.0,626.0,37.0,3.0,4.242640687119285,51.57243267135744,37.12142238654117,4.242640687119285,135.0,Fluo-C2DL-Huh7,02,Huh7,#2db95f
17,Cell,24,24.0,510.0,620.0,38.0,-3.0,6.082762530298219,57.65519520165566,38.11823710509184,6.082762530298219,-80.53767779197439,Fluo-C2DL-Huh7,02,Huh7,#2db95f
17,Cell,25,25.0,510.0,620.0,38.0,-3.0,0.0,57.65519520165566,38.11823710509184,0.0,0.0,Fluo-C2DL-Huh7,02,Huh7,#2db95f
17,Cell,26,26.0,506.0,620.0,34.0,-3.0,4.0,61.65519520165566,34.132096331752024,4.0,180.0,Fluo-C2DL-Huh7,02,Huh7,#2db95f
17,Cell,27,27.0,508.0,621.0,36.0,-2.0,2.23606797749979,63.891263179155445,36.05551275463989,2.23606797749979,26.56505117707799,Fluo-C2DL-Huh7,02,Huh7,#2db95f
17,Cell,28,28.0,508.0,621.0,36.0,-2.0,0.0,63.891263179155445,36.05551275463989,0.0,0.0,Fluo-C2DL-Huh7,02,Huh7,#2db95f
17,Cell,29,29.0,508.0,621.0,36.0,-2.0,0.0,63.891263179155445,36.05551275463989,0.0,0.0,Fluo-C2DL-Huh7,02,Huh7,#2db95f
18,Cell,0,0.0,592.0,621.0,0.0,0.0,0.0,0.0,0.0,0.0,0.0,Fluo-C2DL-Huh7,02,Huh7,#2db95f
18,Cell,1,1.0,592.0,618.0,0.0,-3.0,3.0,3.0,3.0,3.0,-90.0,Fluo-C2DL-Huh7,02,Huh7,#2db95f
18,Cell,2,2.0,592.0,618.0,0.0,-3.0,0.0,3.0,3.0,0.0,0.0,Fluo-C2DL-Huh7,02,Huh7,#2db95f
18,Cell,3,3.0,592.0,618.0,0.0,-3.0,0.0,3.0,3.0,0.0,0.0,Fluo-C2DL-Huh7,02,Huh7,#2db95f
18,Cell,4,4.0,591.0,617.0,-1.0,-4.0,1.4142135623730951,4.414213562373095,4.123105625617661,1.4142135623730951,-135.0,Fluo-C2DL-Huh7,02,Huh7,#2db95f
18,Cell,5,5.0,591.0,617.0,-1.0,-4.0,0.0,4.414213562373095,4.123105625617661,0.0,0.0,Fluo-C2DL-Huh7,02,Huh7,#2db95f
18,Cell,6,6.0,592.0,617.0,0.0,-4.0,1.0,5.414213562373095,4.0,1.0,0.0,Fluo-C2DL-Huh7,02,Huh7,#2db95f
18,Cell,7,7.0,592.0,617.0,0.0,-4.0,0.0,5.414213562373095,4.0,0.0,0.0,Fluo-C2DL-Huh7,02,Huh7,#2db95f
18,Cell,8,8.0,592.0,617.0,0.0,-4.0,0.0,5.414213562373095,4.0,0.0,0.0,Fluo-C2DL-Huh7,02,Huh7,#2db95f
18,Cell,9,9.0,590.0,616.0,-2.0,-5.0,2.23606797749979,7.650281539872885,5.385164807134504,2.23606797749979,-153.43494882292202,Fluo-C2DL-Huh7,02,Huh7,#2db95f
18,Cell,10,10.0,592.0,616.0,0.0,-5.0,2.0,9.650281539872886,5.0,2.0,0.0,Fluo-C2DL-Huh7,02,Huh7,#2db95f
18,Cell,11,11.0,592.0,617.0,0.0,-4.0,1.0,10.650281539872886,4.0,1.0,90.0,Fluo-C2DL-Huh7,02,Huh7,#2db95f
18,Cell,12,12.0,592.0,617.0,0.0,-4.0,0.0,10.650281539872886,4.0,0.0,0.0,Fluo-C2DL-Huh7,02,Huh7,#2db95f
18,Cell,13,13.0,592.0,617.0,0.0,-4.0,0.0,10.650281539872886,4.0,0.0,0.0,Fluo-C2DL-Huh7,02,Huh7,#2db95f
18,Cell,14,14.0,592.0,617.0,0.0,-4.0,0.0,10.650281539872886,4.0,0.0,0.0,Fluo-C2DL-Huh7,02,Huh7,#2db95f
18,Cell,15,15.0,592.0,617.0,0.0,-4.0,0.0,10.650281539872886,4.0,0.0,0.0,Fluo-C2DL-Huh7,02,Huh7,#2db95f
18,Cell,16,16.0,592.0,617.0,0.0,-4.0,0.0,10.650281539872886,4.0,0.0,0.0,Fluo-C2DL-Huh7,02,Huh7,#2db95f
18,Cell,17,17.0,592.0,616.0,0.0,-5.0,1.0,11.650281539872886,5.0,1.0,-90.0,Fluo-C2DL-Huh7,02,Huh7,#2db95f
18,Cell,18,18.0,594.0,614.0,2.0,-7.0,2.8284271247461903,14.478708664619075,7.280109889280518,2.8284271247461903,-45.0,Fluo-C2DL-Huh7,02,Huh7,#2db95f
18,Cell,19,19.0,596.0,611.0,4.0,-10.0,3.605551275463989,18.084259940083065,10.770329614269007,3.605551275463989,-56.309932474020215,Fluo-C2DL-Huh7,02,Huh7,#2db95f
18,Cell,20,20.0,596.0,610.0,4.0,-11.0,1.0,19.084259940083065,11.704699910719626,1.0,-90.0,Fluo-C2DL-Huh7,02,Huh7,#2db95f
18,Cell,21,21.0,596.0,609.0,4.0,-12.0,1.0,20.084259940083065,12.649110640673518,1.0,-90.0,Fluo-C2DL-Huh7,02,Huh7,#2db95f
18,Cell,22,22.0,596.0,609.0,4.0,-12.0,0.0,20.084259940083065,12.649110640673518,0.0,0.0,Fluo-C2DL-Huh7,02,Huh7,#2db95f
18,Cell,23,23.0,596.0,609.0,4.0,-12.0,0.0,20.084259940083065,12.649110640673518,0.0,0.0,Fluo-C2DL-Huh7,02,Huh7,#2db95f
18,Cell,24,24.0,596.0,610.0,4.0,-11.0,1.0,21.084259940083065,11.704699910719626,1.0,90.0,Fluo-C2DL-Huh7,02,Huh7,#2db95f
18,Cell,25,25.0,596.0,610.0,4.0,-11.0,0.0,21.084259940083065,11.704699910719626,0.0,0.0,Fluo-C2DL-Huh7,02,Huh7,#2db95f
18,Cell,26,26.0,596.0,609.0,4.0,-12.0,1.0,22.084259940083065,12.649110640673518,1.0,-90.0,Fluo-C2DL-Huh7,02,Huh7,#2db95f
18,Cell,27,27.0,594.0,608.0,2.0,-13.0,2.23606797749979,24.32032791758285,13.152946437965904,2.23606797749979,-153.43494882292202,Fluo-C2DL-Huh7,02,Huh7,#2db95f
18,Cell,28,28.0,594.0,608.0,2.0,-13.0,0.0,24.32032791758285,13.152946437965904,0.0,0.0,Fluo-C2DL-Huh7,02,Huh7,#2db95f
18,Cell,29,29.0,595.0,618.0,3.0,-3.0,10.04987562112089,34.37020353870375,4.242640687119285,10.04987562112089,84.28940686250037,Fluo-C2DL-Huh7,02,Huh7,#2db95f
3,Cell,0,0.0,236.0,153.0,0.0,0.0,0.0,0.0,0.0,0.0,0.0,Fluo-C2DL-Huh7,02,Huh7,#2db95f
3,Cell,1,1.0,226.0,150.0,-10.0,-3.0,10.44030650891055,10.44030650891055,10.44030650891055,10.44030650891055,-163.30075576600638,Fluo-C2DL-Huh7,02,Huh7,#2db95f
3,Cell,2,2.0,223.0,149.0,-13.0,-4.0,3.1622776601683795,13.60258416907893,13.601470508735444,3.1622776601683795,-161.56505117707798,Fluo-C2DL-Huh7,02,Huh7,#2db95f
3,Cell,3,3.0,223.0,149.0,-13.0,-4.0,0.0,13.60258416907893,13.601470508735444,0.0,0.0,Fluo-C2DL-Huh7,02,Huh7,#2db95f
3,Cell,4,4.0,223.0,149.0,-13.0,-4.0,0.0,13.60258416907893,13.601470508735444,0.0,0.0,Fluo-C2DL-Huh7,02,Huh7,#2db95f
3,Cell,5,5.0,223.0,149.0,-13.0,-4.0,0.0,13.60258416907893,13.601470508735444,0.0,0.0,Fluo-C2DL-Huh7,02,Huh7,#2db95f
3,Cell,6,6.0,219.0,154.0,-17.0,1.0,6.4031242374328485,20.00570840651178,17.029386365926403,6.4031242374328485,128.6598082540901,Fluo-C2DL-Huh7,02,Huh7,#2db95f
3,Cell,7,7.0,219.0,154.0,-17.0,1.0,0.0,20.00570840651178,17.029386365926403,0.0,0.0,Fluo-C2DL-Huh7,02,Huh7,#2db95f
3,Cell,8,8.0,219.0,154.0,-17.0,1.0,0.0,20.00570840651178,17.029386365926403,0.0,0.0,Fluo-C2DL-Huh7,02,Huh7,#2db95f
3,Cell,9,9.0,219.0,154.0,-17.0,1.0,0.0,20.00570840651178,17.029386365926403,0.0,0.0,Fluo-C2DL-Huh7,02,Huh7,#2db95f
3,Cell,10,10.0,218.0,149.0,-18.0,-4.0,5.0990195135927845,25.104727920104565,18.43908891458577,5.0990195135927845,-101.3099324740202,Fluo-C2DL-Huh7,02,Huh7,#2db95f
3,Cell,11,11.0,217.0,146.0,-19.0,-7.0,3.1622776601683795,28.267005580272944,20.248456731316587,3.1622776601683795,-108.434948822922,Fluo-C2DL-Huh7,02,Huh7,#2db95f
3,Cell,12,12.0,217.0,146.0,-19.0,-7.0,0.0,28.267005580272944,20.248456731316587,0.0,0.0,Fluo-C2DL-Huh7,02,Huh7,#2db95f
3,Cell,13,13.0,217.0,146.0,-19.0,-7.0,0.0,28.267005580272944,20.248456731316587,0.0,0.0,Fluo-C2DL-Huh7,02,Huh7,#2db95f
3,Cell,14,14.0,217.0,146.0,-19.0,-7.0,0.0,28.267005580272944,20.248456731316587,0.0,0.0,Fluo-C2DL-Huh7,02,Huh7,#2db95f
3,Cell,15,15.0,217.0,146.0,-19.0,-7.0,0.0,28.267005580272944,20.248456731316587,0.0,0.0,Fluo-C2DL-Huh7,02,Huh7,#2db95f
3,Cell,16,16.0,217.0,146.0,-19.0,-7.0,0.0,28.267005580272944,20.248456731316587,0.0,0.0,Fluo-C2DL-Huh7,02,Huh7,#2db95f
3,Cell,17,17.0,214.0,142.0,-22.0,-11.0,5.0,33.267005580272944,24.596747752497688,5.0,-126.86989764584402,Fluo-C2DL-Huh7,02,Huh7,#2db95f
3,Cell,18,18.0,214.0,142.0,-22.0,-11.0,0.0,33.267005580272944,24.596747752497688,0.0,0.0,Fluo-C2DL-Huh7,02,Huh7,#2db95f
3,Cell,19,19.0,213.0,134.0,-23.0,-19.0,8.06225774829855,41.32926332857149,29.8328677803526,8.06225774829855,-97.1250163489018,Fluo-C2DL-Huh7,02,Huh7,#2db95f
3,Cell,20,20.0,214.0,136.0,-22.0,-17.0,2.23606797749979,43.565331306071286,27.80287754891569,2.23606797749979,63.43494882292201,Fluo-C2DL-Huh7,02,Huh7,#2db95f
3,Cell,21,21.0,214.0,136.0,-22.0,-17.0,0.0,43.565331306071286,27.80287754891569,0.0,0.0,Fluo-C2DL-Huh7,02,Huh7,#2db95f
3,Cell,22,22.0,214.0,136.0,-22.0,-17.0,0.0,43.565331306071286,27.80287754891569,0.0,0.0,Fluo-C2DL-Huh7,02,Huh7,#2db95f
3,Cell,23,23.0,214.0,136.0,-22.0,-17.0,0.0,43.565331306071286,27.80287754891569,0.0,0.0,Fluo-C2DL-Huh7,02,Huh7,#2db95f
3,Cell,24,24.0,214.0,136.0,-22.0,-17.0,0.0,43.565331306071286,27.80287754891569,0.0,0.0,Fluo-C2DL-Huh7,02,Huh7,#2db95f
3,Cell,25,25.0,214.0,136.0,-22.0,-17.0,0.0,43.565331306071286,27.80287754891569,0.0,0.0,Fluo-C2DL-Huh7,02,Huh7,#2db95f
3,Cell,26,26.0,211.0,135.0,-25.0,-18.0,3.1622776601683795,46.727608966239664,30.80584360149873,3.1622776601683795,-161.56505117707798,Fluo-C2DL-Huh7,02,Huh7,#2db95f
3,Cell,27,27.0,211.0,135.0,-25.0,-18.0,0.0,46.727608966239664,30.80584360149873,0.0,0.0,Fluo-C2DL-Huh7,02,Huh7,#2db95f
3,Cell,28,28.0,211.0,135.0,-25.0,-18.0,0.0,46.727608966239664,30.80584360149873,0.0,0.0,Fluo-C2DL-Huh7,02,Huh7,#2db95f
3,Cell,29,29.0,207.0,133.0,-29.0,-20.0,4.47213595499958,51.19974492123925,35.22782990761707,4.47213595499958,-153.43494882292202,Fluo-C2DL-Huh7,02,Huh7,#2db95f
32,Cell,0,0.0,857.0,384.0,0.0,0.0,0.0,0.0,0.0,0.0,0.0,Fluo-C2DL-Huh7,02,Huh7,#2db95f
32,Cell,1,1.0,857.0,384.0,0.0,0.0,0.0,0.0,0.0,0.0,0.0,Fluo-C2DL-Huh7,02,Huh7,#2db95f
32,Cell,2,2.0,857.0,384.0,0.0,0.0,0.0,0.0,0.0,0.0,0.0,Fluo-C2DL-Huh7,02,Huh7,#2db95f
32,Cell,3,3.0,857.0,384.0,0.0,0.0,0.0,0.0,0.0,0.0,0.0,Fluo-C2DL-Huh7,02,Huh7,#2db95f
32,Cell,4,4.0,857.0,384.0,0.0,0.0,0.0,0.0,0.0,0.0,0.0,Fluo-C2DL-Huh7,02,Huh7,#2db95f
32,Cell,5,5.0,857.0,384.0,0.0,0.0,0.0,0.0,0.0,0.0,0.0,Fluo-C2DL-Huh7,02,Huh7,#2db95f
32,Cell,6,6.0,857.0,384.0,0.0,0.0,0.0,0.0,0.0,0.0,0.0,Fluo-C2DL-Huh7,02,Huh7,#2db95f
32,Cell,7,7.0,857.0,384.0,0.0,0.0,0.0,0.0,0.0,0.0,0.0,Fluo-C2DL-Huh7,02,Huh7,#2db95f
32,Cell,8,8.0,857.0,384.0,0.0,0.0,0.0,0.0,0.0,0.0,0.0,Fluo-C2DL-Huh7,02,Huh7,#2db95f
32,Cell,9,9.0,857.0,384.0,0.0,0.0,0.0,0.0,0.0,0.0,0.0,Fluo-C2DL-Huh7,02,Huh7,#2db95f
32,Cell,10,10.0,857.0,384.0,0.0,0.0,0.0,0.0,0.0,0.0,0.0,Fluo-C2DL-Huh7,02,Huh7,#2db95f
32,Cell,11,11.0,857.0,384.0,0.0,0.0,0.0,0.0,0.0,0.0,0.0,Fluo-C2DL-Huh7,02,Huh7,#2db95f
32,Cell,12,12.0,857.0,384.0,0.0,0.0,0.0,0.0,0.0,0.0,0.0,Fluo-C2DL-Huh7,02,Huh7,#2db95f
32,Cell,13,13.0,857.0,384.0,0.0,0.0,0.0,0.0,0.0,0.0,0.0,Fluo-C2DL-Huh7,02,Huh7,#2db95f
32,Cell,14,14.0,857.0,384.0,0.0,0.0,0.0,0.0,0.0,0.0,0.0,Fluo-C2DL-Huh7,02,Huh7,#2db95f
32,Cell,15,15.0,857.0,384.0,0.0,0.0,0.0,0.0,0.0,0.0,0.0,Fluo-C2DL-Huh7,02,Huh7,#2db95f
32,Cell,16,16.0,857.0,384.0,0.0,0.0,0.0,0.0,0.0,0.0,0.0,Fluo-C2DL-Huh7,02,Huh7,#2db95f
32,Cell,17,17.0,858.0,381.0,1.0,-3.0,3.1622776601683795,3.1622776601683795,3.1622776601683795,3.1622776601683795,-71.56505117707799,Fluo-C2DL-Huh7,02,Huh7,#2db95f
32,Cell,18,18.0,858.0,381.0,1.0,-3.0,0.0,3.1622776601683795,3.1622776601683795,0.0,0.0,Fluo-C2DL-Huh7,02,Huh7,#2db95f
32,Cell,19,19.0,867.5,376.0,10.5,-8.0,10.735455276791944,13.897732936960324,13.200378782444083,10.735455276791944,-27.758540601060027,Fluo-C2DL-Huh7,02,Huh7,#2db95f
32,Cell,20,20.0,868.0,377.0,11.0,-7.0,1.118033988749895,15.01576692571022,13.038404810405298,1.118033988749895,63.43494882292201,Fluo-C2DL-Huh7,02,Huh7,#2db95f
32,Cell,21,21.0,867.0,376.0,10.0,-8.0,1.4142135623730951,16.429980488083313,12.806248474865695,1.4142135623730951,-135.0,Fluo-C2DL-Huh7,02,Huh7,#2db95f
32,Cell,22,22.0,867.0,376.0,10.0,-8.0,0.0,16.429980488083313,12.806248474865695,0.0,0.0,Fluo-C2DL-Huh7,02,Huh7,#2db95f
32,Cell,23,23.0,862.0,375.0,5.0,-9.0,5.0990195135927845,21.529000001676096,10.295630140987,5.0990195135927845,-168.6900675259798,Fluo-C2DL-Huh7,02,Huh7,#2db95f
32,Cell,24,24.0,860.0,375.0,3.0,-9.0,2.0,23.529000001676096,9.486832980505138,2.0,180.0,Fluo-C2DL-Huh7,02,Huh7,#2db95f
32,Cell,25,25.0,856.0,381.0,-1.0,-3.0,7.211102550927978,30.740102552604075,3.1622776601683795,7.211102550927978,123.6900675259798,Fluo-C2DL-Huh7,02,Huh7,#2db95f
32,Cell,26,26.0,856.0,381.0,-1.0,-3.0,0.0,30.740102552604075,3.1622776601683795,0.0,0.0,Fluo-C2DL-Huh7,02,Huh7,#2db95f
32,Cell,27,27.0,856.0,377.0,-1.0,-7.0,4.0,34.74010255260407,7.071067811865476,4.0,-90.0,Fluo-C2DL-Huh7,02,Huh7,#2db95f
32,Cell,28,28.0,856.0,377.0,-1.0,-7.0,0.0,34.74010255260407,7.071067811865476,0.0,0.0,Fluo-C2DL-Huh7,02,Huh7,#2db95f
32,Cell,29,29.0,851.0,372.0,-6.0,-12.0,7.071067811865476,41.81117036446955,13.41640786499874,7.071067811865476,-135.0,Fluo-C2DL-Huh7,02,Huh7,#2db95f
12,Cell,0,0.0,443.0,514.0,0.0,0.0,0.0,0.0,0.0,0.0,0.0,Fluo-C2DL-Huh7,02,Huh7,#2db95f
12,Cell,1,1.0,443.0,513.0,0.0,-1.0,1.0,1.0,1.0,1.0,-90.0,Fluo-C2DL-Huh7,02,Huh7,#2db95f
12,Cell,2,2.0,448.0,511.0,5.0,-3.0,5.385164807134504,6.385164807134504,5.830951894845301,5.385164807134504,-21.80140948635181,Fluo-C2DL-Huh7,02,Huh7,#2db95f
12,Cell,3,3.0,451.5,508.0,8.5,-6.0,4.609772228646444,10.994937035780946,10.404326023342406,4.609772228646444,-40.60129464500447,Fluo-C2DL-Huh7,02,Huh7,#2db95f
12,Cell,4,4.0,453.0,506.5,10.0,-7.5,2.1213203435596424,13.116257379340588,12.5,2.1213203435596424,-45.0,Fluo-C2DL-Huh7,02,Huh7,#2db95f
12,Cell,5,5.0,453.0,506.0,10.0,-8.0,0.5,13.616257379340588,12.806248474865695,0.5,-90.0,Fluo-C2DL-Huh7,02,Huh7,#2db95f
12,Cell,6,6.0,452.0,504.0,9.0,-10.0,2.23606797749979,15.852325356840378,13.45362404707371,2.23606797749979,-116.565051177078,Fluo-C2DL-Huh7,02,Huh7,#2db95f
12,Cell,7,7.0,452.0,504.0,9.0,-10.0,0.0,15.852325356840378,13.45362404707371,0.0,0.0,Fluo-C2DL-Huh7,02,Huh7,#2db95f
12,Cell,8,8.0,453.0,502.0,10.0,-12.0,2.23606797749979,18.088393334340168,15.620499351813308,2.23606797749979,-63.43494882292201,Fluo-C2DL-Huh7,02,Huh7,#2db95f
12,Cell,9,9.0,454.0,501.0,11.0,-13.0,1.4142135623730951,19.502606896713264,17.029386365926403,1.4142135623730951,-45.0,Fluo-C2DL-Huh7,02,Huh7,#2db95f
12,Cell,10,10.0,454.0,501.0,11.0,-13.0,0.0,19.502606896713264,17.029386365926403,0.0,0.0,Fluo-C2DL-Huh7,02,Huh7,#2db95f
12,Cell,11,11.0,453.0,503.0,10.0,-11.0,2.23606797749979,21.738674874213054,14.866068747318506,2.23606797749979,116.565051177078,Fluo-C2DL-Huh7,02,Huh7,#2db95f
12,Cell,12,12.0,453.0,501.0,10.0,-13.0,2.0,23.738674874213054,16.401219466856727,2.0,-90.0,Fluo-C2DL-Huh7,02,Huh7,#2db95f
12,Cell,13,13.0,454.0,500.0,11.0,-14.0,1.4142135623730951,25.15288843658615,17.804493814764857,1.4142135623730951,-45.0,Fluo-C2DL-Huh7,02,Huh7,#2db95f
12,Cell,14,14.0,457.0,500.0,14.0,-14.0,3.0,28.15288843658615,19.79898987322333,3.0,0.0,Fluo-C2DL-Huh7,02,Huh7,#2db95f
12,Cell,15,15.0,459.0,498.0,16.0,-16.0,2.8284271247461903,30.98131556133234,22.62741699796952,2.8284271247461903,-45.0,Fluo-C2DL-Huh7,02,Huh7,#2db95f
12,Cell,16,16.0,461.0,498.0,18.0,-16.0,2.0,32.98131556133234,24.08318915758459,2.0,0.0,Fluo-C2DL-Huh7,02,Huh7,#2db95f
12,Cell,17,17.0,461.0,498.0,18.0,-16.0,0.0,32.98131556133234,24.08318915758459,0.0,0.0,Fluo-C2DL-Huh7,02,Huh7,#2db95f
12,Cell,18,18.0,460.0,499.0,17.0,-15.0,1.4142135623730951,34.39552912370543,22.67156809750927,1.4142135623730951,135.0,Fluo-C2DL-Huh7,02,Huh7,#2db95f
12,Cell,19,19.0,468.0,503.0,25.0,-11.0,8.94427190999916,43.33980103370459,27.31300056749533,8.94427190999916,26.56505117707799,Fluo-C2DL-Huh7,02,Huh7,#2db95f
12,Cell,20,20.0,468.0,503.0,25.0,-11.0,0.0,43.33980103370459,27.31300056749533,0.0,0.0,Fluo-C2DL-Huh7,02,Huh7,#2db95f
12,Cell,21,21.0,470.0,502.0,27.0,-12.0,2.23606797749979,45.575869011204375,29.546573405388315,2.23606797749979,-26.56505117707799,Fluo-C2DL-Huh7,02,Huh7,#2db95f
12,Cell,22,22.0,470.0,499.0,27.0,-15.0,3.0,48.575869011204375,30.886890422961,3.0,-90.0,Fluo-C2DL-Huh7,02,Huh7,#2db95f
12,Cell,23,23.0,470.0,499.0,27.0,-15.0,0.0,48.575869011204375,30.886890422961,0.0,0.0,Fluo-C2DL-Huh7,02,Huh7,#2db95f
12,Cell,24,24.0,480.0,495.0,37.0,-19.0,10.770329614269007,59.34619862547338,41.593268686170845,10.770329614269007,-21.80140948635181,Fluo-C2DL-Huh7,02,Huh7,#2db95f
12,Cell,25,25.0,477.0,500.0,34.0,-14.0,5.830951894845301,65.17715052031869,36.76955262170047,5.830951894845301,120.96375653207352,Fluo-C2DL-Huh7,02,Huh7,#2db95f
12,Cell,26,26.0,480.0,505.0,37.0,-9.0,5.830951894845301,71.00810241516399,38.07886552931954,5.830951894845301,59.03624346792648,Fluo-C2DL-Huh7,02,Huh7,#2db95f
12,Cell,27,27.0,481.0,506.0,38.0,-8.0,1.4142135623730951,72.42231597753708,38.8329756778952,1.4142135623730951,45.0,Fluo-C2DL-Huh7,02,Huh7,#2db95f
12,Cell,28,28.0,484.0,505.0,41.0,-9.0,3.1622776601683795,75.58459363770547,41.97618372363071,3.1622776601683795,-18.43494882292201,Fluo-C2DL-Huh7,02,Huh7,#2db95f
12,Cell,29,29.0,485.0,503.0,42.0,-11.0,2.23606797749979,77.82066161520525,43.41658669218482,2.23606797749979,-63.43494882292201,Fluo-C2DL-Huh7,02,Huh7,#2db95f
42,Cell,0,0.0,99.0,893.0,0.0,0.0,0.0,0.0,0.0,0.0,0.0,Fluo-C2DL-Huh7,02,Huh7,#2db95f
42,Cell,1,1.0,98.0,891.0,-1.0,-2.0,2.23606797749979,2.23606797749979,2.23606797749979,2.23606797749979,-116.565051177078,Fluo-C2DL-Huh7,02,Huh7,#2db95f
42,Cell,2,2.0,97.0,890.0,-2.0,-3.0,1.4142135623730951,3.6502815398728847,3.605551275463989,1.4142135623730951,-135.0,Fluo-C2DL-Huh7,02,Huh7,#2db95f
42,Cell,3,3.0,103.0,883.0,4.0,-10.0,9.219544457292889,12.869825997165773,10.770329614269007,9.219544457292889,-49.39870535499554,Fluo-C2DL-Huh7,02,Huh7,#2db95f
42,Cell,4,4.0,101.0,884.0,2.0,-9.0,2.23606797749979,15.105893974665562,9.219544457292889,2.23606797749979,153.43494882292202,Fluo-C2DL-Huh7,02,Huh7,#2db95f
42,Cell,5,5.0,101.0,884.0,2.0,-9.0,0.0,15.105893974665562,9.219544457292889,0.0,0.0,Fluo-C2DL-Huh7,02,Huh7,#2db95f
42,Cell,6,6.0,99.0,888.0,0.0,-5.0,4.47213595499958,19.578029929665146,5.0,4.47213595499958,116.565051177078,Fluo-C2DL-Huh7,02,Huh7,#2db95f
42,Cell,7,7.0,93.0,898.0,-6.0,5.0,11.6619037896906,31.239933719355744,7.810249675906654,11.6619037896906,120.96375653207352,Fluo-C2DL-Huh7,02,Huh7,#2db95f
42,Cell,8,8.0,88.0,900.0,-11.0,7.0,5.385164807134504,36.62509852649025,13.038404810405298,5.385164807134504,158.19859051364818,Fluo-C2DL-Huh7,02,Huh7,#2db95f
42,Cell,9,9.0,82.0,907.0,-17.0,14.0,9.219544457292889,45.84464298378313,22.02271554554524,9.219544457292889,130.6012946450045,Fluo-C2DL-Huh7,02,Huh7,#2db95f
42,Cell,10,10.0,76.0,910.0,-23.0,17.0,6.708203932499369,52.552846916282505,28.600699292150185,6.708203932499369,153.43494882292202,Fluo-C2DL-Huh7,02,Huh7,#2db95f
42,Cell,11,11.0,74.0,908.0,-25.0,15.0,2.8284271247461903,55.381274041028696,29.154759474226505,2.8284271247461903,-135.0,Fluo-C2DL-Huh7,02,Huh7,#2db95f
42,Cell,12,12.0,72.0,904.0,-27.0,11.0,4.47213595499958,59.85340999602828,29.154759474226505,4.47213595499958,-116.565051177078,Fluo-C2DL-Huh7,02,Huh7,#2db95f
42,Cell,13,13.0,71.0,904.0,-28.0,11.0,1.0,60.85340999602828,30.083217912982647,1.0,180.0,Fluo-C2DL-Huh7,02,Huh7,#2db95f
42,Cell,14,14.0,70.0,907.0,-29.0,14.0,3.1622776601683795,64.01568765619666,32.202484376209235,3.1622776601683795,108.434948822922,Fluo-C2DL-Huh7,02,Huh7,#2db95f
42,Cell,15,15.0,70.0,908.0,-29.0,15.0,1.0,65.01568765619666,32.64965543462902,1.0,90.0,Fluo-C2DL-Huh7,02,Huh7,#2db95f
42,Cell,16,16.0,69.0,905.0,-30.0,12.0,3.1622776601683795,68.17796531636505,32.31098884280702,3.1622776601683795,-108.434948822922,Fluo-C2DL-Huh7,02,Huh7,#2db95f
42,Cell,17,17.0,70.0,906.0,-29.0,13.0,1.4142135623730951,69.59217887873814,31.78049716414141,1.4142135623730951,45.0,Fluo-C2DL-Huh7,02,Huh7,#2db95f
42,Cell,18,18.0,72.0,907.0,-27.0,14.0,2.23606797749979,71.82824685623793,30.4138126514911,2.23606797749979,26.56505117707799,Fluo-C2DL-Huh7,02,Huh7,#2db95f
42,Cell,19,19.0,75.0,905.0,-24.0,12.0,3.605551275463989,75.43379813170192,26.83281572999748,3.605551275463989,-33.690067525979785,Fluo-C2DL-Huh7,02,Huh7,#2db95f
42,Cell,20,20.0,78.0,901.0,-21.0,8.0,5.0,80.43379813170192,22.47220505424423,5.0,-53.13010235415598,Fluo-C2DL-Huh7,02,Huh7,#2db95f
42,Cell,21,21.0,81.0,895.0,-18.0,2.0,6.708203932499369,87.1420020642013,18.110770276274835,6.708203932499369,-63.43494882292201,Fluo-C2DL-Huh7,02,Huh7,#2db95f
42,Cell,22,22.0,84.0,891.0,-15.0,-2.0,5.0,92.1420020642013,15.132745950421556,5.0,-53.13010235415598,Fluo-C2DL-Huh7,02,Huh7,#2db95f
42,Cell,23,23.0,89.0,885.0,-10.0,-8.0,7.810249675906654,99.95225174010795,12.806248474865695,7.810249675906654,-50.19442890773481,Fluo-C2DL-Huh7,02,Huh7,#2db95f
42,Cell,24,24.0,88.0,884.0,-11.0,-9.0,1.4142135623730951,101.36646530248105,14.212670403551895,1.4142135623730951,-135.0,Fluo-C2DL-Huh7,02,Huh7,#2db95f
42,Cell,25,25.0,86.0,886.0,-13.0,-7.0,2.8284271247461903,104.19489242722724,14.7648230602334,2.8284271247461903,135.0,Fluo-C2DL-Huh7,02,Huh7,#2db95f
42,Cell,26,26.0,85.0,883.0,-14.0,-10.0,3.1622776601683795,107.35717008739562,17.204650534085253,3.1622776601683795,-108.434948822922,Fluo-C2DL-Huh7,02,Huh7,#2db95f
42,Cell,27,27.0,91.0,883.0,-8.0,-10.0,6.0,113.35717008739562,12.806248474865695,6.0,0.0,Fluo-C2DL-Huh7,02,Huh7,#2db95f
42,Cell,28,28.0,88.0,883.0,-11.0,-10.0,3.0,116.35717008739562,14.866068747318506,3.0,180.0,Fluo-C2DL-Huh7,02,Huh7,#2db95f
42,Cell,29,29.0,90.0,879.0,-9.0,-14.0,4.47213595499958,120.8293060423952,16.64331697709324,4.47213595499958,-63.43494882292201,Fluo-C2DL-Huh7,02,Huh7,#2db95f
74,Cell,0,0.0,451.0,921.0,0.0,0.0,0.0,0.0,0.0,0.0,0.0,Fluo-C2DL-Huh7,02,Huh7,#2db95f
74,Cell,1,1.0,448.0,918.0,-3.0,-3.0,4.242640687119285,4.242640687119285,4.242640687119285,4.242640687119285,-135.0,Fluo-C2DL-Huh7,02,Huh7,#2db95f
74,Cell,2,2.0,443.0,907.0,-8.0,-14.0,12.083045973594572,16.325686660713856,16.1245154965971,12.083045973594572,-114.44395478041652,Fluo-C2DL-Huh7,02,Huh7,#2db95f
74,Cell,3,3.0,440.0,897.0,-11.0,-24.0,10.44030650891055,26.76599316962441,26.40075756488817,10.44030650891055,-106.69924423399362,Fluo-C2DL-Huh7,02,Huh7,#2db95f
74,Cell,4,4.0,441.0,892.0,-10.0,-29.0,5.0990195135927845,31.865012683217195,30.675723300355934,5.0990195135927845,-78.69006752597979,Fluo-C2DL-Huh7,02,Huh7,#2db95f
74,Cell,5,5.0,440.0,892.0,-11.0,-29.0,1.0,32.865012683217195,31.016124838541646,1.0,180.0,Fluo-C2DL-Huh7,02,Huh7,#2db95f
74,Cell,6,6.0,440.0,892.0,-11.0,-29.0,0.0,32.865012683217195,31.016124838541646,0.0,0.0,Fluo-C2DL-Huh7,02,Huh7,#2db95f
74,Cell,7,7.0,439.0,885.0,-12.0,-36.0,7.071067811865476,39.93608049508267,37.94733192202055,7.071067811865476,-98.130102354156,Fluo-C2DL-Huh7,02,Huh7,#2db95f
74,Cell,8,8.0,438.0,884.0,-13.0,-37.0,1.4142135623730951,41.35029405745576,39.21734310225516,1.4142135623730951,-135.0,Fluo-C2DL-Huh7,02,Huh7,#2db95f
74,Cell,9,9.0,436.0,887.0,-15.0,-34.0,3.605551275463989,44.95584533291975,37.16180835212409,3.605551275463989,123.6900675259798,Fluo-C2DL-Huh7,02,Huh7,#2db95f
74,Cell,10,10.0,438.0,890.0,-13.0,-31.0,3.605551275463989,48.56139660838374,33.61547262794322,3.605551275463989,56.309932474020215,Fluo-C2DL-Huh7,02,Huh7,#2db95f
74,Cell,11,11.0,438.0,890.0,-13.0,-31.0,0.0,48.56139660838374,33.61547262794322,0.0,0.0,Fluo-C2DL-Huh7,02,Huh7,#2db95f
74,Cell,12,12.0,438.0,890.0,-13.0,-31.0,0.0,48.56139660838374,33.61547262794322,0.0,0.0,Fluo-C2DL-Huh7,02,Huh7,#2db95f
74,Cell,13,13.0,439.0,890.0,-12.0,-31.0,1.0,49.56139660838374,33.24154027718932,1.0,0.0,Fluo-C2DL-Huh7,02,Huh7,#2db95f
74,Cell,14,14.0,439.0,887.0,-12.0,-34.0,3.0,52.56139660838374,36.05551275463989,3.0,-90.0,Fluo-C2DL-Huh7,02,Huh7,#2db95f
74,Cell,15,15.0,441.0,886.0,-10.0,-35.0,2.23606797749979,54.79746458588353,36.40054944640259,2.23606797749979,-26.56505117707799,Fluo-C2DL-Huh7,02,Huh7,#2db95f
74,Cell,16,16.0,447.0,886.0,-4.0,-35.0,6.0,60.79746458588353,35.22782990761707,6.0,0.0,Fluo-C2DL-Huh7,02,Huh7,#2db95f
74,Cell,17,17.0,448.0,889.0,-3.0,-32.0,3.1622776601683795,63.95974224605191,32.14031735997639,3.1622776601683795,71.56505117707799,Fluo-C2DL-Huh7,02,Huh7,#2db95f
74,Cell,18,18.0,448.0,889.0,-3.0,-32.0,0.0,63.95974224605191,32.14031735997639,0.0,0.0,Fluo-C2DL-Huh7,02,Huh7,#2db95f
74,Cell,19,19.0,448.0,889.0,-3.0,-32.0,0.0,63.95974224605191,32.14031735997639,0.0,0.0,Fluo-C2DL-Huh7,02,Huh7,#2db95f
74,Cell,20,20.0,448.0,889.0,-3.0,-32.0,0.0,63.95974224605191,32.14031735997639,0.0,0.0,Fluo-C2DL-Huh7,02,Huh7,#2db95f
74,Cell,21,21.0,449.0,891.0,-2.0,-30.0,2.23606797749979,66.1958102235517,30.066592756745816,2.23606797749979,63.43494882292201,Fluo-C2DL-Huh7,02,Huh7,#2db95f
74,Cell,22,22.0,449.0,891.5,-2.0,-29.5,0.5,66.6958102235517,29.56771888394504,0.5,90.0,Fluo-C2DL-Huh7,02,Huh7,#2db95f
74,Cell,23,23.0,448.0,892.0,-3.0,-29.0,1.118033988749895,67.8138442123016,29.154759474226505,1.118033988749895,153.43494882292202,Fluo-C2DL-Huh7,02,Huh7,#2db95f
74,Cell,24,24.0,448.0,891.0,-3.0,-30.0,1.0,68.8138442123016,30.14962686336267,1.0,-90.0,Fluo-C2DL-Huh7,02,Huh7,#2db95f
74,Cell,25,25.0,448.0,891.0,-3.0,-30.0,0.0,68.8138442123016,30.14962686336267,0.0,0.0,Fluo-C2DL-Huh7,02,Huh7,#2db95f
74,Cell,26,26.0,448.0,891.0,-3.0,-30.0,0.0,68.8138442123016,30.14962686336267,0.0,0.0,Fluo-C2DL-Huh7,02,Huh7,#2db95f
74,Cell,27,27.0,447.0,891.0,-4.0,-30.0,1.0,69.8138442123016,30.265491900843116,1.0,180.0,Fluo-C2DL-Huh7,02,Huh7,#2db95f
74,Cell,28,28.0,447.0,890.0,-4.0,-31.0,1.0,70.8138442123016,31.25699921617557,1.0,-90.0,Fluo-C2DL-Huh7,02,Huh7,#2db95f
74,Cell,29,29.0,449.0,888.0,-2.0,-33.0,2.8284271247461903,73.64227133704779,33.06055050963308,2.8284271247461903,-45.0,Fluo-C2DL-Huh7,02,Huh7,#2db95f
30,Cell,0,0.0,874.0,252.0,0.0,0.0,0.0,0.0,0.0,0.0,0.0,Fluo-C2DL-Huh7,02,Huh7,#2db95f
30,Cell,1,1.0,872.0,248.0,-2.0,-4.0,4.47213595499958,4.47213595499958,4.47213595499958,4.47213595499958,-116.565051177078,Fluo-C2DL-Huh7,02,Huh7,#2db95f
30,Cell,2,2.0,870.0,247.0,-4.0,-5.0,2.23606797749979,6.708203932499369,6.4031242374328485,2.23606797749979,-153.43494882292202,Fluo-C2DL-Huh7,02,Huh7,#2db95f
30,Cell,3,3.0,870.0,247.0,-4.0,-5.0,0.0,6.708203932499369,6.4031242374328485,0.0,0.0,Fluo-C2DL-Huh7,02,Huh7,#2db95f
30,Cell,4,4.0,870.0,247.0,-4.0,-5.0,0.0,6.708203932499369,6.4031242374328485,0.0,0.0,Fluo-C2DL-Huh7,02,Huh7,#2db95f
30,Cell,5,5.0,870.0,248.0,-4.0,-4.0,1.0,7.708203932499369,5.656854249492381,1.0,90.0,Fluo-C2DL-Huh7,02,Huh7,#2db95f
30,Cell,6,6.0,868.0,253.0,-6.0,1.0,5.385164807134504,13.093368739633874,6.082762530298219,5.385164807134504,111.80140948635182,Fluo-C2DL-Huh7,02,Huh7,#2db95f
30,Cell,7,7.0,874.0,241.0,0.0,-11.0,13.41640786499874,26.509776604632613,11.0,13.41640786499874,-63.43494882292201,Fluo-C2DL-Huh7,02,Huh7,#2db95f
30,Cell,8,8.0,871.0,244.0,-3.0,-8.0,4.242640687119285,30.752417291751897,8.54400374531753,4.242640687119285,135.0,Fluo-C2DL-Huh7,02,Huh7,#2db95f
30,Cell,9,9.0,871.0,244.0,-3.0,-8.0,0.0,30.752417291751897,8.54400374531753,0.0,0.0,Fluo-C2DL-Huh7,02,Huh7,#2db95f
30,Cell,10,10.0,871.0,245.0,-3.0,-7.0,1.0,31.752417291751897,7.615773105863909,1.0,90.0,Fluo-C2DL-Huh7,02,Huh7,#2db95f
30,Cell,11,11.0,871.0,245.0,-3.0,-7.0,0.0,31.752417291751897,7.615773105863909,0.0,0.0,Fluo-C2DL-Huh7,02,Huh7,#2db95f
30,Cell,12,12.0,871.0,245.0,-3.0,-7.0,0.0,31.752417291751897,7.615773105863909,0.0,0.0,Fluo-C2DL-Huh7,02,Huh7,#2db95f
30,Cell,13,13.0,871.0,245.0,-3.0,-7.0,0.0,31.752417291751897,7.615773105863909,0.0,0.0,Fluo-C2DL-Huh7,02,Huh7,#2db95f
30,Cell,14,14.0,871.0,245.0,-3.0,-7.0,0.0,31.752417291751897,7.615773105863909,0.0,0.0,Fluo-C2DL-Huh7,02,Huh7,#2db95f
30,Cell,15,15.0,871.0,242.0,-3.0,-10.0,3.0,34.7524172917519,10.44030650891055,3.0,-90.0,Fluo-C2DL-Huh7,02,Huh7,#2db95f
30,Cell,16,16.0,871.0,242.0,-3.0,-10.0,0.0,34.7524172917519,10.44030650891055,0.0,0.0,Fluo-C2DL-Huh7,02,Huh7,#2db95f
30,Cell,17,17.0,871.0,242.0,-3.0,-10.0,0.0,34.7524172917519,10.44030650891055,0.0,0.0,Fluo-C2DL-Huh7,02,Huh7,#2db95f
30,Cell,18,18.0,871.0,242.0,-3.0,-10.0,0.0,34.7524172917519,10.44030650891055,0.0,0.0,Fluo-C2DL-Huh7,02,Huh7,#2db95f
30,Cell,19,19.0,871.0,242.0,-3.0,-10.0,0.0,34.7524172917519,10.44030650891055,0.0,0.0,Fluo-C2DL-Huh7,02,Huh7,#2db95f
30,Cell,20,20.0,874.0,245.0,0.0,-7.0,4.242640687119285,38.99505797887118,7.0,4.242640687119285,45.0,Fluo-C2DL-Huh7,02,Huh7,#2db95f
30,Cell,21,21.0,876.0,241.0,2.0,-11.0,4.47213595499958,43.46719393387076,11.180339887498947,4.47213595499958,-63.43494882292201,Fluo-C2DL-Huh7,02,Huh7,#2db95f
30,Cell,22,22.0,876.0,242.0,2.0,-10.0,1.0,44.46719393387076,10.198039027185567,1.0,90.0,Fluo-C2DL-Huh7,02,Huh7,#2db95f
30,Cell,23,23.0,876.0,243.0,2.0,-9.0,1.0,45.46719393387076,9.219544457292889,1.0,90.0,Fluo-C2DL-Huh7,02,Huh7,#2db95f
30,Cell,24,24.0,875.0,246.0,1.0,-6.0,3.1622776601683795,48.62947159403914,6.082762530298219,3.1622776601683795,108.434948822922,Fluo-C2DL-Huh7,02,Huh7,#2db95f
30,Cell,25,25.0,872.0,245.0,-2.0,-7.0,3.1622776601683795,51.79174925420752,7.280109889280518,3.1622776601683795,-161.56505117707798,Fluo-C2DL-Huh7,02,Huh7,#2db95f
30,Cell,26,26.0,870.0,248.0,-4.0,-4.0,3.605551275463989,55.397300529671504,5.656854249492381,3.605551275463989,123.6900675259798,Fluo-C2DL-Huh7,02,Huh7,#2db95f
30,Cell,27,27.0,870.0,248.0,-4.0,-4.0,0.0,55.397300529671504,5.656854249492381,0.0,0.0,Fluo-C2DL-Huh7,02,Huh7,#2db95f
30,Cell,28,28.0,872.0,249.0,-2.0,-3.0,2.23606797749979,57.6333685071713,3.605551275463989,2.23606797749979,26.56505117707799,Fluo-C2DL-Huh7,02,Huh7,#2db95f
30,Cell,29,29.0,872.0,249.0,-2.0,-3.0,0.0,57.6333685071713,3.605551275463989,0.0,0.0,Fluo-C2DL-Huh7,02,Huh7,#2db95f
61,Cell,0,0.0,768.0,730.0,0.0,0.0,0.0,0.0,0.0,0.0,0.0,Fluo-C2DL-Huh7,02,Huh7,#2db95f
61,Cell,1,1.0,766.0,729.0,-2.0,-1.0,2.23606797749979,2.23606797749979,2.23606797749979,2.23606797749979,-153.43494882292202,Fluo-C2DL-Huh7,02,Huh7,#2db95f
61,Cell,2,2.0,767.0,725.0,-1.0,-5.0,4.123105625617661,6.35917360311745,5.0990195135927845,4.123105625617661,-75.96375653207353,Fluo-C2DL-Huh7,02,Huh7,#2db95f
61,Cell,3,3.0,767.0,725.0,-1.0,-5.0,0.0,6.35917360311745,5.0990195135927845,0.0,0.0,Fluo-C2DL-Huh7,02,Huh7,#2db95f
61,Cell,4,4.0,767.0,728.0,-1.0,-2.0,3.0,9.359173603117451,2.23606797749979,3.0,90.0,Fluo-C2DL-Huh7,02,Huh7,#2db95f
61,Cell,5,5.0,767.0,728.0,-1.0,-2.0,0.0,9.359173603117451,2.23606797749979,0.0,0.0,Fluo-C2DL-Huh7,02,Huh7,#2db95f
61,Cell,6,6.0,766.0,729.0,-2.0,-1.0,1.4142135623730951,10.773387165490549,2.23606797749979,1.4142135623730951,135.0,Fluo-C2DL-Huh7,02,Huh7,#2db95f
61,Cell,7,7.0,766.0,729.0,-2.0,-1.0,0.0,10.773387165490549,2.23606797749979,0.0,0.0,Fluo-C2DL-Huh7,02,Huh7,#2db95f
61,Cell,8,8.0,765.0,727.0,-3.0,-3.0,2.23606797749979,13.009455142990335,4.242640687119285,2.23606797749979,-116.565051177078,Fluo-C2DL-Huh7,02,Huh7,#2db95f
61,Cell,9,9.0,765.0,727.0,-3.0,-3.0,0.0,13.009455142990335,4.242640687119285,0.0,0.0,Fluo-C2DL-Huh7,02,Huh7,#2db95f
61,Cell,10,10.0,765.0,727.0,-3.0,-3.0,0.0,13.009455142990335,4.242640687119285,0.0,0.0,Fluo-C2DL-Huh7,02,Huh7,#2db95f
61,Cell,11,11.0,766.0,726.0,-2.0,-4.0,1.4142135623730951,14.423668705363433,4.47213595499958,1.4142135623730951,-45.0,Fluo-C2DL-Huh7,02,Huh7,#2db95f
61,Cell,12,12.0,765.0,727.0,-3.0,-3.0,1.4142135623730951,15.837882267736529,4.242640687119285,1.4142135623730951,135.0,Fluo-C2DL-Huh7,02,Huh7,#2db95f
61,Cell,13,13.0,764.0,727.0,-4.0,-3.0,1.0,16.83788226773653,5.0,1.0,180.0,Fluo-C2DL-Huh7,02,Huh7,#2db95f
61,Cell,14,14.0,764.0,727.0,-4.0,-3.0,0.0,16.83788226773653,5.0,0.0,0.0,Fluo-C2DL-Huh7,02,Huh7,#2db95f
61,Cell,15,15.0,764.0,727.0,-4.0,-3.0,0.0,16.83788226773653,5.0,0.0,0.0,Fluo-C2DL-Huh7,02,Huh7,#2db95f
61,Cell,16,16.0,765.0,728.0,-3.0,-2.0,1.4142135623730951,18.252095830109624,3.605551275463989,1.4142135623730951,45.0,Fluo-C2DL-Huh7,02,Huh7,#2db95f
61,Cell,17,17.0,765.0,728.0,-3.0,-2.0,0.0,18.252095830109624,3.605551275463989,0.0,0.0,Fluo-C2DL-Huh7,02,Huh7,#2db95f
61,Cell,18,18.0,765.0,727.0,-3.0,-3.0,1.0,19.252095830109624,4.242640687119285,1.0,-90.0,Fluo-C2DL-Huh7,02,Huh7,#2db95f
61,Cell,19,19.0,764.0,726.0,-4.0,-4.0,1.4142135623730951,20.66630939248272,5.656854249492381,1.4142135623730951,-135.0,Fluo-C2DL-Huh7,02,Huh7,#2db95f
61,Cell,20,20.0,765.0,726.0,-3.0,-4.0,1.0,21.66630939248272,5.0,1.0,0.0,Fluo-C2DL-Huh7,02,Huh7,#2db95f
61,Cell,21,21.0,765.0,726.0,-3.0,-4.0,0.0,21.66630939248272,5.0,0.0,0.0,Fluo-C2DL-Huh7,02,Huh7,#2db95f
61,Cell,22,22.0,766.0,730.0,-2.0,0.0,4.123105625617661,25.78941501810038,2.0,4.123105625617661,75.96375653207353,Fluo-C2DL-Huh7,02,Huh7,#2db95f
61,Cell,23,23.0,767.0,730.0,-1.0,0.0,1.0,26.78941501810038,1.0,1.0,0.0,Fluo-C2DL-Huh7,02,Huh7,#2db95f
61,Cell,24,24.0,766.0,715.0,-2.0,-15.0,15.033296378372908,41.82271139647329,15.132745950421556,15.033296378372908,-93.81407483429037,Fluo-C2DL-Huh7,02,Huh7,#2db95f
61,Cell,25,25.0,778.0,706.0,10.0,-24.0,15.0,56.82271139647329,26.0,15.0,-36.86989764584402,Fluo-C2DL-Huh7,02,Huh7,#2db95f
61,Cell,26,26.0,770.0,720.0,2.0,-10.0,16.1245154965971,72.9472268930704,10.198039027185567,16.1245154965971,119.74488129694224,Fluo-C2DL-Huh7,02,Huh7,#2db95f
61,Cell,27,27.0,767.0,730.0,-1.0,0.0,10.44030650891055,83.38753340198095,1.0,10.44030650891055,106.69924423399362,Fluo-C2DL-Huh7,02,Huh7,#2db95f
61,Cell,28,28.0,767.0,724.0,-1.0,-6.0,6.0,89.38753340198095,6.082762530298219,6.0,-90.0,Fluo-C2DL-Huh7,02,Huh7,#2db95f
61,Cell,29,29.0,766.0,725.0,-2.0,-5.0,1.4142135623730951,90.80174696435404,5.385164807134504,1.4142135623730951,135.0,Fluo-C2DL-Huh7,02,Huh7,#2db95f
33,Cell,0,0.0,942.0,378.0,0.0,0.0,0.0,0.0,0.0,0.0,0.0,Fluo-C2DL-Huh7,02,Huh7,#2db95f
33,Cell,1,1.0,942.0,378.0,0.0,0.0,0.0,0.0,0.0,0.0,0.0,Fluo-C2DL-Huh7,02,Huh7,#2db95f
33,Cell,2,2.0,942.0,378.0,0.0,0.0,0.0,0.0,0.0,0.0,0.0,Fluo-C2DL-Huh7,02,Huh7,#2db95f
33,Cell,3,3.0,942.0,378.0,0.0,0.0,0.0,0.0,0.0,0.0,0.0,Fluo-C2DL-Huh7,02,Huh7,#2db95f
33,Cell,4,4.0,942.0,378.0,0.0,0.0,0.0,0.0,0.0,0.0,0.0,Fluo-C2DL-Huh7,02,Huh7,#2db95f
33,Cell,5,5.0,942.0,378.0,0.0,0.0,0.0,0.0,0.0,0.0,0.0,Fluo-C2DL-Huh7,02,Huh7,#2db95f
33,Cell,6,6.0,942.0,378.0,0.0,0.0,0.0,0.0,0.0,0.0,0.0,Fluo-C2DL-Huh7,02,Huh7,#2db95f
33,Cell,7,7.0,946.5,381.0,4.5,3.0,5.408326913195984,5.408326913195984,5.408326913195984,5.408326913195984,33.690067525979785,Fluo-C2DL-Huh7,02,Huh7,#2db95f
33,Cell,8,8.0,947.0,381.0,5.0,3.0,0.5,5.908326913195984,5.830951894845301,0.5,0.0,Fluo-C2DL-Huh7,02,Huh7,#2db95f
33,Cell,9,9.0,947.0,381.0,5.0,3.0,0.0,5.908326913195984,5.830951894845301,0.0,0.0,Fluo-C2DL-Huh7,02,Huh7,#2db95f
33,Cell,10,10.0,947.0,381.0,5.0,3.0,0.0,5.908326913195984,5.830951894845301,0.0,0.0,Fluo-C2DL-Huh7,02,Huh7,#2db95f
33,Cell,11,11.0,946.0,388.0,4.0,10.0,7.071067811865476,12.97939472506146,10.770329614269007,7.071067811865476,98.130102354156,Fluo-C2DL-Huh7,02,Huh7,#2db95f
33,Cell,12,12.0,946.0,389.0,4.0,11.0,1.0,13.97939472506146,11.704699910719626,1.0,90.0,Fluo-C2DL-Huh7,02,Huh7,#2db95f
33,Cell,13,13.0,946.0,386.0,4.0,8.0,3.0,16.97939472506146,8.94427190999916,3.0,-90.0,Fluo-C2DL-Huh7,02,Huh7,#2db95f
33,Cell,14,14.0,946.0,386.0,4.0,8.0,0.0,16.97939472506146,8.94427190999916,0.0,0.0,Fluo-C2DL-Huh7,02,Huh7,#2db95f
33,Cell,15,15.0,946.0,385.0,4.0,7.0,1.0,17.97939472506146,8.06225774829855,1.0,-90.0,Fluo-C2DL-Huh7,02,Huh7,#2db95f
33,Cell,16,16.0,946.0,385.0,4.0,7.0,0.0,17.97939472506146,8.06225774829855,0.0,0.0,Fluo-C2DL-Huh7,02,Huh7,#2db95f
33,Cell,17,17.0,935.0,358.0,-7.0,-20.0,29.154759474226505,47.13415419928796,21.18962010041709,29.154759474226505,-112.16634582208246,Fluo-C2DL-Huh7,02,Huh7,#2db95f
33,Cell,18,18.0,935.0,358.0,-7.0,-20.0,0.0,47.13415419928796,21.18962010041709,0.0,0.0,Fluo-C2DL-Huh7,02,Huh7,#2db95f
33,Cell,19,19.0,935.0,357.0,-7.0,-21.0,1.0,48.13415419928796,22.13594362117865,1.0,-90.0,Fluo-C2DL-Huh7,02,Huh7,#2db95f
33,Cell,20,20.0,934.0,358.0,-8.0,-20.0,1.4142135623730951,49.548367761661055,21.54065922853801,1.4142135623730951,135.0,Fluo-C2DL-Huh7,02,Huh7,#2db95f
33,Cell,21,21.0,934.0,359.0,-8.0,-19.0,1.0,50.548367761661055,20.615528128088304,1.0,90.0,Fluo-C2DL-Huh7,02,Huh7,#2db95f
33,Cell,22,22.0,934.0,359.0,-8.0,-19.0,0.0,50.548367761661055,20.615528128088304,0.0,0.0,Fluo-C2DL-Huh7,02,Huh7,#2db95f
33,Cell,23,23.0,934.0,359.0,-8.0,-19.0,0.0,50.548367761661055,20.615528128088304,0.0,0.0,Fluo-C2DL-Huh7,02,Huh7,#2db95f
33,Cell,24,24.0,934.0,359.0,-8.0,-19.0,0.0,50.548367761661055,20.615528128088304,0.0,0.0,Fluo-C2DL-Huh7,02,Huh7,#2db95f
33,Cell,25,25.0,934.0,359.0,-8.0,-19.0,0.0,50.548367761661055,20.615528128088304,0.0,0.0,Fluo-C2DL-Huh7,02,Huh7,#2db95f
33,Cell,26,26.0,924.0,351.0,-18.0,-27.0,12.806248474865695,63.35461623652675,32.449961479175904,12.806248474865695,-141.34019174590992,Fluo-C2DL-Huh7,02,Huh7,#2db95f
33,Cell,27,27.0,924.0,351.0,-18.0,-27.0,0.0,63.35461623652675,32.449961479175904,0.0,0.0,Fluo-C2DL-Huh7,02,Huh7,#2db95f
33,Cell,28,28.0,924.0,351.0,-18.0,-27.0,0.0,63.35461623652675,32.449961479175904,0.0,0.0,Fluo-C2DL-Huh7,02,Huh7,#2db95f
33,Cell,29,29.0,921.0,346.0,-21.0,-32.0,5.830951894845301,69.18556813137205,38.27531841800928,5.830951894845301,-120.96375653207352,Fluo-C2DL-Huh7,02,Huh7,#2db95f
15,Cell,0,0.0,718.0,414.0,0.0,0.0,0.0,0.0,0.0,0.0,0.0,Fluo-C2DL-Huh7,02,Huh7,#2db95f
15,Cell,1,1.0,717.0,410.0,-1.0,-4.0,4.123105625617661,4.123105625617661,4.123105625617661,4.123105625617661,-104.0362434679265,Fluo-C2DL-Huh7,02,Huh7,#2db95f
15,Cell,2,2.0,712.0,399.0,-6.0,-15.0,12.083045973594572,16.206151599212234,16.15549442140351,12.083045973594572,-114.44395478041652,Fluo-C2DL-Huh7,02,Huh7,#2db95f
15,Cell,3,3.0,710.0,392.0,-8.0,-22.0,7.280109889280518,23.48626148849275,23.40939982143925,7.280109889280518,-105.94539590092285,Fluo-C2DL-Huh7,02,Huh7,#2db95f
15,Cell,4,4.0,715.0,385.0,-3.0,-29.0,8.602325267042627,32.088586755535374,29.154759474226505,8.602325267042627,-54.46232220802562,Fluo-C2DL-Huh7,02,Huh7,#2db95f
15,Cell,5,5.0,718.0,376.0,0.0,-38.0,9.486832980505138,41.57541973604052,38.0,9.486832980505138,-71.56505117707799,Fluo-C2DL-Huh7,02,Huh7,#2db95f
15,Cell,6,6.0,717.0,361.0,-1.0,-53.0,15.033296378372908,56.60871611441343,53.009433122794285,15.033296378372908,-93.81407483429037,Fluo-C2DL-Huh7,02,Huh7,#2db95f
15,Cell,7,7.0,717.0,347.0,-1.0,-67.0,14.0,70.60871611441343,67.00746227100382,14.0,-90.0,Fluo-C2DL-Huh7,02,Huh7,#2db95f
15,Cell,8,8.0,715.0,336.0,-3.0,-78.0,11.180339887498947,81.78905600191237,78.05767098754612,11.180339887498947,-100.30484646876604,Fluo-C2DL-Huh7,02,Huh7,#2db95f
15,Cell,9,9.0,713.0,330.0,-5.0,-84.0,6.324555320336759,88.11361132224913,84.1486779456457,6.324555320336759,-108.434948822922,Fluo-C2DL-Huh7,02,Huh7,#2db95f
15,Cell,10,10.0,693.0,300.0,-25.0,-114.0,36.05551275463989,124.16912407688902,116.70903992407786,36.05551275463989,-123.6900675259798,Fluo-C2DL-Huh7,02,Huh7,#2db95f
15,Cell,11,11.0,667.0,295.0,-51.0,-119.0,26.476404589747453,150.6455286666365,129.46814279968643,26.476404589747453,-169.11447294534125,Fluo-C2DL-Huh7,02,Huh7,#2db95f
15,Cell,12,12.0,644.0,291.0,-74.0,-123.0,23.345235059857504,173.99076372649398,143.54441821262157,23.345235059857504,-170.13419305691565,Fluo-C2DL-Huh7,02,Huh7,#2db95f
15,Cell,13,13.0,630.0,295.0,-88.0,-119.0,14.560219778561036,188.55098350505503,148.00337833982033,14.560219778561036,164.05460409907712,Fluo-C2DL-Huh7,02,Huh7,#2db95f
15,Cell,14,14.0,628.0,289.0,-90.0,-125.0,6.324555320336759,194.8755388253918,154.02921800749365,6.324555320336759,-108.434948822922,Fluo-C2DL-Huh7,02,Huh7,#2db95f
15,Cell,15,15.0,637.0,259.0,-81.0,-155.0,31.32091952673165,226.19645835212344,174.88853593074649,31.32091952673165,-73.30075576600638,Fluo-C2DL-Huh7,02,Huh7,#2db95f
15,Cell,16,16.0,640.0,252.0,-78.0,-162.0,7.615773105863909,233.81223145798737,179.79988876526036,7.615773105863909,-66.80140948635182,Fluo-C2DL-Huh7,02,Huh7,#2db95f
15,Cell,17,17.0,641.0,241.0,-77.0,-173.0,11.04536101718726,244.8575924751746,189.3620870184948,11.04536101718726,-84.8055710922652,Fluo-C2DL-Huh7,02,Huh7,#2db95f
15,Cell,18,18.0,635.0,219.0,-83.0,-195.0,22.80350850198276,267.6611009771574,211.92923347193044,22.80350850198276,-105.25511870305778,Fluo-C2DL-Huh7,02,Huh7,#2db95f
15,Cell,19,19.0,609.0,208.0,-109.0,-206.0,28.231188426986208,295.8922894041436,233.0600780914655,28.231188426986208,-157.06789956241022,Fluo-C2DL-Huh7,02,Huh7,#2db95f
15,Cell,20,20.0,606.0,196.0,-112.0,-218.0,12.36931687685298,308.26160628099655,245.0877393914269,12.36931687685298,-104.0362434679265,Fluo-C2DL-Huh7,02,Huh7,#2db95f
15,Cell,21,21.0,594.0,188.0,-124.0,-226.0,14.422205101855956,322.6838113828525,257.78285435614214,14.422205101855956,-146.30993247402023,Fluo-C2DL-Huh7,02,Huh7,#2db95f
15,Cell,22,22.0,593.0,190.0,-125.0,-224.0,2.23606797749979,324.9198793603523,256.51705596314645,2.23606797749979,116.565051177078,Fluo-C2DL-Huh7,02,Huh7,#2db95f
15,Cell,23,23.0,593.0,189.0,-125.0,-225.0,1.0,325.9198793603523,257.390753524675,1.0,-90.0,Fluo-C2DL-Huh7,02,Huh7,#2db95f
15,Cell,24,24.0,593.0,200.0,-125.0,-214.0,11.0,336.9198793603523,247.83260479605988,11.0,90.0,Fluo-C2DL-Huh7,02,Huh7,#2db95f
15,Cell,25,25.0,585.0,211.0,-133.0,-203.0,13.601470508735444,350.5213498690877,242.68910152703603,13.601470508735444,126.02737338510362,Fluo-C2DL-Huh7,02,Huh7,#2db95f
15,Cell,26,26.0,578.0,237.0,-140.0,-177.0,26.92582403567252,377.4471739047602,225.67454442182884,26.92582403567252,105.06848815949222,Fluo-C2DL-Huh7,02,Huh7,#2db95f
15,Cell,27,27.0,595.0,275.0,-123.0,-139.0,41.6293165929973,419.0764904977575,185.60711193270583,41.6293165929973,65.89776549883887,Fluo-C2DL-Huh7,02,Huh7,#2db95f
15,Cell,28,28.0,600.0,301.0,-118.0,-113.0,26.476404589747453,445.55289508750496,163.3799253274404,26.476404589747453,79.11447294534128,Fluo-C2DL-Huh7,02,Huh7,#2db95f
15,Cell,29,29.0,605.0,313.0,-113.0,-101.0,13.0,458.55289508750496,151.5585695366646,13.0,67.38013505195957,Fluo-C2DL-Huh7,02,Huh7,#2db95f
48,Cell,0,0.0,56.0,39.0,0.0,0.0,0.0,0.0,0.0,0.0,0.0,Fluo-C2DL-Huh7,02,Huh7,#2db95f
48,Cell,1,1.0,54.0,40.0,-2.0,1.0,2.23606797749979,2.23606797749979,2.23606797749979,2.23606797749979,153.43494882292202,Fluo-C2DL-Huh7,02,Huh7,#2db95f
48,Cell,2,2.0,54.0,40.0,-2.0,1.0,0.0,2.23606797749979,2.23606797749979,0.0,0.0,Fluo-C2DL-Huh7,02,Huh7,#2db95f
48,Cell,3,3.0,56.0,35.0,0.0,-4.0,5.385164807134504,7.621232784634293,4.0,5.385164807134504,-68.19859051364818,Fluo-C2DL-Huh7,02,Huh7,#2db95f
48,Cell,4,4.0,57.0,36.0,1.0,-3.0,1.4142135623730951,9.035446347007388,3.1622776601683795,1.4142135623730951,45.0,Fluo-C2DL-Huh7,02,Huh7,#2db95f
48,Cell,5,5.0,56.0,35.0,0.0,-4.0,1.4142135623730951,10.449659909380484,4.0,1.4142135623730951,-135.0,Fluo-C2DL-Huh7,02,Huh7,#2db95f
48,Cell,6,6.0,55.0,34.0,-1.0,-5.0,1.4142135623730951,11.86387347175358,5.0990195135927845,1.4142135623730951,-135.0,Fluo-C2DL-Huh7,02,Huh7,#2db95f
48,Cell,7,7.0,55.0,37.0,-1.0,-2.0,3.0,14.86387347175358,2.23606797749979,3.0,90.0,Fluo-C2DL-Huh7,02,Huh7,#2db95f
48,Cell,8,8.0,55.0,34.0,-1.0,-5.0,3.0,17.86387347175358,5.0990195135927845,3.0,-90.0,Fluo-C2DL-Huh7,02,Huh7,#2db95f
48,Cell,9,9.0,55.0,34.0,-1.0,-5.0,0.0,17.86387347175358,5.0990195135927845,0.0,0.0,Fluo-C2DL-Huh7,02,Huh7,#2db95f
48,Cell,10,10.0,55.0,29.0,-1.0,-10.0,5.0,22.86387347175358,10.04987562112089,5.0,-90.0,Fluo-C2DL-Huh7,02,Huh7,#2db95f
48,Cell,11,11.0,54.0,34.0,-2.0,-5.0,5.0990195135927845,27.962892985346365,5.385164807134504,5.0990195135927845,101.3099324740202,Fluo-C2DL-Huh7,02,Huh7,#2db95f
48,Cell,12,12.0,54.0,34.0,-2.0,-5.0,0.0,27.962892985346365,5.385164807134504,0.0,0.0,Fluo-C2DL-Huh7,02,Huh7,#2db95f
48,Cell,13,13.0,54.0,34.0,-2.0,-5.0,0.0,27.962892985346365,5.385164807134504,0.0,0.0,Fluo-C2DL-Huh7,02,Huh7,#2db95f
48,Cell,14,14.0,55.0,30.0,-1.0,-9.0,4.123105625617661,32.085998610964026,9.055385138137416,4.123105625617661,-75.96375653207353,Fluo-C2DL-Huh7,02,Huh7,#2db95f
48,Cell,15,15.0,56.0,29.0,0.0,-10.0,1.4142135623730951,33.50021217333712,10.0,1.4142135623730951,-45.0,Fluo-C2DL-Huh7,02,Huh7,#2db95f
48,Cell,16,16.0,57.0,29.0,1.0,-10.0,1.0,34.50021217333712,10.04987562112089,1.0,0.0,Fluo-C2DL-Huh7,02,Huh7,#2db95f
48,Cell,17,17.0,58.0,29.0,2.0,-10.0,1.0,35.50021217333712,10.198039027185567,1.0,0.0,Fluo-C2DL-Huh7,02,Huh7,#2db95f
48,Cell,18,18.0,59.5,29.0,3.5,-10.0,1.5,37.00021217333712,10.594810050208546,1.5,0.0,Fluo-C2DL-Huh7,02,Huh7,#2db95f
48,Cell,19,19.0,63.0,27.0,7.0,-12.0,4.031128874149275,41.03134104748639,13.892443989449804,4.031128874149275,-29.744881296942225,Fluo-C2DL-Huh7,02,Huh7,#2db95f
48,Cell,20,20.0,64.0,24.0,8.0,-15.0,3.1622776601683795,44.19361870765477,17.0,3.1622776601683795,-71.56505117707799,Fluo-C2DL-Huh7,02,Huh7,#2db95f
48,Cell,21,21.0,71.0,17.0,15.0,-22.0,9.899494936611664,54.09311364426644,26.627053911388696,9.899494936611664,-45.0,Fluo-C2DL-Huh7,02,Huh7,#2db95f
48,Cell,22,22.0,74.0,15.0,18.0,-24.0,3.605551275463989,57.698664919730426,30.0,3.605551275463989,-33.690067525979785,Fluo-C2DL-Huh7,02,Huh7,#2db95f
48,Cell,23,23.0,71.0,13.0,15.0,-26.0,3.605551275463989,61.304216195194414,30.01666203960727,3.605551275463989,-146.30993247402023,Fluo-C2DL-Huh7,02,Huh7,#2db95f
48,Cell,24,24.0,69.0,16.0,13.0,-23.0,3.605551275463989,64.90976747065841,26.419689627245813,3.605551275463989,123.6900675259798,Fluo-C2DL-Huh7,02,Huh7,#2db95f
48,Cell,25,25.0,71.0,17.0,15.0,-22.0,2.23606797749979,67.1458354481582,26.627053911388696,2.23606797749979,26.56505117707799,Fluo-C2DL-Huh7,02,Huh7,#2db95f
37,Cell,0,0.0,194.0,780.0,0.0,0.0,0.0,0.0,0.0,0.0,0.0,Fluo-C2DL-Huh7,02,Huh7,#2db95f
37,Cell,1,1.0,196.0,777.0,2.0,-3.0,3.605551275463989,3.605551275463989,3.605551275463989,3.605551275463989,-56.309932474020215,Fluo-C2DL-Huh7,02,Huh7,#2db95f
37,Cell,2,2.0,189.0,771.0,-5.0,-9.0,9.219544457292889,12.825095732756877,10.295630140987,9.219544457292889,-139.3987053549955,Fluo-C2DL-Huh7,02,Huh7,#2db95f
37,Cell,3,3.0,193.0,771.0,-1.0,-9.0,4.0,16.82509573275688,9.055385138137416,4.0,0.0,Fluo-C2DL-Huh7,02,Huh7,#2db95f
37,Cell,4,4.0,193.0,770.0,-1.0,-10.0,1.0,17.82509573275688,10.04987562112089,1.0,-90.0,Fluo-C2DL-Huh7,02,Huh7,#2db95f
37,Cell,5,5.0,193.0,770.0,-1.0,-10.0,0.0,17.82509573275688,10.04987562112089,0.0,0.0,Fluo-C2DL-Huh7,02,Huh7,#2db95f
37,Cell,6,6.0,193.0,770.0,-1.0,-10.0,0.0,17.82509573275688,10.04987562112089,0.0,0.0,Fluo-C2DL-Huh7,02,Huh7,#2db95f
37,Cell,7,7.0,193.0,770.0,-1.0,-10.0,0.0,17.82509573275688,10.04987562112089,0.0,0.0,Fluo-C2DL-Huh7,02,Huh7,#2db95f
37,Cell,8,8.0,193.0,770.0,-1.0,-10.0,0.0,17.82509573275688,10.04987562112089,0.0,0.0,Fluo-C2DL-Huh7,02,Huh7,#2db95f
37,Cell,9,9.0,193.0,770.0,-1.0,-10.0,0.0,17.82509573275688,10.04987562112089,0.0,0.0,Fluo-C2DL-Huh7,02,Huh7,#2db95f
37,Cell,10,10.0,196.0,767.0,2.0,-13.0,4.242640687119285,22.06773641987616,13.152946437965904,4.242640687119285,-45.0,Fluo-C2DL-Huh7,02,Huh7,#2db95f
37,Cell,11,11.0,199.0,766.0,5.0,-14.0,3.1622776601683795,25.23001408004454,14.866068747318506,3.1622776601683795,-18.43494882292201,Fluo-C2DL-Huh7,02,Huh7,#2db95f
37,Cell,12,12.0,199.0,766.0,5.0,-14.0,0.0,25.23001408004454,14.866068747318506,0.0,0.0,Fluo-C2DL-Huh7,02,Huh7,#2db95f
37,Cell,13,13.0,199.0,766.0,5.0,-14.0,0.0,25.23001408004454,14.866068747318506,0.0,0.0,Fluo-C2DL-Huh7,02,Huh7,#2db95f
37,Cell,14,14.0,199.0,766.0,5.0,-14.0,0.0,25.23001408004454,14.866068747318506,0.0,0.0,Fluo-C2DL-Huh7,02,Huh7,#2db95f
37,Cell,15,15.0,201.0,765.0,7.0,-15.0,2.23606797749979,27.46608205754433,16.55294535724685,2.23606797749979,-26.56505117707799,Fluo-C2DL-Huh7,02,Huh7,#2db95f
37,Cell,16,16.0,203.0,764.0,9.0,-16.0,2.23606797749979,29.70215003504412,18.35755975068582,2.23606797749979,-26.56505117707799,Fluo-C2DL-Huh7,02,Huh7,#2db95f
37,Cell,17,17.0,204.0,763.0,10.0,-17.0,1.4142135623730951,31.116363597417216,19.72308292331602,1.4142135623730951,-45.0,Fluo-C2DL-Huh7,02,Huh7,#2db95f
37,Cell,18,18.0,205.0,762.0,11.0,-18.0,1.4142135623730951,32.53057715979031,21.095023109728988,1.4142135623730951,-45.0,Fluo-C2DL-Huh7,02,Huh7,#2db95f
37,Cell,19,19.0,206.0,762.0,12.0,-18.0,1.0,33.53057715979031,21.633307652783937,1.0,0.0,Fluo-C2DL-Huh7,02,Huh7,#2db95f
37,Cell,20,20.0,206.0,764.0,12.0,-16.0,2.0,35.53057715979031,20.0,2.0,90.0,Fluo-C2DL-Huh7,02,Huh7,#2db95f
37,Cell,21,21.0,206.0,764.0,12.0,-16.0,0.0,35.53057715979031,20.0,0.0,0.0,Fluo-C2DL-Huh7,02,Huh7,#2db95f
37,Cell,22,22.0,200.0,791.0,6.0,11.0,27.65863337187866,63.18921053166898,12.529964086141668,27.65863337187866,102.52880770915152,Fluo-C2DL-Huh7,02,Huh7,#2db95f
37,Cell,23,23.0,200.0,796.0,6.0,16.0,5.0,68.18921053166898,17.08800749063506,5.0,90.0,Fluo-C2DL-Huh7,02,Huh7,#2db95f
37,Cell,24,24.0,198.0,801.0,4.0,21.0,5.385164807134504,73.57437533880348,21.37755832643195,5.385164807134504,111.80140948635182,Fluo-C2DL-Huh7,02,Huh7,#2db95f
37,Cell,25,25.0,195.0,806.0,1.0,26.0,5.830951894845301,79.40532723364878,26.019223662515376,5.830951894845301,120.96375653207352,Fluo-C2DL-Huh7,02,Huh7,#2db95f
20,Cell,0,0.0,798.0,610.0,0.0,0.0,0.0,0.0,0.0,0.0,0.0,Fluo-C2DL-Huh7,02,Huh7,#2db95f
20,Cell,1,1.0,798.0,610.0,0.0,0.0,0.0,0.0,0.0,0.0,0.0,Fluo-C2DL-Huh7,02,Huh7,#2db95f
20,Cell,2,2.0,793.0,600.5,-5.0,-9.5,10.735455276791944,10.735455276791944,10.735455276791944,10.735455276791944,-117.75854060106003,Fluo-C2DL-Huh7,02,Huh7,#2db95f
20,Cell,3,3.0,791.0,601.0,-7.0,-9.0,2.0615528128088303,12.797008089600777,11.40175425099138,2.0615528128088303,165.96375653207352,Fluo-C2DL-Huh7,02,Huh7,#2db95f
20,Cell,4,4.0,791.0,601.0,-7.0,-9.0,0.0,12.797008089600777,11.40175425099138,0.0,0.0,Fluo-C2DL-Huh7,02,Huh7,#2db95f
20,Cell,5,5.0,790.0,601.0,-8.0,-9.0,1.0,13.797008089600777,12.041594578792296,1.0,180.0,Fluo-C2DL-Huh7,02,Huh7,#2db95f
20,Cell,6,6.0,790.0,599.0,-8.0,-11.0,2.0,15.797008089600777,13.601470508735444,2.0,-90.0,Fluo-C2DL-Huh7,02,Huh7,#2db95f
20,Cell,7,7.0,790.0,599.0,-8.0,-11.0,0.0,15.797008089600777,13.601470508735444,0.0,0.0,Fluo-C2DL-Huh7,02,Huh7,#2db95f
20,Cell,8,8.0,790.0,599.0,-8.0,-11.0,0.0,15.797008089600777,13.601470508735444,0.0,0.0,Fluo-C2DL-Huh7,02,Huh7,#2db95f
20,Cell,9,9.0,791.0,595.0,-7.0,-15.0,4.123105625617661,19.920113715218434,16.55294535724685,4.123105625617661,-75.96375653207353,Fluo-C2DL-Huh7,02,Huh7,#2db95f
20,Cell,10,10.0,791.0,595.0,-7.0,-15.0,0.0,19.920113715218434,16.55294535724685,0.0,0.0,Fluo-C2DL-Huh7,02,Huh7,#2db95f
20,Cell,11,11.0,791.0,595.0,-7.0,-15.0,0.0,19.920113715218434,16.55294535724685,0.0,0.0,Fluo-C2DL-Huh7,02,Huh7,#2db95f
20,Cell,12,12.0,791.0,595.0,-7.0,-15.0,0.0,19.920113715218434,16.55294535724685,0.0,0.0,Fluo-C2DL-Huh7,02,Huh7,#2db95f
20,Cell,13,13.0,791.0,595.0,-7.0,-15.0,0.0,19.920113715218434,16.55294535724685,0.0,0.0,Fluo-C2DL-Huh7,02,Huh7,#2db95f
20,Cell,14,14.0,791.0,595.0,-7.0,-15.0,0.0,19.920113715218434,16.55294535724685,0.0,0.0,Fluo-C2DL-Huh7,02,Huh7,#2db95f
20,Cell,15,15.0,791.0,594.0,-7.0,-16.0,1.0,20.920113715218434,17.46424919657298,1.0,-90.0,Fluo-C2DL-Huh7,02,Huh7,#2db95f
20,Cell,16,16.0,790.0,592.0,-8.0,-18.0,2.23606797749979,23.156181692718224,19.697715603592208,2.23606797749979,-116.565051177078,Fluo-C2DL-Huh7,02,Huh7,#2db95f
20,Cell,17,17.0,790.0,592.0,-8.0,-18.0,0.0,23.156181692718224,19.697715603592208,0.0,0.0,Fluo-C2DL-Huh7,02,Huh7,#2db95f
20,Cell,18,18.0,790.0,592.0,-8.0,-18.0,0.0,23.156181692718224,19.697715603592208,0.0,0.0,Fluo-C2DL-Huh7,02,Huh7,#2db95f
20,Cell,19,19.0,790.0,591.0,-8.0,-19.0,1.0,24.156181692718224,20.615528128088304,1.0,-90.0,Fluo-C2DL-Huh7,02,Huh7,#2db95f
20,Cell,20,20.0,790.0,591.0,-8.0,-19.0,0.0,24.156181692718224,20.615528128088304,0.0,0.0,Fluo-C2DL-Huh7,02,Huh7,#2db95f
20,Cell,21,21.0,790.0,591.0,-8.0,-19.0,0.0,24.156181692718224,20.615528128088304,0.0,0.0,Fluo-C2DL-Huh7,02,Huh7,#2db95f
20,Cell,22,22.0,779.0,582.0,-19.0,-28.0,14.212670403551895,38.36885209627012,33.83784863137726,14.212670403551895,-140.71059313749964,Fluo-C2DL-Huh7,02,Huh7,#2db95f
20,Cell,23,23.0,774.0,590.0,-24.0,-20.0,9.433981132056603,47.80283322832672,31.240998703626616,9.433981132056603,122.0053832080835,Fluo-C2DL-Huh7,02,Huh7,#2db95f
79,Cell,0,0.0,32.0,826.0,0.0,0.0,0.0,0.0,0.0,0.0,0.0,Fluo-C2DL-Huh7,02,Huh7,#2db95f
79,Cell,1,1.0,43.0,818.0,11.0,-8.0,13.601470508735444,13.601470508735444,13.601470508735444,13.601470508735444,-36.02737338510361,Fluo-C2DL-Huh7,02,Huh7,#2db95f
79,Cell,2,2.0,53.0,810.0,21.0,-16.0,12.806248474865695,26.407718983601143,26.40075756488817,12.806248474865695,-38.65980825409009,Fluo-C2DL-Huh7,02,Huh7,#2db95f
79,Cell,3,3.0,69.0,804.0,37.0,-22.0,17.08800749063506,43.49572647423621,43.04648650006177,17.08800749063506,-20.556045219583464,Fluo-C2DL-Huh7,02,Huh7,#2db95f
79,Cell,4,4.0,74.0,802.0,42.0,-24.0,5.385164807134504,48.88089128137071,48.373546489791295,5.385164807134504,-21.80140948635181,Fluo-C2DL-Huh7,02,Huh7,#2db95f
79,Cell,5,5.0,75.0,801.0,43.0,-25.0,1.4142135623730951,50.2951048437438,49.73932046178355,1.4142135623730951,-45.0,Fluo-C2DL-Huh7,02,Huh7,#2db95f
79,Cell,6,6.0,74.0,802.0,42.0,-24.0,1.4142135623730951,51.70931840611689,48.373546489791295,1.4142135623730951,135.0,Fluo-C2DL-Huh7,02,Huh7,#2db95f
79,Cell,7,7.0,74.0,801.0,42.0,-25.0,1.0,52.70931840611689,48.87739763939975,1.0,-90.0,Fluo-C2DL-Huh7,02,Huh7,#2db95f
79,Cell,8,8.0,74.0,801.0,42.0,-25.0,0.0,52.70931840611689,48.87739763939975,0.0,0.0,Fluo-C2DL-Huh7,02,Huh7,#2db95f
79,Cell,9,9.0,74.0,801.0,42.0,-25.0,0.0,52.70931840611689,48.87739763939975,0.0,0.0,Fluo-C2DL-Huh7,02,Huh7,#2db95f
79,Cell,10,10.0,73.0,800.0,41.0,-26.0,1.4142135623730951,54.12353196848999,48.54894437575342,1.4142135623730951,-135.0,Fluo-C2DL-Huh7,02,Huh7,#2db95f
79,Cell,11,11.0,66.0,801.0,34.0,-25.0,7.071067811865476,61.19459978035546,42.20189569201838,7.071067811865476,171.86989764584402,Fluo-C2DL-Huh7,02,Huh7,#2db95f
79,Cell,12,12.0,66.0,804.0,34.0,-22.0,3.0,64.19459978035546,40.49691346263317,3.0,90.0,Fluo-C2DL-Huh7,02,Huh7,#2db95f
79,Cell,13,13.0,72.0,795.0,40.0,-31.0,10.816653826391969,75.01125360674743,50.60632371551998,10.816653826391969,-56.309932474020215,Fluo-C2DL-Huh7,02,Huh7,#2db95f
79,Cell,14,14.0,67.0,805.0,35.0,-21.0,11.180339887498947,86.19159349424638,40.8166632639171,11.180339887498947,116.565051177078,Fluo-C2DL-Huh7,02,Huh7,#2db95f
79,Cell,15,15.0,75.0,797.0,43.0,-29.0,11.31370849898476,97.50530199323114,51.86520991955976,11.31370849898476,-45.0,Fluo-C2DL-Huh7,02,Huh7,#2db95f
79,Cell,16,16.0,71.0,800.0,39.0,-26.0,5.0,102.50530199323114,46.87216658103186,5.0,143.13010235415598,Fluo-C2DL-Huh7,02,Huh7,#2db95f
79,Cell,17,17.0,66.0,808.0,34.0,-18.0,9.433981132056603,111.93928312528774,38.47076812334269,9.433981132056603,122.0053832080835,Fluo-C2DL-Huh7,02,Huh7,#2db95f
79,Cell,18,18.0,66.0,797.0,34.0,-29.0,11.0,122.93928312528774,44.68780594300866,11.0,-90.0,Fluo-C2DL-Huh7,02,Huh7,#2db95f
79,Cell,19,19.0,67.0,797.0,35.0,-29.0,1.0,123.93928312528774,45.45327270945405,1.0,0.0,Fluo-C2DL-Huh7,02,Huh7,#2db95f
79,Cell,20,20.0,66.0,806.0,34.0,-20.0,9.055385138137416,132.99466826342515,39.44616584663204,9.055385138137416,96.3401917459099,Fluo-C2DL-Huh7,02,Huh7,#2db95f
79,Cell,21,21.0,60.0,812.0,28.0,-14.0,8.48528137423857,141.47994963766374,31.304951684997057,8.48528137423857,135.0,Fluo-C2DL-Huh7,02,Huh7,#2db95f
26,Cell,0,0.0,740.0,613.0,0.0,0.0,0.0,0.0,0.0,0.0,0.0,Fluo-C2DL-Huh7,02,Huh7,#2db95f
26,Cell,1,1.0,740.0,609.0,0.0,-4.0,4.0,4.0,4.0,4.0,-90.0,Fluo-C2DL-Huh7,02,Huh7,#2db95f
26,Cell,2,2.0,740.0,608.0,0.0,-5.0,1.0,5.0,5.0,1.0,-90.0,Fluo-C2DL-Huh7,02,Huh7,#2db95f
26,Cell,3,3.0,739.0,608.0,-1.0,-5.0,1.0,6.0,5.0990195135927845,1.0,180.0,Fluo-C2DL-Huh7,02,Huh7,#2db95f
26,Cell,4,4.0,735.0,609.0,-5.0,-4.0,4.123105625617661,10.12310562561766,6.4031242374328485,4.123105625617661,165.96375653207352,Fluo-C2DL-Huh7,02,Huh7,#2db95f
26,Cell,5,5.0,735.0,611.0,-5.0,-2.0,2.0,12.12310562561766,5.385164807134504,2.0,90.0,Fluo-C2DL-Huh7,02,Huh7,#2db95f
26,Cell,6,6.0,736.0,614.0,-4.0,1.0,3.1622776601683795,15.28538328578604,4.123105625617661,3.1622776601683795,71.56505117707799,Fluo-C2DL-Huh7,02,Huh7,#2db95f
26,Cell,7,7.0,736.0,614.0,-4.0,1.0,0.0,15.28538328578604,4.123105625617661,0.0,0.0,Fluo-C2DL-Huh7,02,Huh7,#2db95f
26,Cell,8,8.0,736.0,615.0,-4.0,2.0,1.0,16.28538328578604,4.47213595499958,1.0,90.0,Fluo-C2DL-Huh7,02,Huh7,#2db95f
26,Cell,9,9.0,737.0,614.0,-3.0,1.0,1.4142135623730951,17.699596848159135,3.1622776601683795,1.4142135623730951,-45.0,Fluo-C2DL-Huh7,02,Huh7,#2db95f
26,Cell,10,10.0,737.0,611.0,-3.0,-2.0,3.0,20.699596848159132,3.605551275463989,3.0,-90.0,Fluo-C2DL-Huh7,02,Huh7,#2db95f
26,Cell,11,11.0,737.0,611.0,-3.0,-2.0,0.0,20.699596848159132,3.605551275463989,0.0,0.0,Fluo-C2DL-Huh7,02,Huh7,#2db95f
26,Cell,12,12.0,738.0,613.0,-2.0,0.0,2.23606797749979,22.935664825658925,2.0,2.23606797749979,63.43494882292201,Fluo-C2DL-Huh7,02,Huh7,#2db95f
26,Cell,13,13.0,738.0,613.0,-2.0,0.0,0.0,22.935664825658925,2.0,0.0,0.0,Fluo-C2DL-Huh7,02,Huh7,#2db95f
26,Cell,14,14.0,739.0,613.0,-1.0,0.0,1.0,23.935664825658925,1.0,1.0,0.0,Fluo-C2DL-Huh7,02,Huh7,#2db95f
26,Cell,15,15.0,739.0,613.0,-1.0,0.0,0.0,23.935664825658925,1.0,0.0,0.0,Fluo-C2DL-Huh7,02,Huh7,#2db95f
26,Cell,16,16.0,748.0,609.0,8.0,-4.0,9.848857801796104,33.78452262745503,8.94427190999916,9.848857801796104,-23.962488974578186,Fluo-C2DL-Huh7,02,Huh7,#2db95f
26,Cell,17,17.0,752.0,599.0,12.0,-14.0,10.770329614269007,44.55485224172404,18.43908891458577,10.770329614269007,-68.19859051364818,Fluo-C2DL-Huh7,02,Huh7,#2db95f
67,Cell,0,0.0,872.0,984.0,0.0,0.0,0.0,0.0,0.0,0.0,0.0,Fluo-C2DL-Huh7,02,Huh7,#2db95f
67,Cell,1,1.0,870.0,980.0,-2.0,-4.0,4.47213595499958,4.47213595499958,4.47213595499958,4.47213595499958,-116.565051177078,Fluo-C2DL-Huh7,02,Huh7,#2db95f
67,Cell,2,2.0,869.0,982.0,-3.0,-2.0,2.23606797749979,6.708203932499369,3.605551275463989,2.23606797749979,116.565051177078,Fluo-C2DL-Huh7,02,Huh7,#2db95f
67,Cell,3,3.0,868.0,985.0,-4.0,1.0,3.1622776601683795,9.87048159266775,4.123105625617661,3.1622776601683795,108.434948822922,Fluo-C2DL-Huh7,02,Huh7,#2db95f
67,Cell,4,4.0,868.0,987.0,-4.0,3.0,2.0,11.87048159266775,5.0,2.0,90.0,Fluo-C2DL-Huh7,02,Huh7,#2db95f
67,Cell,5,5.0,868.0,987.0,-4.0,3.0,0.0,11.87048159266775,5.0,0.0,0.0,Fluo-C2DL-Huh7,02,Huh7,#2db95f
67,Cell,6,6.0,868.0,989.0,-4.0,5.0,2.0,13.87048159266775,6.4031242374328485,2.0,90.0,Fluo-C2DL-Huh7,02,Huh7,#2db95f
67,Cell,7,7.0,868.0,989.0,-4.0,5.0,0.0,13.87048159266775,6.4031242374328485,0.0,0.0,Fluo-C2DL-Huh7,02,Huh7,#2db95f
67,Cell,8,8.0,867.0,988.0,-5.0,4.0,1.4142135623730951,15.284695155040843,6.4031242374328485,1.4142135623730951,-135.0,Fluo-C2DL-Huh7,02,Huh7,#2db95f
67,Cell,9,9.0,866.0,987.0,-6.0,3.0,1.4142135623730951,16.69890871741394,6.708203932499369,1.4142135623730951,-135.0,Fluo-C2DL-Huh7,02,Huh7,#2db95f
67,Cell,10,10.0,864.0,990.0,-8.0,6.0,3.605551275463989,20.304459992877927,10.0,3.605551275463989,123.6900675259798,Fluo-C2DL-Huh7,02,Huh7,#2db95f
67,Cell,11,11.0,868.0,992.0,-4.0,8.0,4.47213595499958,24.776595947877507,8.94427190999916,4.47213595499958,26.56505117707799,Fluo-C2DL-Huh7,02,Huh7,#2db95f
67,Cell,12,12.0,870.0,996.0,-2.0,12.0,4.47213595499958,29.248731902877086,12.16552506059644,4.47213595499958,63.43494882292201,Fluo-C2DL-Huh7,02,Huh7,#2db95f
67,Cell,13,13.0,863.0,1001.0,-9.0,17.0,8.602325267042627,37.85105716991971,19.235384061671343,8.602325267042627,144.46232220802565,Fluo-C2DL-Huh7,02,Huh7,#2db95f
67,Cell,14,14.0,859.0,1002.0,-13.0,18.0,4.123105625617661,41.974162795537374,22.20360331117452,4.123105625617661,165.96375653207352,Fluo-C2DL-Huh7,02,Huh7,#2db95f
67,Cell,15,15.0,859.0,1003.0,-13.0,19.0,1.0,42.974162795537374,23.021728866442675,1.0,90.0,Fluo-C2DL-Huh7,02,Huh7,#2db95f
50,Cell,0,0.0,10.0,151.0,0.0,0.0,0.0,0.0,0.0,0.0,0.0,Fluo-C2DL-Huh7,02,Huh7,#2db95f
50,Cell,1,1.0,10.0,152.0,0.0,1.0,1.0,1.0,1.0,1.0,90.0,Fluo-C2DL-Huh7,02,Huh7,#2db95f
50,Cell,2,2.0,10.0,152.0,0.0,1.0,0.0,1.0,1.0,0.0,0.0,Fluo-C2DL-Huh7,02,Huh7,#2db95f
50,Cell,3,3.0,10.0,152.0,0.0,1.0,0.0,1.0,1.0,0.0,0.0,Fluo-C2DL-Huh7,02,Huh7,#2db95f
50,Cell,4,4.0,10.0,150.0,0.0,-1.0,2.0,3.0,1.0,2.0,-90.0,Fluo-C2DL-Huh7,02,Huh7,#2db95f
50,Cell,5,5.0,10.0,150.0,0.0,-1.0,0.0,3.0,1.0,0.0,0.0,Fluo-C2DL-Huh7,02,Huh7,#2db95f
50,Cell,6,6.0,11.0,150.0,1.0,-1.0,1.0,4.0,1.4142135623730951,1.0,0.0,Fluo-C2DL-Huh7,02,Huh7,#2db95f
50,Cell,7,7.0,12.0,150.0,2.0,-1.0,1.0,5.0,2.23606797749979,1.0,0.0,Fluo-C2DL-Huh7,02,Huh7,#2db95f
50,Cell,8,8.0,12.0,152.0,2.0,1.0,2.0,7.0,2.23606797749979,2.0,90.0,Fluo-C2DL-Huh7,02,Huh7,#2db95f
50,Cell,9,9.0,12.0,150.0,2.0,-1.0,2.0,9.0,2.23606797749979,2.0,-90.0,Fluo-C2DL-Huh7,02,Huh7,#2db95f
50,Cell,10,10.0,12.0,150.0,2.0,-1.0,0.0,9.0,2.23606797749979,0.0,0.0,Fluo-C2DL-Huh7,02,Huh7,#2db95f
50,Cell,11,11.0,12.0,150.0,2.0,-1.0,0.0,9.0,2.23606797749979,0.0,0.0,Fluo-C2DL-Huh7,02,Huh7,#2db95f
50,Cell,12,12.0,14.0,152.0,4.0,1.0,2.8284271247461903,11.82842712474619,4.123105625617661,2.8284271247461903,45.0,Fluo-C2DL-Huh7,02,Huh7,#2db95f
50,Cell,13,13.0,14.0,152.0,4.0,1.0,0.0,11.82842712474619,4.123105625617661,0.0,0.0,Fluo-C2DL-Huh7,02,Huh7,#2db95f
50,Cell,14,14.0,14.0,152.0,4.0,1.0,0.0,11.82842712474619,4.123105625617661,0.0,0.0,Fluo-C2DL-Huh7,02,Huh7,#2db95f
70,Cell,0,0.0,610.0,957.0,0.0,0.0,0.0,0.0,0.0,0.0,0.0,Fluo-C2DL-Huh7,02,Huh7,#2db95f
70,Cell,1,1.0,612.0,952.0,2.0,-5.0,5.385164807134504,5.385164807134504,5.385164807134504,5.385164807134504,-68.19859051364818,Fluo-C2DL-Huh7,02,Huh7,#2db95f
70,Cell,2,2.0,614.0,950.0,4.0,-7.0,2.8284271247461903,8.213591931880694,8.06225774829855,2.8284271247461903,-45.0,Fluo-C2DL-Huh7,02,Huh7,#2db95f
70,Cell,3,3.0,613.0,950.0,3.0,-7.0,1.0,9.213591931880694,7.615773105863909,1.0,180.0,Fluo-C2DL-Huh7,02,Huh7,#2db95f
70,Cell,4,4.0,613.0,950.0,3.0,-7.0,0.0,9.213591931880694,7.615773105863909,0.0,0.0,Fluo-C2DL-Huh7,02,Huh7,#2db95f
70,Cell,5,5.0,611.0,949.0,1.0,-8.0,2.23606797749979,11.449659909380484,8.06225774829855,2.23606797749979,-153.43494882292202,Fluo-C2DL-Huh7,02,Huh7,#2db95f
70,Cell,6,6.0,612.0,951.0,2.0,-6.0,2.23606797749979,13.685727886880274,6.324555320336759,2.23606797749979,63.43494882292201,Fluo-C2DL-Huh7,02,Huh7,#2db95f
70,Cell,7,7.0,612.0,951.0,2.0,-6.0,0.0,13.685727886880274,6.324555320336759,0.0,0.0,Fluo-C2DL-Huh7,02,Huh7,#2db95f
70,Cell,8,8.0,611.0,950.0,1.0,-7.0,1.4142135623730951,15.09994144925337,7.071067811865476,1.4142135623730951,-135.0,Fluo-C2DL-Huh7,02,Huh7,#2db95f
70,Cell,9,9.0,610.0,949.0,0.0,-8.0,1.4142135623730951,16.514155011626464,8.0,1.4142135623730951,-135.0,Fluo-C2DL-Huh7,02,Huh7,#2db95f
70,Cell,10,10.0,611.0,948.0,1.0,-9.0,1.4142135623730951,17.92836857399956,9.055385138137416,1.4142135623730951,-45.0,Fluo-C2DL-Huh7,02,Huh7,#2db95f
70,Cell,11,11.0,610.0,947.0,0.0,-10.0,1.4142135623730951,19.342582136372656,10.0,1.4142135623730951,-135.0,Fluo-C2DL-Huh7,02,Huh7,#2db95f
70,Cell,12,12.0,608.0,949.0,-2.0,-8.0,2.8284271247461903,22.171009261118847,8.246211251235321,2.8284271247461903,135.0,Fluo-C2DL-Huh7,02,Huh7,#2db95f
70,Cell,13,13.0,608.0,949.0,-2.0,-8.0,0.0,22.171009261118847,8.246211251235321,0.0,0.0,Fluo-C2DL-Huh7,02,Huh7,#2db95f
70,Cell,14,14.0,605.0,951.0,-5.0,-6.0,3.605551275463989,25.776560536582835,7.810249675906654,3.605551275463989,146.30993247402023,Fluo-C2DL-Huh7,02,Huh7,#2db95f
71,Cell,0,0.0,628.0,936.0,0.0,0.0,0.0,0.0,0.0,0.0,0.0,Fluo-C2DL-Huh7,02,Huh7,#2db95f
71,Cell,1,1.0,631.0,933.0,3.0,-3.0,4.242640687119285,4.242640687119285,4.242640687119285,4.242640687119285,-45.0,Fluo-C2DL-Huh7,02,Huh7,#2db95f
71,Cell,2,2.0,638.5,932.0,10.5,-4.0,7.566372975210778,11.809013662330065,11.236102527122116,7.566372975210778,-7.594643368591445,Fluo-C2DL-Huh7,02,Huh7,#2db95f
71,Cell,3,3.0,644.0,934.0,16.0,-2.0,5.852349955359813,17.661363617689876,16.1245154965971,5.852349955359813,19.98310652189998,Fluo-C2DL-Huh7,02,Huh7,#2db95f
71,Cell,4,4.0,654.0,936.0,26.0,0.0,10.198039027185567,27.859402644875445,26.0,10.198039027185567,11.309932474020211,Fluo-C2DL-Huh7,02,Huh7,#2db95f
71,Cell,5,5.0,662.0,937.0,34.0,1.0,8.06225774829855,35.921660393173994,34.0147027033899,8.06225774829855,7.125016348901798,Fluo-C2DL-Huh7,02,Huh7,#2db95f
71,Cell,6,6.0,669.0,937.0,41.0,1.0,7.0,42.921660393174,41.01219330881976,7.0,0.0,Fluo-C2DL-Huh7,02,Huh7,#2db95f
71,Cell,7,7.0,681.0,931.0,53.0,-5.0,13.41640786499874,56.33806825817273,53.23532661682466,13.41640786499874,-26.56505117707799,Fluo-C2DL-Huh7,02,Huh7,#2db95f
71,Cell,8,8.0,682.0,926.0,54.0,-10.0,5.0990195135927845,61.43708777176552,54.91812087098393,5.0990195135927845,-78.69006752597979,Fluo-C2DL-Huh7,02,Huh7,#2db95f
71,Cell,9,9.0,680.0,924.0,52.0,-12.0,2.8284271247461903,64.2655148965117,53.36665625650534,2.8284271247461903,-135.0,Fluo-C2DL-Huh7,02,Huh7,#2db95f
71,Cell,10,10.0,677.0,925.0,49.0,-11.0,3.1622776601683795,67.42779255668009,50.21951811795888,3.1622776601683795,161.56505117707798,Fluo-C2DL-Huh7,02,Huh7,#2db95f
71,Cell,11,11.0,676.0,923.0,48.0,-13.0,2.23606797749979,69.66386053417988,49.72926703662542,2.23606797749979,-116.565051177078,Fluo-C2DL-Huh7,02,Huh7,#2db95f
71,Cell,12,12.0,675.0,924.0,47.0,-12.0,1.4142135623730951,71.07807409655297,48.507731342539614,1.4142135623730951,135.0,Fluo-C2DL-Huh7,02,Huh7,#2db95f
71,Cell,13,13.0,675.0,922.0,47.0,-14.0,2.0,73.07807409655297,49.04079934095692,2.0,-90.0,Fluo-C2DL-Huh7,02,Huh7,#2db95f
71,Cell,14,14.0,676.0,922.0,48.0,-14.0,1.0,74.07807409655297,50.0,1.0,0.0,Fluo-C2DL-Huh7,02,Huh7,#2db95f
28,Cell,0,0.0,732.0,601.0,0.0,0.0,0.0,0.0,0.0,0.0,0.0,Fluo-C2DL-Huh7,02,Huh7,#2db95f
28,Cell,1,1.0,729.0,607.0,-3.0,6.0,6.708203932499369,6.708203932499369,6.708203932499369,6.708203932499369,116.565051177078,Fluo-C2DL-Huh7,02,Huh7,#2db95f
28,Cell,2,2.0,730.0,609.0,-2.0,8.0,2.23606797749979,8.94427190999916,8.246211251235321,2.23606797749979,63.43494882292201,Fluo-C2DL-Huh7,02,Huh7,#2db95f
28,Cell,3,3.0,730.0,610.0,-2.0,9.0,1.0,9.94427190999916,9.219544457292889,1.0,90.0,Fluo-C2DL-Huh7,02,Huh7,#2db95f
28,Cell,4,4.0,730.0,612.0,-2.0,11.0,2.0,11.94427190999916,11.180339887498947,2.0,90.0,Fluo-C2DL-Huh7,02,Huh7,#2db95f
28,Cell,5,5.0,728.0,610.0,-4.0,9.0,2.8284271247461903,14.772699034745347,9.848857801796104,2.8284271247461903,-135.0,Fluo-C2DL-Huh7,02,Huh7,#2db95f
28,Cell,6,6.0,727.0,609.0,-5.0,8.0,1.4142135623730951,16.186912597118443,9.433981132056603,1.4142135623730951,-135.0,Fluo-C2DL-Huh7,02,Huh7,#2db95f
28,Cell,7,7.0,726.0,609.0,-6.0,8.0,1.0,17.186912597118443,10.0,1.0,180.0,Fluo-C2DL-Huh7,02,Huh7,#2db95f
28,Cell,8,8.0,728.0,607.0,-4.0,6.0,2.8284271247461903,20.015339721864635,7.211102550927978,2.8284271247461903,-45.0,Fluo-C2DL-Huh7,02,Huh7,#2db95f
28,Cell,9,9.0,727.0,610.0,-5.0,9.0,3.1622776601683795,23.177617382033013,10.295630140987,3.1622776601683795,108.434948822922,Fluo-C2DL-Huh7,02,Huh7,#2db95f
28,Cell,10,10.0,728.0,611.0,-4.0,10.0,1.4142135623730951,24.59183094440611,10.770329614269007,1.4142135623730951,45.0,Fluo-C2DL-Huh7,02,Huh7,#2db95f
28,Cell,11,11.0,728.0,611.0,-4.0,10.0,0.0,24.59183094440611,10.770329614269007,0.0,0.0,Fluo-C2DL-Huh7,02,Huh7,#2db95f
29,Cell,0,0.0,765.0,609.0,0.0,0.0,0.0,0.0,0.0,0.0,0.0,Fluo-C2DL-Huh7,02,Huh7,#2db95f
29,Cell,1,1.0,761.0,621.0,-4.0,12.0,12.649110640673518,12.649110640673518,12.649110640673518,12.649110640673518,108.434948822922,Fluo-C2DL-Huh7,02,Huh7,#2db95f
29,Cell,2,2.0,755.0,626.0,-10.0,17.0,7.810249675906654,20.45936031658017,19.72308292331602,7.810249675906654,140.19442890773482,Fluo-C2DL-Huh7,02,Huh7,#2db95f
29,Cell,3,3.0,756.0,627.0,-9.0,18.0,1.4142135623730951,21.87357387895327,20.12461179749811,1.4142135623730951,45.0,Fluo-C2DL-Huh7,02,Huh7,#2db95f
29,Cell,4,4.0,754.0,631.0,-11.0,22.0,4.47213595499958,26.34570983395285,24.596747752497688,4.47213595499958,116.565051177078,Fluo-C2DL-Huh7,02,Huh7,#2db95f
29,Cell,5,5.0,753.0,633.0,-12.0,24.0,2.23606797749979,28.58177781145264,26.83281572999748,2.23606797749979,116.565051177078,Fluo-C2DL-Huh7,02,Huh7,#2db95f
29,Cell,6,6.0,753.0,634.0,-12.0,25.0,1.0,29.58177781145264,27.73084924772409,1.0,90.0,Fluo-C2DL-Huh7,02,Huh7,#2db95f
29,Cell,7,7.0,752.0,630.0,-13.0,21.0,4.123105625617661,33.7048834370703,24.698178070456937,4.123105625617661,-104.0362434679265,Fluo-C2DL-Huh7,02,Huh7,#2db95f
29,Cell,8,8.0,753.0,627.0,-12.0,18.0,3.1622776601683795,36.86716109723868,21.633307652783937,3.1622776601683795,-71.56505117707799,Fluo-C2DL-Huh7,02,Huh7,#2db95f
29,Cell,9,9.0,756.0,626.0,-9.0,17.0,3.1622776601683795,40.02943875740706,19.235384061671343,3.1622776601683795,-18.43494882292201,Fluo-C2DL-Huh7,02,Huh7,#2db95f
29,Cell,10,10.0,758.0,626.0,-7.0,17.0,2.0,42.02943875740706,18.384776310850235,2.0,0.0,Fluo-C2DL-Huh7,02,Huh7,#2db95f
29,Cell,11,11.0,757.0,632.0,-8.0,23.0,6.082762530298219,48.11220128770528,24.35159132377184,6.082762530298219,99.46232220802564,Fluo-C2DL-Huh7,02,Huh7,#2db95f
49,Cell,0,0.0,15.0,154.0,0.0,0.0,0.0,0.0,0.0,0.0,0.0,Fluo-C2DL-Huh7,02,Huh7,#2db95f
49,Cell,1,1.0,15.0,154.0,0.0,0.0,0.0,0.0,0.0,0.0,0.0,Fluo-C2DL-Huh7,02,Huh7,#2db95f
49,Cell,2,2.0,13.0,156.0,-2.0,2.0,2.8284271247461903,2.8284271247461903,2.8284271247461903,2.8284271247461903,135.0,Fluo-C2DL-Huh7,02,Huh7,#2db95f
49,Cell,3,3.0,13.0,156.0,-2.0,2.0,0.0,2.8284271247461903,2.8284271247461903,0.0,0.0,Fluo-C2DL-Huh7,02,Huh7,#2db95f
49,Cell,4,4.0,13.0,156.0,-2.0,2.0,0.0,2.8284271247461903,2.8284271247461903,0.0,0.0,Fluo-C2DL-Huh7,02,Huh7,#2db95f
49,Cell,5,5.0,13.0,157.0,-2.0,3.0,1.0,3.8284271247461903,3.605551275463989,1.0,90.0,Fluo-C2DL-Huh7,02,Huh7,#2db95f
58,Cell,0,0.0,48.0,609.0,0.0,0.0,0.0,0.0,0.0,0.0,0.0,Fluo-C2DL-Huh7,02,Huh7,#2db95f
58,Cell,1,1.0,51.0,615.0,3.0,6.0,6.708203932499369,6.708203932499369,6.708203932499369,6.708203932499369,63.43494882292201,Fluo-C2DL-Huh7,02,Huh7,#2db95f
58,Cell,2,2.0,54.0,616.0,6.0,7.0,3.1622776601683795,9.87048159266775,9.219544457292889,3.1622776601683795,18.43494882292201,Fluo-C2DL-Huh7,02,Huh7,#2db95f
58,Cell,3,3.0,55.0,615.0,7.0,6.0,1.4142135623730951,11.284695155040843,9.219544457292889,1.4142135623730951,-45.0,Fluo-C2DL-Huh7,02,Huh7,#2db95f
58,Cell,4,4.0,55.0,616.0,7.0,7.0,1.0,12.284695155040843,9.899494936611664,1.0,90.0,Fluo-C2DL-Huh7,02,Huh7,#2db95f
58,Cell,5,5.0,54.0,615.0,6.0,6.0,1.4142135623730951,13.69890871741394,8.48528137423857,1.4142135623730951,-135.0,Fluo-C2DL-Huh7,02,Huh7,#2db95f
57,Cell,0,0.0,33.0,590.0,0.0,0.0,0.0,0.0,0.0,0.0,0.0,Fluo-C2DL-Huh7,02,Huh7,#2db95f
57,Cell,1,1.0,27.0,585.0,-6.0,-5.0,7.810249675906654,7.810249675906654,7.810249675906654,7.810249675906654,-140.19442890773482,Fluo-C2DL-Huh7,02,Huh7,#2db95f
57,Cell,2,2.0,25.0,582.0,-8.0,-8.0,3.605551275463989,11.415800951370644,11.31370849898476,3.605551275463989,-123.6900675259798,Fluo-C2DL-Huh7,02,Huh7,#2db95f
57,Cell,3,3.0,27.0,581.0,-6.0,-9.0,2.23606797749979,13.651868928870432,10.816653826391969,2.23606797749979,-26.56505117707799,Fluo-C2DL-Huh7,02,Huh7,#2db95f
57,Cell,4,4.0,27.0,581.0,-6.0,-9.0,0.0,13.651868928870432,10.816653826391969,0.0,0.0,Fluo-C2DL-Huh7,02,Huh7,#2db95f
57,Cell,5,5.0,28.0,580.0,-5.0,-10.0,1.4142135623730951,15.06608249124353,11.180339887498947,1.4142135623730951,-45.0,Fluo-C2DL-Huh7,02,Huh7,#2db95f
22,Cell,0,0.0,760.0,569.0,0.0,0.0,0.0,0.0,0.0,0.0,0.0,Fluo-C2DL-Huh7,02,Huh7,#2db95f
22,Cell,1,1.0,769.0,573.0,9.0,4.0,9.848857801796104,9.848857801796104,9.848857801796104,9.848857801796104,23.962488974578186,Fluo-C2DL-Huh7,02,Huh7,#2db95f
22,Cell,2,2.0,769.0,572.0,9.0,3.0,1.0,10.848857801796104,9.486832980505138,1.0,-90.0,Fluo-C2DL-Huh7,02,Huh7,#2db95f
22,Cell,3,3.0,769.0,576.0,9.0,7.0,4.0,14.848857801796104,11.40175425099138,4.0,90.0,Fluo-C2DL-Huh7,02,Huh7,#2db95f
22,Cell,4,4.0,771.0,573.0,11.0,4.0,3.605551275463989,18.45440907726009,11.704699910719626,3.605551275463989,-56.309932474020215,Fluo-C2DL-Huh7,02,Huh7,#2db95f
22,Cell,5,5.0,771.0,569.0,11.0,0.0,4.0,22.45440907726009,11.0,4.0,-90.0,Fluo-C2DL-Huh7,02,Huh7,#2db95f
23,Cell,0,0.0,784.0,594.0,0.0,0.0,0.0,0.0,0.0,0.0,0.0,Fluo-C2DL-Huh7,02,Huh7,#2db95f
23,Cell,1,1.0,783.0,584.0,-1.0,-10.0,10.04987562112089,10.04987562112089,10.04987562112089,10.04987562112089,-95.71059313749964,Fluo-C2DL-Huh7,02,Huh7,#2db95f
23,Cell,2,2.0,788.0,589.0,4.0,-5.0,7.071067811865476,17.120943432986365,6.4031242374328485,7.071067811865476,45.0,Fluo-C2DL-Huh7,02,Huh7,#2db95f
23,Cell,3,3.0,790.0,591.0,6.0,-3.0,2.8284271247461903,19.94937055773256,6.708203932499369,2.8284271247461903,45.0,Fluo-C2DL-Huh7,02,Huh7,#2db95f
23,Cell,4,4.0,796.0,597.0,12.0,3.0,8.48528137423857,28.434651931971125,12.36931687685298,8.48528137423857,45.0,Fluo-C2DL-Huh7,02,Huh7,#2db95f
23,Cell,5,5.0,796.0,597.0,12.0,3.0,0.0,28.434651931971125,12.36931687685298,0.0,0.0,Fluo-C2DL-Huh7,02,Huh7,#2db95f
55,Cell,0,0.0,2.296296296296296,517.0,0.0,0.0,0.0,0.0,0.0,0.0,0.0,Fluo-C2DL-Huh7,02,Huh7,#2db95f
55,Cell,1,1.0,2.296296296296296,521.0,0.0,4.0,4.0,4.0,4.0,4.0,90.0,Fluo-C2DL-Huh7,02,Huh7,#2db95f
55,Cell,2,2.0,21.0,571.0,18.703703703703702,54.0,53.383785293251165,57.383785293251165,57.14742804567796,53.383785293251165,69.49047996670967,Fluo-C2DL-Huh7,02,Huh7,#2db95f
55,Cell,3,3.0,54.0,587.0,51.7037037037037,70.0,36.6742416417845,94.05802693503566,87.02455387234332,36.6742416417845,25.86635679409452,Fluo-C2DL-Huh7,02,Huh7,#2db95f
55,Cell,4,4.0,54.0,601.0,51.7037037037037,84.0,14.0,108.05802693503566,98.6370770890966,14.0,90.0,Fluo-C2DL-Huh7,02,Huh7,#2db95f
55,Cell,5,5.0,48.0,599.0,45.7037037037037,82.0,6.324555320336759,114.3825822553724,93.8766666016425,6.324555320336759,-161.56505117707798,Fluo-C2DL-Huh7,02,Huh7,#2db95f
77,Cell,0,0.0,1011.0,670.0,0.0,0.0,0.0,0.0,0.0,0.0,0.0,Fluo-C2DL-Huh7,02,Huh7,#2db95f
77,Cell,1,1.0,1010.0,664.0,-1.0,-6.0,6.082762530298219,6.082762530298219,6.082762530298219,6.082762530298219,-99.46232220802564,Fluo-C2DL-Huh7,02,Huh7,#2db95f
77,Cell,2,2.0,1009.0,665.0,-2.0,-5.0,1.4142135623730951,7.496976092671314,5.385164807134504,1.4142135623730951,135.0,Fluo-C2DL-Huh7,02,Huh7,#2db95f
77,Cell,3,3.0,1009.0,659.0,-2.0,-11.0,6.0,13.496976092671314,11.180339887498947,6.0,-90.0,Fluo-C2DL-Huh7,02,Huh7,#2db95f
39,Cell,0,0.0,181.0,809.0,0.0,0.0,0.0,0.0,0.0,0.0,0.0,Fluo-C2DL-Huh7,02,Huh7,#2db95f
39,Cell,1,1.0,187.0,791.0,6.0,-18.0,18.97366596101028,18.97366596101028,18.97366596101028,18.97366596101028,-71.56505117707799,Fluo-C2DL-Huh7,02,Huh7,#2db95f
39,Cell,2,2.0,189.0,779.0,8.0,-30.0,12.16552506059644,31.139191021606717,31.04834939252005,12.16552506059644,-80.53767779197439,Fluo-C2DL-Huh7,02,Huh7,#2db95f
39,Cell,3,3.0,192.0,772.0,11.0,-37.0,7.615773105863909,38.75496412747062,38.60051813123757,7.615773105863909,-66.80140948635182,Fluo-C2DL-Huh7,02,Huh7,#2db95f
40,Cell,0,0.0,211.0,808.0,0.0,0.0,0.0,0.0,0.0,0.0,0.0,Fluo-C2DL-Huh7,02,Huh7,#2db95f
40,Cell,1,1.0,223.0,802.0,12.0,-6.0,13.41640786499874,13.41640786499874,13.41640786499874,13.41640786499874,-26.56505117707799,Fluo-C2DL-Huh7,02,Huh7,#2db95f
40,Cell,2,2.0,223.0,783.0,12.0,-25.0,19.0,32.41640786499874,27.73084924772409,19.0,-90.0,Fluo-C2DL-Huh7,02,Huh7,#2db95f
40,Cell,3,3.0,226.0,772.0,15.0,-36.0,11.40175425099138,43.81816211599012,39.0,11.40175425099138,-74.74488129694222,Fluo-C2DL-Huh7,02,Huh7,#2db95f
80,Cell,0,0.0,94.0,665.0,0.0,0.0,0.0,0.0,0.0,0.0,0.0,Fluo-C2DL-Huh7,02,Huh7,#2db95f
80,Cell,1,1.0,99.0,664.0,5.0,-1.0,5.0990195135927845,5.0990195135927845,5.0990195135927845,5.0990195135927845,-11.309932474020211,Fluo-C2DL-Huh7,02,Huh7,#2db95f
80,Cell,2,2.0,96.0,662.0,2.0,-3.0,3.605551275463989,8.704570789056774,3.605551275463989,3.605551275463989,-146.30993247402023,Fluo-C2DL-Huh7,02,Huh7,#2db95f
81,Cell,0,0.0,109.0,654.0,0.0,0.0,0.0,0.0,0.0,0.0,0.0,Fluo-C2DL-Huh7,02,Huh7,#2db95f
81,Cell,1,1.0,115.0,653.0,6.0,-1.0,6.082762530298219,6.082762530298219,6.082762530298219,6.082762530298219,-9.462322208025617,Fluo-C2DL-Huh7,02,Huh7,#2db95f
81,Cell,2,2.0,115.0,658.0,6.0,4.0,5.0,11.082762530298218,7.211102550927978,5.0,90.0,Fluo-C2DL-Huh7,02,Huh7,#2db95f
35,Cell,0,0.0,74.0,642.0,0.0,0.0,0.0,0.0,0.0,0.0,0.0,Fluo-C2DL-Huh7,02,Huh7,#2db95f
35,Cell,1,1.0,65.0,638.0,-9.0,-4.0,9.848857801796104,9.848857801796104,9.848857801796104,9.848857801796104,-156.03751102542182,Fluo-C2DL-Huh7,02,Huh7,#2db95f
35,Cell,2,2.0,64.0,630.0,-10.0,-12.0,8.06225774829855,17.911115550094653,15.620499351813308,8.06225774829855,-97.1250163489018,Fluo-C2DL-Huh7,02,Huh7,#2db95f
35,Cell,3,3.0,61.0,635.0,-13.0,-7.0,5.830951894845301,23.74206744493996,14.7648230602334,5.830951894845301,120.96375653207352,Fluo-C2DL-Huh7,02,Huh7,#2db95f
35,Cell,4,4.0,61.0,635.0,-13.0,-7.0,0.0,23.74206744493996,14.7648230602334,0.0,0.0,Fluo-C2DL-Huh7,02,Huh7,#2db95f
35,Cell,5,5.0,59.0,633.0,-15.0,-9.0,2.8284271247461903,26.570494569686147,17.4928556845359,2.8284271247461903,-135.0,Fluo-C2DL-Huh7,02,Huh7,#2db95f
35,Cell,6,6.0,59.0,633.0,-15.0,-9.0,0.0,26.570494569686147,17.4928556845359,0.0,0.0,Fluo-C2DL-Huh7,02,Huh7,#2db95f
35,Cell,7,7.0,59.0,633.0,-15.0,-9.0,0.0,26.570494569686147,17.4928556845359,0.0,0.0,Fluo-C2DL-Huh7,02,Huh7,#2db95f
35,Cell,8,8.0,59.0,633.0,-15.0,-9.0,0.0,26.570494569686147,17.4928556845359,0.0,0.0,Fluo-C2DL-Huh7,02,Huh7,#2db95f
35,Cell,9,9.0,62.0,632.0,-12.0,-10.0,3.1622776601683795,29.732772229854525,15.620499351813308,3.1622776601683795,-18.43494882292201,Fluo-C2DL-Huh7,02,Huh7,#2db95f
35,Cell,10,10.0,67.0,632.0,-7.0,-10.0,5.0,34.732772229854525,12.206555615733702,5.0,0.0,Fluo-C2DL-Huh7,02,Huh7,#2db95f
35,Cell,11,11.0,68.0,633.0,-6.0,-9.0,1.4142135623730951,36.14698579222762,10.816653826391969,1.4142135623730951,45.0,Fluo-C2DL-Huh7,02,Huh7,#2db95f
35,Cell,12,12.0,68.0,633.0,-6.0,-9.0,0.0,36.14698579222762,10.816653826391969,0.0,0.0,Fluo-C2DL-Huh7,02,Huh7,#2db95f
35,Cell,13,13.0,69.0,638.0,-5.0,-4.0,5.0990195135927845,41.2460053058204,6.4031242374328485,5.0990195135927845,78.69006752597979,Fluo-C2DL-Huh7,02,Huh7,#2db95f
35,Cell,14,14.0,72.0,640.0,-2.0,-2.0,3.605551275463989,44.85155658128439,2.8284271247461903,3.605551275463989,33.690067525979785,Fluo-C2DL-Huh7,02,Huh7,#2db95f
35,Cell,15,15.0,76.0,646.0,2.0,4.0,7.211102550927978,52.06265913221237,4.47213595499958,7.211102550927978,56.309932474020215,Fluo-C2DL-Huh7,02,Huh7,#2db95f
35,Cell,16,16.0,78.0,648.0,4.0,6.0,2.8284271247461903,54.89108625695856,7.211102550927978,2.8284271247461903,45.0,Fluo-C2DL-Huh7,02,Huh7,#2db95f
35,Cell,17,17.0,78.0,648.0,4.0,6.0,0.0,54.89108625695856,7.211102550927978,0.0,0.0,Fluo-C2DL-Huh7,02,Huh7,#2db95f
35,Cell,18,18.0,83.0,650.0,9.0,8.0,5.385164807134504,60.27625106409306,12.041594578792296,5.385164807134504,21.80140948635181,Fluo-C2DL-Huh7,02,Huh7,#2db95f
35,Cell,19,19.0,92.0,654.0,18.0,12.0,9.848857801796104,70.12510886588916,21.633307652783937,9.848857801796104,23.962488974578186,Fluo-C2DL-Huh7,02,Huh7,#2db95f
35,Cell,20,20.0,92.0,654.0,18.0,12.0,0.0,70.12510886588916,21.633307652783937,0.0,0.0,Fluo-C2DL-Huh7,02,Huh7,#2db95f
35,Cell,21,21.0,92.0,654.0,18.0,12.0,0.0,70.12510886588916,21.633307652783937,0.0,0.0,Fluo-C2DL-Huh7,02,Huh7,#2db95f
35,Cell,22,22.0,94.0,658.0,20.0,16.0,4.47213595499958,74.59724482088873,25.612496949731398,4.47213595499958,63.43494882292201,Fluo-C2DL-Huh7,02,Huh7,#2db95f
35,Cell,23,23.0,83.0,686.0,9.0,44.0,30.083217912982647,104.68046273387138,44.91102314577124,30.083217912982647,111.44773632710536,Fluo-C2DL-Huh7,02,Huh7,#2db95f
35,Cell,24,24.0,83.0,687.0,9.0,45.0,1.0,105.68046273387138,45.89117562233506,1.0,90.0,Fluo-C2DL-Huh7,02,Huh7,#2db95f
35,Cell,25,25.0,88.0,678.0,14.0,36.0,10.295630140987,115.97609287485838,38.62641583165593,10.295630140987,-60.94539590092286,Fluo-C2DL-Huh7,02,Huh7,#2db95f
35,Cell,26,26.0,95.0,667.0,21.0,25.0,13.038404810405298,129.01449768526368,32.64965543462902,13.038404810405298,-57.52880770915152,Fluo-C2DL-Huh7,02,Huh7,#2db95f
68,Cell,0,0.0,643.0,932.0,0.0,0.0,0.0,0.0,0.0,0.0,0.0,Fluo-C2DL-Huh7,02,Huh7,#2db95f
68,Cell,1,1.0,642.0,930.0,-1.0,-2.0,2.23606797749979,2.23606797749979,2.23606797749979,2.23606797749979,-116.565051177078,Fluo-C2DL-Huh7,02,Huh7,#2db95f
68,Cell,2,2.0,643.0,929.0,0.0,-3.0,1.4142135623730951,3.6502815398728847,3.0,1.4142135623730951,-45.0,Fluo-C2DL-Huh7,02,Huh7,#2db95f
68,Cell,3,3.0,643.0,928.0,0.0,-4.0,1.0,4.650281539872885,4.0,1.0,-90.0,Fluo-C2DL-Huh7,02,Huh7,#2db95f
68,Cell,4,4.0,645.0,930.0,2.0,-2.0,2.8284271247461903,7.4787086646190755,2.8284271247461903,2.8284271247461903,45.0,Fluo-C2DL-Huh7,02,Huh7,#2db95f
68,Cell,5,5.0,645.0,930.0,2.0,-2.0,0.0,7.4787086646190755,2.8284271247461903,0.0,0.0,Fluo-C2DL-Huh7,02,Huh7,#2db95f
68,Cell,6,6.0,645.0,932.0,2.0,0.0,2.0,9.478708664619075,2.0,2.0,90.0,Fluo-C2DL-Huh7,02,Huh7,#2db95f
68,Cell,7,7.0,644.0,931.0,1.0,-1.0,1.4142135623730951,10.892922226992171,1.4142135623730951,1.4142135623730951,-135.0,Fluo-C2DL-Huh7,02,Huh7,#2db95f
68,Cell,8,8.0,643.0,929.0,0.0,-3.0,2.23606797749979,13.12899020449196,3.0,2.23606797749979,-116.565051177078,Fluo-C2DL-Huh7,02,Huh7,#2db95f
68,Cell,9,9.0,643.0,931.0,0.0,-1.0,2.0,15.12899020449196,1.0,2.0,90.0,Fluo-C2DL-Huh7,02,Huh7,#2db95f
68,Cell,10,10.0,643.0,930.0,0.0,-2.0,1.0,16.128990204491963,2.0,1.0,-90.0,Fluo-C2DL-Huh7,02,Huh7,#2db95f
68,Cell,11,11.0,641.0,928.0,-2.0,-4.0,2.8284271247461903,18.957417329238154,4.47213595499958,2.8284271247461903,-135.0,Fluo-C2DL-Huh7,02,Huh7,#2db95f
68,Cell,12,12.0,622.0,955.0,-21.0,23.0,33.015148038438355,51.97256536767651,31.144823004794876,33.015148038438355,125.13419305691563,Fluo-C2DL-Huh7,02,Huh7,#2db95f
68,Cell,13,13.0,615.0,957.0,-28.0,25.0,7.280109889280518,59.25267525695703,37.53664875824692,7.280109889280518,164.05460409907712,Fluo-C2DL-Huh7,02,Huh7,#2db95f
68,Cell,14,14.0,620.0,942.0,-23.0,10.0,15.811388300841896,75.06406355779892,25.079872407968907,15.811388300841896,-71.56505117707799,Fluo-C2DL-Huh7,02,Huh7,#2db95f
