TrackID,Cell_Type,Frame,Time_min,X_um,Y_um,X_displacement_um,Y_displacement_um,Step_Distance_um,Cumulative_Distance_um,Displacement_um,Velocity_um_min,Step_Angle_deg
6,Cell,0,0.0,191.0,431.0,0.0,0.0,0.0,0.0,0.0,0.0,0.0
6,Cell,1,1.0,191.0,431.0,0.0,0.0,0.0,0.0,0.0,0.0,0.0
6,Cell,2,2.0,191.0,431.0,0.0,0.0,0.0,0.0,0.0,0.0,0.0
6,Cell,3,3.0,191.0,431.0,0.0,0.0,0.0,0.0,0.0,0.0,0.0
6,Cell,4,4.0,191.0,431.0,0.0,0.0,0.0,0.0,0.0,0.0,0.0
6,Cell,5,5.0,191.0,431.0,0.0,0.0,0.0,0.0,0.0,0.0,0.0
6,Cell,6,6.0,191.0,431.0,0.0,0.0,0.0,0.0,0.0,0.0,0.0
6,Cell,7,7.0,191.0,431.0,0.0,0.0,0.0,0.0,0.0,0.0,0.0
6,Cell,8,8.0,191.0,431.0,0.0,0.0,0.0,0.0,0.0,0.0,0.0
6,Cell,9,9.0,191.0,431.0,0.0,0.0,0.0,0.0,0.0,0.0,0.0
6,Cell,10,10.0,191.0,431.0,0.0,0.0,0.0,0.0,0.0,0.0,0.0
6,Cell,11,11.0,191.0,431.0,0.0,0.0,0.0,0.0,0.0,0.0,0.0
6,Cell,12,12.0,191.0,431.0,0.0,0.0,0.0,0.0,0.0,0.0,0.0
6,Cell,13,13.0,191.0,431.0,0.0,0.0,0.0,0.0,0.0,0.0,0.0
6,Cell,14,14.0,191.0,431.0,0.0,0.0,0.0,0.0,0.0,0.0,0.0
6,Cell,15,15.0,191.0,431.0,0.0,0.0,0.0,0.0,0.0,0.0,0.0
6,Cell,16,16.0,191.0,431.0,0.0,0.0,0.0,0.0,0.0,0.0,0.0
6,Cell,17,17.0,191.0,431.0,0.0,0.0,0.0,0.0,0.0,0.0,0.0
6,Cell,18,18.0,191.0,431.0,0.0,0.0,0.0,0.0,0.0,0.0,0.0
6,Cell,19,19.0,191.0,431.0,0.0,0.0,0.0,0.0,0.0,0.0,0.0
6,Cell,20,20.0,191.0,431.0,0.0,0.0,0.0,0.0,0.0,0.0,0.0
6,Cell,21,21.0,191.0,431.0,0.0,0.0,0.0,0.0,0.0,0.0,0.0
6,Cell,22,22.0,191.0,431.0,0.0,0.0,0.0,0.0,0.0,0.0,0.0
6,Cell,23,23.0,191.0,431.0,0.0,0.0,0.0,0.0,0.0,0.0,0.0
6,Cell,24,24.0,191.0,431.0,0.0,0.0,0.0,0.0,0.0,0.0,0.0
6,Cell,25,25.0,191.0,431.0,0.0,0.0,0.0,0.0,0.0,0.0,0.0
6,Cell,26,26.0,191.0,431.0,0.0,0.0,0.0,0.0,0.0,0.0,0.0
6,Cell,27,27.0,191.0,431.0,0.0,0.0,0.0,0.0,0.0,0.0,0.0
6,Cell,28,28.0,191.0,431.0,0.0,0.0,0.0,0.0,0.0,0.0,0.0
6,Cell,29,29.0,191.0,431.0,0.0,0.0,0.0,0.0,0.0,0.0,0.0
2,Cell,0,0.0,86.0,155.0,0.0,0.0,0.0,0.0,0.0,0.0,0.0
2,Cell,1,1.0,86.0,153.0,0.0,-2.0,2.0,2.0,2.0,2.0,-90.0
2,Cell,2,2.0,86.0,153.0,0.0,-2.0,0.0,2.0,2.0,0.0,0.0
2,Cell,3,3.0,86.0,153.0,0.0,-2.0,0.0,2.0,2.0,0.0,0.0
2,Cell,4,4.0,86.0,153.0,0.0,-2.0,0.0,2.0,2.0,0.0,0.0
2,Cell,5,5.0,86.0,153.0,0.0,-2.0,0.0,2.0,2.0,0.0,0.0
2,Cell,6,6.0,86.0,153.0,0.0,-2.0,0.0,2.0,2.0,0.0,0.0
2,Cell,7,7.0,86.0,153.0,0.0,-2.0,0.0,2.0,2.0,0.0,0.0
2,Cell,8,8.0,86.0,153.0,0.0,-2.0,0.0,2.0,2.0,0.0,0.0
2,Cell,9,9.0,86.0,153.0,0.0,-2.0,0.0,2.0,2.0,0.0,0.0
2,Cell,10,10.0,86.0,153.0,0.0,-2.0,0.0,2.0,2.0,0.0,0.0
2,Cell,11,11.0,86.0,153.0,0.0,-2.0,0.0,2.0,2.0,0.0,0.0
2,Cell,12,12.0,86.0,153.0,0.0,-2.0,0.0,2.0,2.0,0.0,0.0
2,Cell,13,13.0,86.0,153.0,0.0,-2.0,0.0,2.0,2.0,0.0,0.0
2,Cell,14,14.0,86.0,153.0,0.0,-2.0,0.0,2.0,2.0,0.0,0.0
2,Cell,15,15.0,86.0,153.0,0.0,-2.0,0.0,2.0,2.0,0.0,0.0
2,Cell,16,16.0,86.0,153.0,0.0,-2.0,0.0,2.0,2.0,0.0,0.0
2,Cell,17,17.0,86.0,151.0,0.0,-4.0,2.0,4.0,4.0,2.0,-90.0
2,Cell,18,18.0,86.0,148.0,0.0,-7.0,3.0,7.0,7.0,3.0,-90.0
2,Cell,19,19.0,86.0,148.0,0.0,-7.0,0.0,7.0,7.0,0.0,0.0
2,Cell,20,20.0,86.0,148.0,0.0,-7.0,0.0,7.0,7.0,0.0,0.0
2,Cell,21,21.0,86.0,148.0,0.0,-7.0,0.0,7.0,7.0,0.0,0.0
2,Cell,22,22.0,86.0,148.0,0.0,-7.0,0.0,7.0,7.0,0.0,0.0
2,Cell,23,23.0,86.0,148.0,0.0,-7.0,0.0,7.0,7.0,0.0,0.0
2,Cell,24,24.0,86.0,148.0,0.0,-7.0,0.0,7.0,7.0,0.0,0.0
2,Cell,25,25.0,86.0,148.0,0.0,-7.0,0.0,7.0,7.0,0.0,0.0
2,Cell,26,26.0,86.0,148.0,0.0,-7.0,0.0,7.0,7.0,0.0,0.0
2,Cell,27,27.0,86.0,148.0,0.0,-7.0,0.0,7.0,7.0,0.0,0.0
2,Cell,28,28.0,86.0,148.0,0.0,-7.0,0.0,7.0,7.0,0.0,0.0
2,Cell,29,29.0,86.0,148.0,0.0,-7.0,0.0,7.0,7.0,0.0,0.0
19,Cell,0,0.0,658.0,615.0,0.0,0.0,0.0,0.0,0.0,0.0,0.0
19,Cell,1,1.0,658.0,615.0,0.0,0.0,0.0,0.0,0.0,0.0,0.0
19,Cell,2,2.0,657.0,612.0,-1.0,-3.0,3.1622776601683795,3.1622776601683795,3.1622776601683795,3.1622776601683795,-108.43494882292201
19,Cell,3,3.0,656.0,613.0,-2.0,-2.0,1.4142135623730951,4.576491222541475,2.8284271247461903,1.4142135623730951,135.0
19,Cell,4,4.0,656.0,613.0,-2.0,-2.0,0.0,4.576491222541475,2.8284271247461903,0.0,0.0
19,Cell,5,5.0,656.0,613.0,-2.0,-2.0,0.0,4.576491222541475,2.8284271247461903,0.0,0.0
19,Cell,6,6.0,655.0,614.5,-3.0,-0.5,1.8027756377319946,6.37926686027347,3.0413812651491097,1.8027756377319946,123.6900675259798
19,Cell,7,7.0,655.0,615.0,-3.0,0.0,0.5,6.87926686027347,3.0,0.5,90.0
19,Cell,8,8.0,655.0,615.0,-3.0,0.0,0.0,6.87926686027347,3.0,0.0,0.0
19,Cell,9,9.0,655.0,615.0,-3.0,0.0,0.0,6.87926686027347,3.0,0.0,0.0
19,Cell,10,10.0,655.0,615.0,-3.0,0.0,0.0,6.87926686027347,3.0,0.0,0.0
19,Cell,11,11.0,655.0,613.0,-3.0,-2.0,2.0,8.87926686027347,3.605551275463989,2.0,-90.0
19,Cell,12,12.0,655.0,613.0,-3.0,-2.0,0.0,8.87926686027347,3.605551275463989,0.0,0.0
19,Cell,13,13.0,655.0,613.0,-3.0,-2.0,0.0,8.87926686027347,3.605551275463989,0.0,0.0
19,Cell,14,14.0,656.0,614.0,-2.0,-1.0,1.4142135623730951,10.293480422646565,2.23606797749979,1.4142135623730951,45.0
19,Cell,15,15.0,656.0,613.0,-2.0,-2.0,1.0,11.293480422646565,2.8284271247461903,1.0,-90.0
19,Cell,16,16.0,656.0,613.0,-2.0,-2.0,0.0,11.293480422646565,2.8284271247461903,0.0,0.0
19,Cell,17,17.0,656.0,613.0,-2.0,-2.0,0.0,11.293480422646565,2.8284271247461903,0.0,0.0
19,Cell,18,18.0,656.0,613.0,-2.0,-2.0,0.0,11.293480422646565,2.8284271247461903,0.0,0.0
19,Cell,19,19.0,656.0,613.0,-2.0,-2.0,0.0,11.293480422646565,2.8284271247461903,0.0,0.0
19,Cell,20,20.0,656.0,613.0,-2.0,-2.0,0.0,11.293480422646565,2.8284271247461903,0.0,0.0
19,Cell,21,21.0,655.0,612.0,-3.0,-3.0,1.4142135623730951,12.707693985019661,4.242640687119285,1.4142135623730951,-135.0
19,Cell,22,22.0,655.0,612.0,-3.0,-3.0,0.0,12.707693985019661,4.242640687119285,0.0,0.0
19,Cell,23,23.0,655.0,612.0,-3.0,-3.0,0.0,12.707693985019661,4.242640687119285,0.0,0.0
19,Cell,24,24.0,655.0,612.0,-3.0,-3.0,0.0,12.707693985019661,4.242640687119285,0.0,0.0
19,Cell,25,25.0,655.0,612.0,-3.0,-3.0,0.0,12.707693985019661,4.242640687119285,0.0,0.0
19,Cell,26,26.0,655.0,612.0,-3.0,-3.0,0.0,12.707693985019661,4.242640687119285,0.0,0.0
19,Cell,27,27.0,655.0,612.0,-3.0,-3.0,0.0,12.707693985019661,4.242640687119285,0.0,0.0
19,Cell,28,28.0,655.0,612.0,-3.0,-3.0,0.0,12.707693985019661,4.242640687119285,0.0,0.0
19,Cell,29,29.0,655.0,612.0,-3.0,-3.0,0.0,12.707693985019661,4.242640687119285,0.0,0.0
73,Cell,0,0.0,480.0,905.0,0.0,0.0,0.0,0.0,0.0,0.0,0.0
73,Cell,1,1.0,477.0,904.0,-3.0,-1.0,3.1622776601683795,3.1622776601683795,3.1622776601683795,3.1622776601683795,-161.56505117707798
73,Cell,2,2.0,474.0,902.0,-6.0,-3.0,3.605551275463989,6.767828935632369,6.708203932499369,3.605551275463989,-146.30993247402023
73,Cell,3,3.0,475.0,901.0,-5.0,-4.0,1.4142135623730951,8.182042498005464,6.4031242374328485,1.4142135623730951,-45.0
73,Cell,4,4.0,475.0,901.0,-5.0,-4.0,0.0,8.182042498005464,6.4031242374328485,0.0,0.0
73,Cell,5,5.0,474.0,900.0,-6.0,-5.0,1.4142135623730951,9.59625606037856,7.810249675906654,1.4142135623730951,-135.0
73,Cell,6,6.0,474.0,900.0,-6.0,-5.0,0.0,9.59625606037856,7.810249675906654,0.0,0.0
73,Cell,7,7.0,474.0,900.0,-6.0,-5.0,0.0,9.59625606037856,7.810249675906654,0.0,0.0
73,Cell,8,8.0,474.0,899.0,-6.0,-6.0,1.0,10.59625606037856,8.48528137423857,1.0,-90.0
73,Cell,9,9.0,475.0,899.0,-5.0,-6.0,1.0,11.59625606037856,7.810249675906654,1.0,0.0
73,Cell,10,10.0,476.0,899.0,-4.0,-6.0,1.0,12.59625606037856,7.211102550927978,1.0,0.0
73,Cell,11,11.0,477.0,898.0,-3.0,-7.0,1.4142135623730951,14.010469622751655,7.615773105863909,1.4142135623730951,-45.0
73,Cell,12,12.0,477.0,898.0,-3.0,-7.0,0.0,14.010469622751655,7.615773105863909,0.0,0.0
73,Cell,13,13.0,477.0,898.0,-3.0,-7.0,0.0,14.010469622751655,7.615773105863909,0.0,0.0
73,Cell,14,14.0,478.0,898.0,-2.0,-7.0,1.0,15.010469622751655,7.280109889280518,1.0,0.0
73,Cell,15,15.0,479.0,898.0,-1.0,-7.0,1.0,16.010469622751657,7.0710678118654755,1.0,0.0
73,Cell,16,16.0,481.0,898.0,1.0,-7.0,2.0,18.010469622751657,7.0710678118654755,2.0,0.0
73,Cell,17,17.0,483.0,901.0,3.0,-4.0,3.605551275463989,21.616020898215645,5.0,3.605551275463989,56.309932474020215
73,Cell,18,18.0,484.0,902.0,4.0,-3.0,1.4142135623730951,23.03023446058874,5.0,1.4142135623730951,45.0
73,Cell,19,19.0,485.0,903.0,5.0,-2.0,1.4142135623730951,24.444448022961836,5.385164807134504,1.4142135623730951,45.0
73,Cell,20,20.0,484.0,903.0,4.0,-2.0,1.0,25.444448022961836,4.47213595499958,1.0,180.0
73,Cell,21,21.0,484.0,904.0,4.0,-1.0,1.0,26.444448022961836,4.123105625617661,1.0,90.0
73,Cell,22,22.0,483.0,905.0,3.0,0.0,1.4142135623730951,27.858661585334932,3.0,1.4142135623730951,135.0
73,Cell,23,23.0,483.0,906.0,3.0,1.0,1.0,28.858661585334932,3.1622776601683795,1.0,90.0
73,Cell,24,24.0,483.0,906.0,3.0,1.0,0.0,28.858661585334932,3.1622776601683795,0.0,0.0
73,Cell,25,25.0,481.0,906.0,1.0,1.0,2.0,30.858661585334932,1.4142135623730951,2.0,180.0
73,Cell,26,26.0,478.0,906.0,-2.0,1.0,3.0,33.85866158533493,2.23606797749979,3.0,180.0
73,Cell,27,27.0,477.0,907.0,-3.0,2.0,1.4142135623730951,35.27287514770802,3.605551275463989,1.4142135623730951,135.0
73,Cell,28,28.0,477.0,907.0,-3.0,2.0,0.0,35.27287514770802,3.605551275463989,0.0,0.0
73,Cell,29,29.0,478.0,908.0,-2.0,3.0,1.4142135623730951,36.68708871008111,3.605551275463989,1.4142135623730951,45.0
60,Cell,0,0.0,681.0,710.0,0.0,0.0,0.0,0.0,0.0,0.0,0.0
60,Cell,1,1.0,681.0,708.0,0.0,-2.0,2.0,2.0,2.0,2.0,-90.0
60,Cell,2,2.0,679.0,708.0,-2.0,-2.0,2.0,4.0,2.8284271247461903,2.0,180.0
60,Cell,3,3.0,676.0,708.0,-5.0,-2.0,3.0,7.0,5.385164807134504,3.0,180.0
60,Cell,4,4.0,674.0,707.0,-7.0,-3.0,2.23606797749979,9.23606797749979,7.615773105863909,2.23606797749979,-153.43494882292202
60,Cell,5,5.0,670.0,706.0,-11.0,-4.0,4.123105625617661,13.359173603117451,11.704699910719626,4.123105625617661,-165.96375653207352
60,Cell,6,6.0,670.0,706.0,-11.0,-4.0,0.0,13.359173603117451,11.704699910719626,0.0,0.0
60,Cell,7,7.0,670.0,706.0,-11.0,-4.0,0.0,13.359173603117451,11.704699910719626,0.0,0.0
60,Cell,8,8.0,671.0,708.0,-10.0,-2.0,2.23606797749979,15.595241580617241,10.198039027185569,2.23606797749979,63.43494882292201
60,Cell,9,9.0,673.0,710.0,-8.0,0.0,2.8284271247461903,18.423668705363433,8.0,2.8284271247461903,45.0
60,Cell,10,10.0,675.0,710.0,-6.0,0.0,2.0,20.423668705363433,6.0,2.0,0.0
60,Cell,11,11.0,675.0,707.0,-6.0,-3.0,3.0,23.423668705363433,6.708203932499369,3.0,-90.0
60,Cell,12,12.0,672.0,708.0,-9.0,-2.0,3.1622776601683795,26.58594636553181,9.219544457292887,3.1622776601683795,161.56505117707798
60,Cell,13,13.0,672.0,709.0,-9.0,-1.0,1.0,27.58594636553181,9.055385138137417,1.0,90.0
60,Cell,14,14.0,672.0,706.0,-9.0,-4.0,3.0,30.58594636553181,9.848857801796104,3.0,-90.0
60,Cell,15,15.0,672.0,706.0,-9.0,-4.0,0.0,30.58594636553181,9.848857801796104,0.0,0.0
60,Cell,16,16.0,672.0,706.0,-9.0,-4.0,0.0,30.58594636553181,9.848857801796104,0.0,0.0
60,Cell,17,17.0,672.0,705.0,-9.0,-5.0,1.0,31.58594636553181,10.295630140987,1.0,-90.0
60,Cell,18,18.0,672.0,705.0,-9.0,-5.0,0.0,31.58594636553181,10.295630140987,0.0,0.0
60,Cell,19,19.0,674.0,705.0,-7.0,-5.0,2.0,33.58594636553181,8.602325267042627,2.0,0.0
60,Cell,20,20.0,674.0,706.0,-7.0,-4.0,1.0,34.58594636553181,8.06225774829855,1.0,90.0
60,Cell,21,21.0,675.0,708.0,-6.0,-2.0,2.23606797749979,36.8220143430316,6.324555320336759,2.23606797749979,63.43494882292201
60,Cell,22,22.0,675.0,708.0,-6.0,-2.0,0.0,36.8220143430316,6.324555320336759,0.0,0.0
60,Cell,23,23.0,674.0,709.0,-7.0,-1.0,1.4142135623730951,38.23622790540469,7.0710678118654755,1.4142135623730951,135.0
60,Cell,24,24.0,674.0,708.0,-7.0,-2.0,1.0,39.23622790540469,7.280109889280518,1.0,-90.0
60,Cell,25,25.0,674.0,708.0,-7.0,-2.0,0.0,39.23622790540469,7.280109889280518,0.0,0.0
60,Cell,26,26.0,674.0,707.0,-7.0,-3.0,1.0,40.23622790540469,7.615773105863909,1.0,-90.0
60,Cell,27,27.0,674.0,706.0,-7.0,-4.0,1.0,41.23622790540469,8.06225774829855,1.0,-90.0
60,Cell,28,28.0,673.0,706.0,-8.0,-4.0,1.0,42.23622790540469,8.94427190999916,1.0,180.0
60,Cell,29,29.0,673.0,706.0,-8.0,-4.0,0.0,42.23622790540469,8.94427190999916,0.0,0.0
72,Cell,0,0.0,478.0,883.0,0.0,0.0,0.0,0.0,0.0,0.0,0.0
72,Cell,1,1.0,475.0,881.0,-3.0,-2.0,3.605551275463989,3.605551275463989,3.605551275463989,3.605551275463989,-146.30993247402023
72,Cell,2,2.0,473.0,879.0,-5.0,-4.0,2.8284271247461903,6.433978400210179,6.4031242374328485,2.8284271247461903,-135.0
72,Cell,3,3.0,476.0,879.0,-2.0,-4.0,3.0,9.43397840021018,4.47213595499958,3.0,0.0
72,Cell,4,4.0,477.0,877.0,-1.0,-6.0,2.23606797749979,11.67004637770997,6.082762530298219,2.23606797749979,-63.43494882292201
72,Cell,5,5.0,480.0,876.0,2.0,-7.0,3.1622776601683795,14.83232403787835,7.280109889280518,3.1622776601683795,-18.43494882292201
72,Cell,6,6.0,480.0,877.0,2.0,-6.0,1.0,15.83232403787835,6.324555320336759,1.0,90.0
72,Cell,7,7.0,483.0,877.0,5.0,-6.0,3.0,18.83232403787835,7.810249675906654,3.0,0.0
72,Cell,8,8.0,484.0,877.0,6.0,-6.0,1.0,19.83232403787835,8.48528137423857,1.0,0.0
72,Cell,9,9.0,488.0,876.0,10.0,-7.0,4.123105625617661,23.955429663496012,12.206555615733702,4.123105625617661,-14.036243467926477
72,Cell,10,10.0,489.0,877.0,11.0,-6.0,1.4142135623730951,25.36964322586911,12.529964086141668,1.4142135623730951,45.0
72,Cell,11,11.0,490.0,875.0,12.0,-8.0,2.23606797749979,27.605711203368898,14.422205101855956,2.23606797749979,-63.43494882292201
72,Cell,12,12.0,488.0,877.0,10.0,-6.0,2.8284271247461903,30.43413832811509,11.661903789690601,2.8284271247461903,135.0
72,Cell,13,13.0,491.0,876.0,13.0,-7.0,3.1622776601683795,33.59641598828347,14.7648230602334,3.1622776601683795,-18.43494882292201
72,Cell,14,14.0,491.0,875.0,13.0,-8.0,1.0,34.59641598828347,15.264337522473747,1.0,-90.0
72,Cell,15,15.0,490.0,875.0,12.0,-8.0,1.0,35.59641598828347,14.422205101855956,1.0,180.0
72,Cell,16,16.0,490.0,875.0,12.0,-8.0,0.0,35.59641598828347,14.422205101855956,0.0,0.0
72,Cell,17,17.0,491.0,878.0,13.0,-5.0,3.1622776601683795,38.758693648451846,13.92838827718412,3.1622776601683795,71.56505117707799
72,Cell,18,18.0,491.0,877.0,13.0,-6.0,1.0,39.758693648451846,14.317821063276353,1.0,-90.0
72,Cell,19,19.0,492.0,878.0,14.0,-5.0,1.4142135623730951,41.17290721082494,14.866068747318506,1.4142135623730951,45.0
72,Cell,20,20.0,491.0,876.0,13.0,-7.0,2.23606797749979,43.40897518832473,14.7648230602334,2.23606797749979,-116.56505117707799
72,Cell,21,21.0,490.0,878.0,12.0,-5.0,2.23606797749979,45.64504316582452,13.0,2.23606797749979,116.56505117707799
72,Cell,22,22.0,490.0,879.0,12.0,-4.0,1.0,46.64504316582452,12.649110640673518,1.0,90.0
72,Cell,23,23.0,490.0,880.0,12.0,-3.0,1.0,47.64504316582452,12.36931687685298,1.0,90.0
72,Cell,24,24.0,490.0,880.0,12.0,-3.0,0.0,47.64504316582452,12.36931687685298,0.0,0.0
72,Cell,25,25.0,486.0,881.0,8.0,-2.0,4.123105625617661,51.76814879144218,8.246211251235321,4.123105625617661,165.96375653207352
72,Cell,26,26.0,485.0,881.0,7.0,-2.0,1.0,52.76814879144218,7.280109889280518,1.0,180.0
72,Cell,27,27.0,485.0,883.0,7.0,0.0,2.0,54.76814879144218,7.0,2.0,90.0
72,Cell,28,28.0,486.0,883.0,8.0,0.0,1.0,55.76814879144218,8.0,1.0,0.0
72,Cell,29,29.0,486.0,883.0,8.0,0.0,0.0,55.76814879144218,8.0,0.0,0.0
63,Cell,0,0.0,700.0,804.0,0.0,0.0,0.0,0.0,0.0,0.0,0.0
63,Cell,1,1.0,701.0,801.0,1.0,-3.0,3.1622776601683795,3.1622776601683795,3.1622776601683795,3.1622776601683795,-71.56505117707799
63,Cell,2,2.0,700.0,802.0,0.0,-2.0,1.4142135623730951,4.576491222541475,2.0,1.4142135623730951,135.0
63,Cell,3,3.0,700.0,802.0,0.0,-2.0,0.0,4.576491222541475,2.0,0.0,0.0
63,Cell,4,4.0,700.0,802.0,0.0,-2.0,0.0,4.576491222541475,2.0,0.0,0.0
63,Cell,5,5.0,703.0,801.0,3.0,-3.0,3.1622776601683795,7.738768882709854,4.242640687119285,3.1622776601683795,-18.43494882292201
63,Cell,6,6.0,704.0,803.0,4.0,-1.0,2.23606797749979,9.974836860209644,4.123105625617661,2.23606797749979,63.43494882292201
63,Cell,7,7.0,704.0,803.0,4.0,-1.0,0.0,9.974836860209644,4.123105625617661,0.0,0.0
63,Cell,8,8.0,701.0,801.0,1.0,-3.0,3.605551275463989,13.580388135673633,3.1622776601683795,3.605551275463989,-146.30993247402023
63,Cell,9,9.0,700.0,802.0,0.0,-2.0,1.4142135623730951,14.99460169804673,2.0,1.4142135623730951,135.0
63,Cell,10,10.0,701.0,801.0,1.0,-3.0,1.4142135623730951,16.408815260419825,3.1622776601683795,1.4142135623730951,-45.0
63,Cell,11,11.0,704.0,800.0,4.0,-4.0,3.1622776601683795,19.571092920588203,5.656854249492381,3.1622776601683795,-18.43494882292201
63,Cell,12,12.0,705.0,801.0,5.0,-3.0,1.4142135623730951,20.9853064829613,5.830951894845301,1.4142135623730951,45.0
63,Cell,13,13.0,701.0,802.0,1.0,-2.0,4.123105625617661,25.10841210857896,2.23606797749979,4.123105625617661,165.96375653207352
63,Cell,14,14.0,700.0,801.0,0.0,-3.0,1.4142135623730951,26.522625670952056,3.0,1.4142135623730951,-135.0
63,Cell,15,15.0,700.0,801.0,0.0,-3.0,0.0,26.522625670952056,3.0,0.0,0.0
63,Cell,16,16.0,701.0,801.0,1.0,-3.0,1.0,27.522625670952056,3.1622776601683795,1.0,0.0
63,Cell,17,17.0,704.0,804.0,4.0,0.0,4.242640687119285,31.76526635807134,4.0,4.242640687119285,45.0
63,Cell,18,18.0,702.0,803.0,2.0,-1.0,2.23606797749979,34.00133433557113,2.23606797749979,2.23606797749979,-153.43494882292202
63,Cell,19,19.0,702.0,804.0,2.0,0.0,1.0,35.00133433557113,2.0,1.0,90.0
63,Cell,20,20.0,702.0,802.0,2.0,-2.0,2.0,37.00133433557113,2.8284271247461903,2.0,-90.0
63,Cell,21,21.0,702.0,802.0,2.0,-2.0,0.0,37.00133433557113,2.8284271247461903,0.0,0.0
63,Cell,22,22.0,703.0,801.0,3.0,-3.0,1.4142135623730951,38.41554789794422,4.242640687119285,1.4142135623730951,-45.0
63,Cell,23,23.0,703.0,800.0,3.0,-4.0,1.0,39.41554789794422,5.0,1.0,-90.0
63,Cell,24,24.0,703.0,800.0,3.0,-4.0,0.0,39.41554789794422,5.0,0.0,0.0
63,Cell,25,25.0,701.0,802.0,1.0,-2.0,2.8284271247461903,42.243975022690414,2.23606797749979,2.8284271247461903,135.0
63,Cell,26,26.0,701.0,800.0,1.0,-4.0,2.0,44.243975022690414,4.123105625617661,2.0,-90.0
63,Cell,27,27.0,703.0,799.0,3.0,-5.0,2.23606797749979,46.48004300019021,5.830951894845301,2.23606797749979,-26.56505117707799
63,Cell,28,28.0,703.0,801.0,3.0,-3.0,2.0,48.48004300019021,4.242640687119285,2.0,90.0
63,Cell,29,29.0,701.0,802.0,1.0,-2.0,2.23606797749979,50.71611097768999,2.23606797749979,2.23606797749979,153.43494882292202
66,Cell,0,0.0,725.0,974.0,0.0,0.0,0.0,0.0,0.0,0.0,0.0
66,Cell,1,1.0,725.0,972.0,0.0,-2.0,2.0,2.0,2.0,2.0,-90.0
66,Cell,2,2.0,727.0,971.0,2.0,-3.0,2.23606797749979,4.23606797749979,3.605551275463989,2.23606797749979,-26.56505117707799
66,Cell,3,3.0,729.0,970.0,4.0,-4.0,2.23606797749979,6.47213595499958,5.656854249492381,2.23606797749979,-26.56505117707799
66,Cell,4,4.0,732.0,968.0,7.0,-6.0,3.605551275463989,10.07768723046357,9.219544457292887,3.605551275463989,-33.690067525979785
66,Cell,5,5.0,734.0,970.0,9.0,-4.0,2.8284271247461903,12.906114355209759,9.848857801796104,2.8284271247461903,45.0
66,Cell,6,6.0,733.0,971.0,8.0,-3.0,1.4142135623730951,14.320327917582855,8.54400374531753,1.4142135623730951,135.0
66,Cell,7,7.0,732.0,970.0,7.0,-4.0,1.4142135623730951,15.73454147995595,8.06225774829855,1.4142135623730951,-135.0
66,Cell,8,8.0,732.0,969.0,7.0,-5.0,1.0,16.73454147995595,8.602325267042627,1.0,-90.0
66,Cell,9,9.0,732.0,971.0,7.0,-3.0,2.0,18.73454147995595,7.615773105863909,2.0,90.0
66,Cell,10,10.0,731.0,970.0,6.0,-4.0,1.4142135623730951,20.148755042329046,7.211102550927978,1.4142135623730951,-135.0
66,Cell,11,11.0,731.0,968.0,6.0,-6.0,2.0,22.148755042329046,8.48528137423857,2.0,-90.0
66,Cell,12,12.0,735.0,968.0,10.0,-6.0,4.0,26.148755042329046,11.661903789690601,4.0,0.0
66,Cell,13,13.0,736.0,968.0,11.0,-6.0,1.0,27.148755042329046,12.529964086141668,1.0,0.0
66,Cell,14,14.0,736.0,967.0,11.0,-7.0,1.0,28.148755042329046,13.038404810405298,1.0,-90.0
66,Cell,15,15.0,736.0,966.0,11.0,-8.0,1.0,29.148755042329046,13.601470508735444,1.0,-90.0
66,Cell,16,16.0,735.0,966.0,10.0,-8.0,1.0,30.148755042329046,12.806248474865697,1.0,180.0
66,Cell,17,17.0,735.0,968.0,10.0,-6.0,2.0,32.14875504232904,11.661903789690601,2.0,90.0
66,Cell,18,18.0,735.0,968.0,10.0,-6.0,0.0,32.14875504232904,11.661903789690601,0.0,0.0
66,Cell,19,19.0,736.0,970.0,11.0,-4.0,2.23606797749979,34.38482301982883,11.704699910719626,2.23606797749979,63.43494882292201
66,Cell,20,20.0,739.0,970.0,14.0,-4.0,3.0,37.38482301982883,14.560219778561036,3.0,0.0
66,Cell,21,21.0,739.0,970.0,14.0,-4.0,0.0,37.38482301982883,14.560219778561036,0.0,0.0
66,Cell,22,22.0,739.0,968.0,14.0,-6.0,2.0,39.38482301982883,15.231546211727817,2.0,-90.0
66,Cell,23,23.0,743.0,970.0,18.0,-4.0,4.47213595499958,43.85695897482841,18.439088914585774,4.47213595499958,26.56505117707799
66,Cell,24,24.0,743.0,970.0,18.0,-4.0,0.0,43.85695897482841,18.439088914585774,0.0,0.0
66,Cell,25,25.0,744.0,970.0,19.0,-4.0,1.0,44.85695897482841,19.4164878389476,1.0,0.0
66,Cell,26,26.0,741.0,968.0,16.0,-6.0,3.605551275463989,48.4625102502924,17.08800749063506,3.605551275463989,-146.30993247402023
66,Cell,27,27.0,740.0,968.0,15.0,-6.0,1.0,49.4625102502924,16.15549442140351,1.0,180.0
66,Cell,28,28.0,740.0,966.0,15.0,-8.0,2.0,51.4625102502924,17.0,2.0,-90.0
66,Cell,29,29.0,740.0,965.0,15.0,-9.0,1.0,52.4625102502924,17.4928556845359,1.0,-90.0
1,Cell,0,0.0,132.0,70.0,0.0,0.0,0.0,0.0,0.0,0.0,0.0
1,Cell,1,1.0,132.0,70.0,0.0,0.0,0.0,0.0,0.0,0.0,0.0
1,Cell,2,2.0,132.0,70.0,0.0,0.0,0.0,0.0,0.0,0.0,0.0
1,Cell,3,3.0,132.0,70.0,0.0,0.0,0.0,0.0,0.0,0.0,0.0
1,Cell,4,4.0,132.0,70.0,0.0,0.0,0.0,0.0,0.0,0.0,0.0
1,Cell,5,5.0,132.0,70.0,0.0,0.0,0.0,0.0,0.0,0.0,0.0
1,Cell,6,6.0,135.0,69.0,3.0,-1.0,3.1622776601683795,3.1622776601683795,3.1622776601683795,3.1622776601683795,-18.43494882292201
1,Cell,7,7.0,135.0,69.0,3.0,-1.0,0.0,3.1622776601683795,3.1622776601683795,0.0,0.0
1,Cell,8,8.0,135.0,69.0,3.0,-1.0,0.0,3.1622776601683795,3.1622776601683795,0.0,0.0
1,Cell,9,9.0,135.0,69.0,3.0,-1.0,0.0,3.1622776601683795,3.1622776601683795,0.0,0.0
1,Cell,10,10.0,135.0,69.0,3.0,-1.0,0.0,3.1622776601683795,3.1622776601683795,0.0,0.0
1,Cell,11,11.0,137.0,67.0,5.0,-3.0,2.8284271247461903,5.99070478491457,5.830951894845301,2.8284271247461903,-45.0
1,Cell,12,12.0,137.0,67.0,5.0,-3.0,0.0,5.99070478491457,5.830951894845301,0.0,0.0
1,Cell,13,13.0,137.0,67.0,5.0,-3.0,0.0,5.99070478491457,5.830951894845301,0.0,0.0
1,Cell,14,14.0,137.0,67.0,5.0,-3.0,0.0,5.99070478491457,5.830951894845301,0.0,0.0
1,Cell,15,15.0,137.0,67.0,5.0,-3.0,0.0,5.99070478491457,5.830951894845301,0.0,0.0
1,Cell,16,16.0,137.0,67.0,5.0,-3.0,0.0,5.99070478491457,5.830951894845301,0.0,0.0
1,Cell,17,17.0,137.0,67.0,5.0,-3.0,0.0,5.99070478491457,5.830951894845301,0.0,0.0
1,Cell,18,18.0,137.0,67.0,5.0,-3.0,0.0,5.99070478491457,5.830951894845301,0.0,0.0
1,Cell,19,19.0,137.0,67.0,5.0,-3.0,0.0,5.99070478491457,5.830951894845301,0.0,0.0
1,Cell,20,20.0,137.0,67.0,5.0,-3.0,0.0,5.99070478491457,5.830951894845301,0.0,0.0
1,Cell,21,21.0,137.0,67.0,5.0,-3.0,0.0,5.99070478491457,5.830951894845301,0.0,0.0
1,Cell,22,22.0,142.0,67.0,10.0,-3.0,5.0,10.99070478491457,10.44030650891055,5.0,0.0
1,Cell,23,23.0,142.0,67.0,10.0,-3.0,0.0,10.99070478491457,10.44030650891055,0.0,0.0
1,Cell,24,24.0,142.0,67.0,10.0,-3.0,0.0,10.99070478491457,10.44030650891055,0.0,0.0
1,Cell,25,25.0,142.0,67.0,10.0,-3.0,0.0,10.99070478491457,10.44030650891055,0.0,0.0
1,Cell,26,26.0,142.0,67.0,10.0,-3.0,0.0,10.99070478491457,10.44030650891055,0.0,0.0
1,Cell,27,27.0,142.0,67.0,10.0,-3.0,0.0,10.99070478491457,10.44030650891055,0.0,0.0
1,Cell,28,28.0,142.0,67.0,10.0,-3.0,0.0,10.99070478491457,10.44030650891055,0.0,0.0
1,Cell,29,29.0,142.0,67.0,10.0,-3.0,0.0,10.99070478491457,10.44030650891055,0.0,0.0
16,Cell,0,0.0,498.0,588.0,0.0,0.0,0.0,0.0,0.0,0.0,0.0
16,Cell,1,1.0,498.0,586.0,0.0,-2.0,2.0,2.0,2.0,2.0,-90.0
16,Cell,2,2.0,497.0,584.0,-1.0,-4.0,2.23606797749979,4.23606797749979,4.123105625617661,2.23606797749979,-116.56505117707799
16,Cell,3,3.0,497.0,583.0,-1.0,-5.0,1.0,5.23606797749979,5.0990195135927845,1.0,-90.0
16,Cell,4,4.0,492.0,585.0,-6.0,-3.0,5.385164807134504,10.621232784634294,6.708203932499369,5.385164807134504,158.19859051364818
16,Cell,5,5.0,494.0,582.0,-4.0,-6.0,3.605551275463989,14.226784060098284,7.211102550927978,3.605551275463989,-56.309932474020215
16,Cell,6,6.0,494.0,583.0,-4.0,-5.0,1.0,15.226784060098284,6.4031242374328485,1.0,90.0
16,Cell,7,7.0,494.0,583.0,-4.0,-5.0,0.0,15.226784060098284,6.4031242374328485,0.0,0.0
16,Cell,8,8.0,494.0,578.0,-4.0,-10.0,5.0,20.226784060098282,10.770329614269007,5.0,-90.0
16,Cell,9,9.0,494.0,578.0,-4.0,-10.0,0.0,20.226784060098282,10.770329614269007,0.0,0.0
16,Cell,10,10.0,494.0,578.0,-4.0,-10.0,0.0,20.226784060098282,10.770329614269007,0.0,0.0
16,Cell,11,11.0,494.0,578.0,-4.0,-10.0,0.0,20.226784060098282,10.770329614269007,0.0,0.0
16,Cell,12,12.0,494.0,578.0,-4.0,-10.0,0.0,20.226784060098282,10.770329614269007,0.0,0.0
16,Cell,13,13.0,494.0,579.0,-4.0,-9.0,1.0,21.226784060098282,9.848857801796104,1.0,90.0
16,Cell,14,14.0,494.0,579.0,-4.0,-9.0,0.0,21.226784060098282,9.848857801796104,0.0,0.0
16,Cell,15,15.0,494.5,579.0,-3.5,-9.0,0.5,21.726784060098282,9.656603957913983,0.5,0.0
16,Cell,16,16.0,496.0,574.0,-2.0,-14.0,5.220153254455275,26.94693731455356,14.142135623730951,5.220153254455275,-73.30075576600638
16,Cell,17,17.0,496.0,575.0,-2.0,-13.0,1.0,27.94693731455356,13.152946437965905,1.0,90.0
16,Cell,18,18.0,496.0,575.0,-2.0,-13.0,0.0,27.94693731455356,13.152946437965905,0.0,0.0
16,Cell,19,19.0,495.0,574.0,-3.0,-14.0,1.4142135623730951,29.361150876926654,14.317821063276353,1.4142135623730951,-135.0
16,Cell,20,20.0,494.0,574.0,-4.0,-14.0,1.0,30.361150876926654,14.560219778561036,1.0,180.0
16,Cell,21,21.0,492.0,571.0,-6.0,-17.0,3.605551275463989,33.966702152390646,18.027756377319946,3.605551275463989,-123.6900675259798
16,Cell,22,22.0,491.0,570.0,-7.0,-18.0,1.4142135623730951,35.38091571476374,19.313207915827967,1.4142135623730951,-135.0
16,Cell,23,23.0,491.0,570.0,-7.0,-18.0,0.0,35.38091571476374,19.313207915827967,0.0,0.0
16,Cell,24,24.0,490.0,566.0,-8.0,-22.0,4.123105625617661,39.5040213403814,23.40939982143925,4.123105625617661,-104.0362434679265
16,Cell,25,25.0,490.0,566.0,-8.0,-22.0,0.0,39.5040213403814,23.40939982143925,0.0,0.0
16,Cell,26,26.0,490.0,568.0,-8.0,-20.0,2.0,41.5040213403814,21.540659228538015,2.0,90.0
16,Cell,27,27.0,490.0,568.0,-8.0,-20.0,0.0,41.5040213403814,21.540659228538015,0.0,0.0
16,Cell,28,28.0,490.0,566.0,-8.0,-22.0,2.0,43.5040213403814,23.40939982143925,2.0,-90.0
16,Cell,29,29.0,490.0,565.0,-8.0,-23.0,1.0,44.5040213403814,24.351591323771842,1.0,-90.0
54,Cell,0,0.0,300.0,985.5,0.0,0.0,0.0,0.0,0.0,0.0,0.0
54,Cell,1,1.0,296.0,982.0,-4.0,-3.5,5.315072906367325,5.315072906367325,5.315072906367325,5.315072906367325,-138.81407483429035
54,Cell,2,2.0,295.0,981.0,-5.0,-4.5,1.4142135623730951,6.72928646874042,6.726812023536855,1.4142135623730951,-135.0
54,Cell,3,3.0,295.0,981.0,-5.0,-4.5,0.0,6.72928646874042,6.726812023536855,0.0,0.0
54,Cell,4,4.0,296.0,982.0,-4.0,-3.5,1.4142135623730951,8.143500031113515,5.315072906367325,1.4142135623730951,45.0
54,Cell,5,5.0,293.0,980.0,-7.0,-5.5,3.605551275463989,11.749051306577504,8.902246907382429,3.605551275463989,-146.30993247402023
54,Cell,6,6.0,291.0,983.0,-9.0,-2.5,3.605551275463989,15.354602582041494,9.340770846134703,3.605551275463989,123.6900675259798
54,Cell,7,7.0,291.0,982.0,-9.0,-3.5,1.0,16.354602582041494,9.656603957913983,1.0,-90.0
54,Cell,8,8.0,290.0,982.0,-10.0,-3.5,1.0,17.354602582041494,10.594810050208546,1.0,180.0
54,Cell,9,9.0,291.0,984.0,-9.0,-1.5,2.23606797749979,19.590670559541284,9.12414379544733,2.23606797749979,63.43494882292201
54,Cell,10,10.0,291.0,984.0,-9.0,-1.5,0.0,19.590670559541284,9.12414379544733,0.0,0.0
54,Cell,11,11.0,290.0,984.0,-10.0,-1.5,1.0,20.590670559541284,10.111874208078342,1.0,180.0
54,Cell,12,12.0,289.0,987.0,-11.0,1.5,3.1622776601683795,23.752948219709662,11.10180165558726,3.1622776601683795,108.43494882292201
54,Cell,13,13.0,289.0,987.0,-11.0,1.5,0.0,23.752948219709662,11.10180165558726,0.0,0.0
54,Cell,14,14.0,291.0,984.0,-9.0,-1.5,3.605551275463989,27.35849949517365,9.12414379544733,3.605551275463989,-56.309932474020215
54,Cell,15,15.0,291.0,984.0,-9.0,-1.5,0.0,27.35849949517365,9.12414379544733,0.0,0.0
54,Cell,16,16.0,291.0,983.0,-9.0,-2.5,1.0,28.35849949517365,9.340770846134703,1.0,-90.0
54,Cell,17,17.0,294.0,988.0,-6.0,2.5,5.830951894845301,34.18945139001895,6.5,5.830951894845301,59.03624346792648
54,Cell,18,18.0,296.0,984.0,-4.0,-1.5,4.47213595499958,38.66158734501853,4.272001872658765,4.47213595499958,-63.43494882292201
54,Cell,19,19.0,296.0,984.0,-4.0,-1.5,0.0,38.66158734501853,4.272001872658765,0.0,0.0
54,Cell,20,20.0,296.0,984.0,-4.0,-1.5,0.0,38.66158734501853,4.272001872658765,0.0,0.0
54,Cell,21,21.0,295.0,985.0,-5.0,-0.5,1.4142135623730951,40.075800907391624,5.024937810560445,1.4142135623730951,135.0
54,Cell,22,22.0,295.0,985.0,-5.0,-0.5,0.0,40.075800907391624,5.024937810560445,0.0,0.0
54,Cell,23,23.0,295.0,985.0,-5.0,-0.5,0.0,40.075800907391624,5.024937810560445,0.0,0.0
54,Cell,24,24.0,295.0,985.0,-5.0,-0.5,0.0,40.075800907391624,5.024937810560445,0.0,0.0
54,Cell,25,25.0,294.0,985.0,-6.0,-0.5,1.0,41.075800907391624,6.020797289396148,1.0,180.0
54,Cell,26,26.0,292.0,985.0,-8.0,-0.5,2.0,43.075800907391624,8.0156097709407,2.0,180.0
54,Cell,27,27.0,292.0,985.0,-8.0,-0.5,0.0,43.075800907391624,8.0156097709407,0.0,0.0
54,Cell,28,28.0,292.0,985.0,-8.0,-0.5,0.0,43.075800907391624,8.0156097709407,0.0,0.0
54,Cell,29,29.0,292.0,985.0,-8.0,-0.5,0.0,43.075800907391624,8.0156097709407,0.0,0.0
4,Cell,0,0.0,180.0,316.0,0.0,0.0,0.0,0.0,0.0,0.0,0.0
4,Cell,1,1.0,180.0,316.0,0.0,0.0,0.0,0.0,0.0,0.0,0.0
4,Cell,2,2.0,180.0,316.0,0.0,0.0,0.0,0.0,0.0,0.0,0.0
4,Cell,3,3.0,180.0,316.0,0.0,0.0,0.0,0.0,0.0,0.0,0.0
4,Cell,4,4.0,180.0,316.0,0.0,0.0,0.0,0.0,0.0,0.0,0.0
4,Cell,5,5.0,180.0,316.0,0.0,0.0,0.0,0.0,0.0,0.0,0.0
4,Cell,6,6.0,180.0,316.0,0.0,0.0,0.0,0.0,0.0,0.0,0.0
4,Cell,7,7.0,180.0,316.0,0.0,0.0,0.0,0.0,0.0,0.0,0.0
4,Cell,8,8.0,180.0,316.0,0.0,0.0,0.0,0.0,0.0,0.0,0.0
4,Cell,9,9.0,180.0,316.0,0.0,0.0,0.0,0.0,0.0,0.0,0.0
4,Cell,10,10.0,180.0,316.0,0.0,0.0,0.0,0.0,0.0,0.0,0.0
4,Cell,11,11.0,180.0,316.0,0.0,0.0,0.0,0.0,0.0,0.0,0.0
4,Cell,12,12.0,180.0,316.0,0.0,0.0,0.0,0.0,0.0,0.0,0.0
4,Cell,13,13.0,180.0,316.0,0.0,0.0,0.0,0.0,0.0,0.0,0.0
4,Cell,14,14.0,180.0,316.0,0.0,0.0,0.0,0.0,0.0,0.0,0.0
4,Cell,15,15.0,174.0,316.0,-6.0,0.0,6.0,6.0,6.0,6.0,180.0
4,Cell,16,16.0,174.0,316.0,-6.0,0.0,0.0,6.0,6.0,0.0,0.0
4,Cell,17,17.0,174.0,316.0,-6.0,0.0,0.0,6.0,6.0,0.0,0.0
4,Cell,18,18.0,174.0,316.0,-6.0,0.0,0.0,6.0,6.0,0.0,0.0
4,Cell,19,19.0,174.0,316.0,-6.0,0.0,0.0,6.0,6.0,0.0,0.0
4,Cell,20,20.0,174.0,316.0,-6.0,0.0,0.0,6.0,6.0,0.0,0.0
4,Cell,21,21.0,174.0,316.0,-6.0,0.0,0.0,6.0,6.0,0.0,0.0
4,Cell,22,22.0,174.0,316.0,-6.0,0.0,0.0,6.0,6.0,0.0,0.0
4,Cell,23,23.0,174.0,316.0,-6.0,0.0,0.0,6.0,6.0,0.0,0.0
4,Cell,24,24.0,174.0,316.0,-6.0,0.0,0.0,6.0,6.0,0.0,0.0
4,Cell,25,25.0,174.0,316.0,-6.0,0.0,0.0,6.0,6.0,0.0,0.0
4,Cell,26,26.0,171.0,315.0,-9.0,-1.0,3.1622776601683795,9.16227766016838,9.055385138137417,3.1622776601683795,-161.56505117707798
4,Cell,27,27.0,171.0,315.0,-9.0,-1.0,0.0,9.16227766016838,9.055385138137417,0.0,0.0
4,Cell,28,28.0,171.0,315.0,-9.0,-1.0,0.0,9.16227766016838,9.055385138137417,0.0,0.0
4,Cell,29,29.0,171.0,315.0,-9.0,-1.0,0.0,9.16227766016838,9.055385138137417,0.0,0.0
65,Cell,0,0.0,845.0,909.0,0.0,0.0,0.0,0.0,0.0,0.0,0.0
65,Cell,1,1.0,844.0,906.0,-1.0,-3.0,3.1622776601683795,3.1622776601683795,3.1622776601683795,3.1622776601683795,-108.43494882292201
65,Cell,2,2.0,844.0,906.0,-1.0,-3.0,0.0,3.1622776601683795,3.1622776601683795,0.0,0.0
65,Cell,3,3.0,844.0,905.0,-1.0,-4.0,1.0,4.16227766016838,4.123105625617661,1.0,-90.0
65,Cell,4,4.0,845.0,906.0,0.0,-3.0,1.4142135623730951,5.576491222541475,3.0,1.4142135623730951,45.0
65,Cell,5,5.0,846.0,907.0,1.0,-2.0,1.4142135623730951,6.99070478491457,2.23606797749979,1.4142135623730951,45.0
65,Cell,6,6.0,848.0,911.0,3.0,2.0,4.47213595499958,11.46284073991415,3.605551275463989,4.47213595499958,63.43494882292201
65,Cell,7,7.0,850.0,910.0,5.0,1.0,2.23606797749979,13.69890871741394,5.0990195135927845,2.23606797749979,-26.56505117707799
65,Cell,8,8.0,847.0,908.0,2.0,-1.0,3.605551275463989,17.304459992877927,2.23606797749979,3.605551275463989,-146.30993247402023
65,Cell,9,9.0,845.0,907.0,0.0,-2.0,2.23606797749979,19.540527970377717,2.0,2.23606797749979,-153.43494882292202
65,Cell,10,10.0,844.0,901.0,-1.0,-8.0,6.082762530298219,25.623290500675935,8.06225774829855,6.082762530298219,-99.46232220802563
65,Cell,11,11.0,842.0,902.0,-3.0,-7.0,2.23606797749979,27.859358478175725,7.615773105863909,2.23606797749979,153.43494882292202
65,Cell,12,12.0,842.0,900.0,-3.0,-9.0,2.0,29.859358478175725,9.486832980505138,2.0,-90.0
65,Cell,13,13.0,842.0,900.0,-3.0,-9.0,0.0,29.859358478175725,9.486832980505138,0.0,0.0
65,Cell,14,14.0,840.0,900.0,-5.0,-9.0,2.0,31.859358478175725,10.295630140987,2.0,180.0
65,Cell,15,15.0,840.0,904.0,-5.0,-5.0,4.0,35.85935847817572,7.0710678118654755,4.0,90.0
65,Cell,16,16.0,843.0,902.0,-2.0,-7.0,3.605551275463989,39.46490975363971,7.280109889280518,3.605551275463989,-33.690067525979785
65,Cell,17,17.0,847.0,904.0,2.0,-5.0,4.47213595499958,43.93704570863929,5.385164807134504,4.47213595499958,26.56505117707799
65,Cell,18,18.0,849.0,908.0,4.0,-1.0,4.47213595499958,48.40918166363887,4.123105625617661,4.47213595499958,63.43494882292201
65,Cell,19,19.0,849.0,907.0,4.0,-2.0,1.0,49.40918166363887,4.47213595499958,1.0,-90.0
65,Cell,20,20.0,849.0,907.0,4.0,-2.0,0.0,49.40918166363887,4.47213595499958,0.0,0.0
65,Cell,21,21.0,853.0,907.0,8.0,-2.0,4.0,53.40918166363887,8.246211251235321,4.0,0.0
65,Cell,22,22.0,855.0,907.0,10.0,-2.0,2.0,55.40918166363887,10.198039027185569,2.0,0.0
65,Cell,23,23.0,856.0,904.0,11.0,-5.0,3.1622776601683795,58.57145932380725,12.083045973594572,3.1622776601683795,-71.56505117707799
65,Cell,24,24.0,858.0,900.0,13.0,-9.0,4.47213595499958,63.043595278806826,15.811388300841896,4.47213595499958,-63.43494882292201
65,Cell,25,25.0,853.0,902.0,8.0,-7.0,5.385164807134504,68.42876008594133,10.63014581273465,5.385164807134504,158.19859051364818
65,Cell,26,26.0,856.0,897.0,11.0,-12.0,5.830951894845301,74.25971198078663,16.278820596099706,5.830951894845301,-59.03624346792648
65,Cell,27,27.0,856.0,898.0,11.0,-11.0,1.0,75.25971198078663,15.556349186104045,1.0,90.0
65,Cell,28,28.0,856.0,898.0,11.0,-11.0,0.0,75.25971198078663,15.556349186104045,0.0,0.0
65,Cell,29,29.0,856.0,897.0,11.0,-12.0,1.0,76.25971198078663,16.278820596099706,1.0,-90.0
53,Cell,0,0.0,18.0,983.0,0.0,0.0,0.0,0.0,0.0,0.0,0.0
53,Cell,1,1.0,18.0,981.0,0.0,-2.0,2.0,2.0,2.0,2.0,-90.0
53,Cell,2,2.0,16.0,980.0,-2.0,-3.0,2.23606797749979,4.23606797749979,3.605551275463989,2.23606797749979,-153.43494882292202
53,Cell,3,3.0,18.0,981.0,0.0,-2.0,2.23606797749979,6.47213595499958,2.0,2.23606797749979,26.56505117707799
53,Cell,4,4.0,18.0,983.0,0.0,0.0,2.0,8.47213595499958,0.0,2.0,90.0
53,Cell,5,5.0,20.0,983.0,2.0,0.0,2.0,10.47213595499958,2.0,2.0,0.0
53,Cell,6,6.0,22.0,981.0,4.0,-2.0,2.8284271247461903,13.30056307974577,4.47213595499958,2.8284271247461903,-45.0
53,Cell,7,7.0,26.0,979.0,8.0,-4.0,4.47213595499958,17.77269903474535,8.94427190999916,4.47213595499958,-26.56505117707799
53,Cell,8,8.0,25.0,978.0,7.0,-5.0,1.4142135623730951,19.186912597118447,8.602325267042627,1.4142135623730951,-135.0
53,Cell,9,9.0,23.0,979.0,5.0,-4.0,2.23606797749979,21.422980574618236,6.4031242374328485,2.23606797749979,153.43494882292202
53,Cell,10,10.0,23.0,980.0,5.0,-3.0,1.0,22.422980574618236,5.830951894845301,1.0,90.0
53,Cell,11,11.0,23.0,980.0,5.0,-3.0,0.0,22.422980574618236,5.830951894845301,0.0,0.0
53,Cell,12,12.0,22.0,979.0,4.0,-4.0,1.4142135623730951,23.837194136991332,5.656854249492381,1.4142135623730951,-135.0
53,Cell,13,13.0,20.0,980.0,2.0,-3.0,2.23606797749979,26.073262114491122,3.605551275463989,2.23606797749979,153.43494882292202
53,Cell,14,14.0,20.0,979.0,2.0,-4.0,1.0,27.073262114491122,4.47213595499958,1.0,-90.0
53,Cell,15,15.0,20.0,979.0,2.0,-4.0,0.0,27.073262114491122,4.47213595499958,0.0,0.0
53,Cell,16,16.0,20.0,978.0,2.0,-5.0,1.0,28.073262114491122,5.385164807134504,1.0,-90.0
53,Cell,17,17.0,20.0,978.0,2.0,-5.0,0.0,28.073262114491122,5.385164807134504,0.0,0.0
53,Cell,18,18.0,20.0,978.0,2.0,-5.0,0.0,28.073262114491122,5.385164807134504,0.0,0.0
53,Cell,19,19.0,22.0,976.0,4.0,-7.0,2.8284271247461903,30.901689239237314,8.06225774829855,2.8284271247461903,-45.0
53,Cell,20,20.0,24.0,975.0,6.0,-8.0,2.23606797749979,33.1377572167371,10.0,2.23606797749979,-26.56505117707799
53,Cell,21,21.0,27.0,975.0,9.0,-8.0,3.0,36.1377572167371,12.041594578792296,3.0,0.0
53,Cell,22,22.0,29.0,978.0,11.0,-5.0,3.605551275463989,39.74330849220109,12.083045973594572,3.605551275463989,56.309932474020215
53,Cell,23,23.0,31.0,972.0,13.0,-11.0,6.324555320336759,46.067863812537844,17.029386365926403,6.324555320336759,-71.56505117707799
53,Cell,24,24.0,29.0,976.0,11.0,-7.0,4.47213595499958,50.539999767537424,13.038404810405298,4.47213595499958,116.56505117707799
53,Cell,25,25.0,31.0,975.0,13.0,-8.0,2.23606797749979,52.77606774503721,15.264337522473747,2.23606797749979,-26.56505117707799
53,Cell,26,26.0,32.0,973.0,14.0,-10.0,2.23606797749979,55.012135722536996,17.204650534085253,2.23606797749979,-63.43494882292201
53,Cell,27,27.0,34.0,974.0,16.0,-9.0,2.23606797749979,57.24820370003678,18.35755975068582,2.23606797749979,26.56505117707799
53,Cell,28,28.0,36.0,974.0,18.0,-9.0,2.0,59.24820370003678,20.12461179749811,2.0,0.0
53,Cell,29,29.0,37.0,974.0,19.0,-9.0,1.0,60.24820370003678,21.02379604162864,1.0,0.0
41,Cell,0,0.0,104.0,840.0,0.0,0.0,0.0,0.0,0.0,0.0,0.0
41,Cell,1,1.0,107.0,834.0,3.0,-6.0,6.708203932499369,6.708203932499369,6.708203932499369,6.708203932499369,-63.43494882292201
41,Cell,2,2.0,107.0,834.0,3.0,-6.0,0.0,6.708203932499369,6.708203932499369,0.0,0.0
41,Cell,3,3.0,108.0,836.0,4.0,-4.0,2.23606797749979,8.94427190999916,5.656854249492381,2.23606797749979,63.43494882292201
41,Cell,4,4.0,111.0,836.0,7.0,-4.0,3.0,11.94427190999916,8.06225774829855,3.0,0.0
41,Cell,5,5.0,112.0,838.0,8.0,-2.0,2.23606797749979,14.180339887498949,8.246211251235321,2.23606797749979,63.43494882292201
41,Cell,6,6.0,115.0,838.0,11.0,-2.0,3.0,17.18033988749895,11.180339887498949,3.0,0.0
41,Cell,7,7.0,119.0,840.0,15.0,0.0,4.47213595499958,21.65247584249853,15.0,4.47213595499958,26.56505117707799
41,Cell,8,8.0,125.0,843.0,21.0,3.0,6.708203932499369,28.360679774997898,21.213203435596427,6.708203932499369,26.56505117707799
41,Cell,9,9.0,127.0,843.0,23.0,3.0,2.0,30.360679774997898,23.194827009486403,2.0,0.0
41,Cell,10,10.0,128.0,840.0,24.0,0.0,3.1622776601683795,33.522957435166276,24.0,3.1622776601683795,-71.56505117707799
41,Cell,11,11.0,131.0,836.0,27.0,-4.0,5.0,38.522957435166276,27.294688127912362,5.0,-53.13010235415598
41,Cell,12,12.0,132.0,837.0,28.0,-3.0,1.4142135623730951,39.93717099753937,28.160255680657446,1.4142135623730951,45.0
41,Cell,13,13.0,137.0,838.0,33.0,-2.0,5.0990195135927845,45.036190511132155,33.06055050963308,5.0990195135927845,11.309932474020213
41,Cell,14,14.0,140.0,838.0,36.0,-2.0,3.0,48.036190511132155,36.05551275463989,3.0,0.0
41,Cell,15,15.0,144.0,838.0,40.0,-2.0,4.0,52.036190511132155,40.049968789001575,4.0,0.0
41,Cell,16,16.0,144.0,839.0,40.0,-1.0,1.0,53.036190511132155,40.01249804748511,1.0,90.0
41,Cell,17,17.0,146.0,839.0,42.0,-1.0,2.0,55.036190511132155,42.01190307520001,2.0,0.0
41,Cell,18,18.0,146.0,839.0,42.0,-1.0,0.0,55.036190511132155,42.01190307520001,0.0,0.0
41,Cell,19,19.0,150.0,836.0,46.0,-4.0,5.0,60.036190511132155,46.17358552246078,5.0,-36.86989764584402
41,Cell,20,20.0,150.0,836.0,46.0,-4.0,0.0,60.036190511132155,46.17358552246078,0.0,0.0
41,Cell,21,21.0,150.0,836.0,46.0,-4.0,0.0,60.036190511132155,46.17358552246078,0.0,0.0
41,Cell,22,22.0,149.0,836.0,45.0,-4.0,1.0,61.036190511132155,45.17742799230607,1.0,180.0
41,Cell,23,23.0,149.0,836.0,45.0,-4.0,0.0,61.036190511132155,45.17742799230607,0.0,0.0
41,Cell,24,24.0,148.0,831.0,44.0,-9.0,5.0990195135927845,66.13521002472494,44.91102314577124,5.0990195135927845,-101.30993247402021
41,Cell,25,25.0,141.0,830.0,37.0,-10.0,7.0710678118654755,73.20627783659042,38.3275357934736,7.0710678118654755,-171.86989764584402
41,Cell,26,26.0,140.0,824.0,36.0,-16.0,6.082762530298219,79.28904036688864,39.395431207184416,6.082762530298219,-99.46232220802563
41,Cell,27,27.0,140.0,824.0,36.0,-16.0,0.0,79.28904036688864,39.395431207184416,0.0,0.0
41,Cell,28,28.0,137.0,823.0,33.0,-17.0,3.1622776601683795,82.45131802705703,37.12142238654117,3.1622776601683795,-161.56505117707798
41,Cell,29,29.0,131.0,823.0,27.0,-17.0,6.0,88.45131802705703,31.906112267087632,6.0,180.0
44,Cell,0,0.0,129.0,933.0,0.0,0.0,0.0,0.0,0.0,0.0,0.0
44,Cell,1,1.0,129.0,933.0,0.0,0.0,0.0,0.0,0.0,0.0,0.0
44,Cell,2,2.0,130.0,932.0,1.0,-1.0,1.4142135623730951,1.4142135623730951,1.4142135623730951,1.4142135623730951,-45.0
44,Cell,3,3.0,131.0,933.0,2.0,0.0,1.4142135623730951,2.8284271247461903,2.0,1.4142135623730951,45.0
44,Cell,4,4.0,132.0,934.0,3.0,1.0,1.4142135623730951,4.242640687119286,3.1622776601683795,1.4142135623730951,45.0
44,Cell,5,5.0,139.0,933.0,10.0,0.0,7.0710678118654755,11.313708498984761,10.0,7.0710678118654755,-8.13010235415598
44,Cell,6,6.0,139.0,933.0,10.0,0.0,0.0,11.313708498984761,10.0,0.0,0.0
44,Cell,7,7.0,139.0,933.0,10.0,0.0,0.0,11.313708498984761,10.0,0.0,0.0
44,Cell,8,8.0,139.0,933.0,10.0,0.0,0.0,11.313708498984761,10.0,0.0,0.0
44,Cell,9,9.0,139.0,933.0,10.0,0.0,0.0,11.313708498984761,10.0,0.0,0.0
44,Cell,10,10.0,139.0,933.0,10.0,0.0,0.0,11.313708498984761,10.0,0.0,0.0
44,Cell,11,11.0,139.0,933.0,10.0,0.0,0.0,11.313708498984761,10.0,0.0,0.0
44,Cell,12,12.0,144.0,938.0,15.0,5.0,7.0710678118654755,18.384776310850235,15.811388300841896,7.0710678118654755,45.0
44,Cell,13,13.0,144.0,938.0,15.0,5.0,0.0,18.384776310850235,15.811388300841896,0.0,0.0
44,Cell,14,14.0,145.0,933.0,16.0,0.0,5.0990195135927845,23.48379582444302,16.0,5.0990195135927845,-78.69006752597979
44,Cell,15,15.0,145.0,933.0,16.0,0.0,0.0,23.48379582444302,16.0,0.0,0.0
44,Cell,16,16.0,145.0,933.0,16.0,0.0,0.0,23.48379582444302,16.0,0.0,0.0
44,Cell,17,17.0,148.0,930.0,19.0,-3.0,4.242640687119285,27.726436511562305,19.235384061671343,4.242640687119285,-45.0
44,Cell,18,18.0,149.0,932.0,20.0,-1.0,2.23606797749979,29.962504489062095,20.024984394500787,2.23606797749979,63.43494882292201
44,Cell,19,19.0,149.0,933.0,20.0,0.0,1.0,30.962504489062095,20.0,1.0,90.0
44,Cell,20,20.0,150.0,933.0,21.0,0.0,1.0,31.962504489062095,21.0,1.0,0.0
44,Cell,21,21.0,151.0,933.0,22.0,0.0,1.0,32.9625044890621,22.0,1.0,0.0
44,Cell,22,22.0,151.0,933.0,22.0,0.0,0.0,32.9625044890621,22.0,0.0,0.0
44,Cell,23,23.0,151.0,933.0,22.0,0.0,0.0,32.9625044890621,22.0,0.0,0.0
44,Cell,24,24.0,151.0,933.0,22.0,0.0,0.0,32.9625044890621,22.0,0.0,0.0
44,Cell,25,25.0,152.0,933.0,23.0,0.0,1.0,33.9625044890621,23.0,1.0,0.0
44,Cell,26,26.0,152.0,933.0,23.0,0.0,0.0,33.9625044890621,23.0,0.0,0.0
44,Cell,27,27.0,152.0,933.0,23.0,0.0,0.0,33.9625044890621,23.0,0.0,0.0
44,Cell,28,28.0,152.0,933.0,23.0,0.0,0.0,33.9625044890621,23.0,0.0,0.0
44,Cell,29,29.0,152.0,933.0,23.0,0.0,0.0,33.9625044890621,23.0,0.0,0.0
5,Cell,0,0.0,226.0,364.0,0.0,0.0,0.0,0.0,0.0,0.0,0.0
5,Cell,1,1.0,226.0,364.0,0.0,0.0,0.0,0.0,0.0,0.0,0.0
5,Cell,2,2.0,226.0,364.0,0.0,0.0,0.0,0.0,0.0,0.0,0.0
5,Cell,3,3.0,226.0,364.0,0.0,0.0,0.0,0.0,0.0,0.0,0.0
5,Cell,4,4.0,226.0,364.0,0.0,0.0,0.0,0.0,0.0,0.0,0.0
5,Cell,5,5.0,229.0,357.0,3.0,-7.0,7.615773105863909,7.615773105863909,7.615773105863909,7.615773105863909,-66.80140948635182
5,Cell,6,6.0,229.0,357.0,3.0,-7.0,0.0,7.615773105863909,7.615773105863909,0.0,0.0
5,Cell,7,7.0,229.0,357.0,3.0,-7.0,0.0,7.615773105863909,7.615773105863909,0.0,0.0
5,Cell,8,8.0,229.0,357.0,3.0,-7.0,0.0,7.615773105863909,7.615773105863909,0.0,0.0
5,Cell,9,9.0,229.0,357.0,3.0,-7.0,0.0,7.615773105863909,7.615773105863909,0.0,0.0
5,Cell,10,10.0,229.0,357.0,3.0,-7.0,0.0,7.615773105863909,7.615773105863909,0.0,0.0
5,Cell,11,11.0,229.0,357.0,3.0,-7.0,0.0,7.615773105863909,7.615773105863909,0.0,0.0
5,Cell,12,12.0,229.0,357.0,3.0,-7.0,0.0,7.615773105863909,7.615773105863909,0.0,0.0
5,Cell,13,13.0,229.0,357.0,3.0,-7.0,0.0,7.615773105863909,7.615773105863909,0.0,0.0
5,Cell,14,14.0,229.0,357.0,3.0,-7.0,0.0,7.615773105863909,7.615773105863909,0.0,0.0
5,Cell,15,15.0,229.0,357.0,3.0,-7.0,0.0,7.615773105863909,7.615773105863909,0.0,0.0
5,Cell,16,16.0,229.0,357.0,3.0,-7.0,0.0,7.615773105863909,7.615773105863909,0.0,0.0
5,Cell,17,17.0,229.0,357.0,3.0,-7.0,0.0,7.615773105863909,7.615773105863909,0.0,0.0
5,Cell,18,18.0,229.0,357.0,3.0,-7.0,0.0,7.615773105863909,7.615773105863909,0.0,0.0
5,Cell,19,19.0,229.0,357.0,3.0,-7.0,0.0,7.615773105863909,7.615773105863909,0.0,0.0
5,Cell,20,20.0,229.0,357.0,3.0,-7.0,0.0,7.615773105863909,7.615773105863909,0.0,0.0
5,Cell,21,21.0,229.0,357.0,3.0,-7.0,0.0,7.615773105863909,7.615773105863909,0.0,0.0
5,Cell,22,22.0,229.0,357.0,3.0,-7.0,0.0,7.615773105863909,7.615773105863909,0.0,0.0
5,Cell,23,23.0,229.0,357.0,3.0,-7.0,0.0,7.615773105863909,7.615773105863909,0.0,0.0
5,Cell,24,24.0,229.0,357.0,3.0,-7.0,0.0,7.615773105863909,7.615773105863909,0.0,0.0
5,Cell,25,25.0,229.0,357.0,3.0,-7.0,0.0,7.615773105863909,7.615773105863909,0.0,0.0
5,Cell,26,26.0,229.0,357.0,3.0,-7.0,0.0,7.615773105863909,7.615773105863909,0.0,0.0
5,Cell,27,27.0,229.0,357.0,3.0,-7.0,0.0,7.615773105863909,7.615773105863909,0.0,0.0
5,Cell,28,28.0,229.0,357.0,3.0,-7.0,0.0,7.615773105863909,7.615773105863909,0.0,0.0
5,Cell,29,29.0,229.0,357.0,3.0,-7.0,0.0,7.615773105863909,7.615773105863909,0.0,0.0
36,Cell,0,0.0,105.0,742.0,0.0,0.0,0.0,0.0,0.0,0.0,0.0
36,Cell,1,1.0,105.0,741.0,0.0,-1.0,1.0,1.0,1.0,1.0,-90.0
36,Cell,2,2.0,105.0,741.0,0.0,-1.0,0.0,1.0,1.0,0.0,0.0
36,Cell,3,3.0,105.0,738.0,0.0,-4.0,3.0,4.0,4.0,3.0,-90.0
36,Cell,4,4.0,106.0,740.0,1.0,-2.0,2.23606797749979,6.23606797749979,2.23606797749979,2.23606797749979,63.43494882292201
36,Cell,5,5.0,106.0,740.0,1.0,-2.0,0.0,6.23606797749979,2.23606797749979,0.0,0.0
36,Cell,6,6.0,104.0,742.0,-1.0,0.0,2.8284271247461903,9.06449510224598,1.0,2.8284271247461903,135.0
36,Cell,7,7.0,102.0,741.0,-3.0,-1.0,2.23606797749979,11.30056307974577,3.1622776601683795,2.23606797749979,-153.43494882292202
36,Cell,8,8.0,100.0,740.0,-5.0,-2.0,2.23606797749979,13.53663105724556,5.385164807134504,2.23606797749979,-153.43494882292202
36,Cell,9,9.0,100.0,739.0,-5.0,-3.0,1.0,14.53663105724556,5.830951894845301,1.0,-90.0
36,Cell,10,10.0,100.0,738.0,-5.0,-4.0,1.0,15.53663105724556,6.4031242374328485,1.0,-90.0
36,Cell,11,11.0,100.0,737.0,-5.0,-5.0,1.0,16.536631057245557,7.0710678118654755,1.0,-90.0
36,Cell,12,12.0,100.0,737.0,-5.0,-5.0,0.0,16.536631057245557,7.0710678118654755,0.0,0.0
36,Cell,13,13.0,100.0,737.0,-5.0,-5.0,0.0,16.536631057245557,7.0710678118654755,0.0,0.0
36,Cell,14,14.0,99.0,737.0,-6.0,-5.0,1.0,17.536631057245557,7.810249675906654,1.0,180.0
36,Cell,15,15.0,99.0,737.0,-6.0,-5.0,0.0,17.536631057245557,7.810249675906654,0.0,0.0
36,Cell,16,16.0,99.0,737.0,-6.0,-5.0,0.0,17.536631057245557,7.810249675906654,0.0,0.0
36,Cell,17,17.0,99.0,737.0,-6.0,-5.0,0.0,17.536631057245557,7.810249675906654,0.0,0.0
36,Cell,18,18.0,99.0,732.0,-6.0,-10.0,5.0,22.536631057245557,11.661903789690601,5.0,-90.0
36,Cell,19,19.0,99.0,732.0,-6.0,-10.0,0.0,22.536631057245557,11.661903789690601,0.0,0.0
36,Cell,20,20.0,99.0,732.0,-6.0,-10.0,0.0,22.536631057245557,11.661903789690601,0.0,0.0
36,Cell,21,21.0,99.0,732.0,-6.0,-10.0,0.0,22.536631057245557,11.661903789690601,0.0,0.0
36,Cell,22,22.0,99.0,732.0,-6.0,-10.0,0.0,22.536631057245557,11.661903789690601,0.0,0.0
36,Cell,23,23.0,99.0,732.0,-6.0,-10.0,0.0,22.536631057245557,11.661903789690601,0.0,0.0
36,Cell,24,24.0,101.0,733.0,-4.0,-9.0,2.23606797749979,24.772699034745347,9.848857801796104,2.23606797749979,26.56505117707799
36,Cell,25,25.0,100.0,737.0,-5.0,-5.0,4.123105625617661,28.89580466036301,7.0710678118654755,4.123105625617661,104.0362434679265
36,Cell,26,26.0,100.0,735.0,-5.0,-7.0,2.0,30.89580466036301,8.602325267042627,2.0,-90.0
36,Cell,27,27.0,100.0,735.0,-5.0,-7.0,0.0,30.89580466036301,8.602325267042627,0.0,0.0
36,Cell,28,28.0,101.0,734.0,-4.0,-8.0,1.4142135623730951,32.310018222736105,8.94427190999916,1.4142135623730951,-45.0
36,Cell,29,29.0,106.0,728.0,1.0,-14.0,7.810249675906654,40.12026789864276,14.035668847618199,7.810249675906654,-50.19442890773481
62,Cell,0,0.0,845.0,767.0,0.0,0.0,0.0,0.0,0.0,0.0,0.0
62,Cell,1,1.0,845.0,767.0,0.0,0.0,0.0,0.0,0.0,0.0,0.0
62,Cell,2,2.0,843.0,768.0,-2.0,1.0,2.23606797749979,2.23606797749979,2.23606797749979,2.23606797749979,153.43494882292202
62,Cell,3,3.0,839.0,766.0,-6.0,-1.0,4.47213595499958,6.708203932499369,6.082762530298219,4.47213595499958,-153.43494882292202
62,Cell,4,4.0,833.0,761.0,-12.0,-6.0,7.810249675906654,14.518453608406023,13.416407864998739,7.810249675906654,-140.19442890773482
62,Cell,5,5.0,833.0,758.0,-12.0,-9.0,3.0,17.518453608406023,15.0,3.0,-90.0
62,Cell,6,6.0,833.0,758.0,-12.0,-9.0,0.0,17.518453608406023,15.0,0.0,0.0
62,Cell,7,7.0,832.0,758.0,-13.0,-9.0,1.0,18.518453608406023,15.811388300841896,1.0,180.0
62,Cell,8,8.0,835.0,761.0,-10.0,-6.0,4.242640687119285,22.761094295525307,11.661903789690601,4.242640687119285,45.0
62,Cell,9,9.0,841.0,766.0,-4.0,-1.0,7.810249675906654,30.57134397143196,4.123105625617661,7.810249675906654,39.80557109226519
62,Cell,10,10.0,847.0,771.0,2.0,4.0,7.810249675906654,38.38159364733862,4.47213595499958,7.810249675906654,39.80557109226519
62,Cell,11,11.0,850.0,770.0,5.0,3.0,3.1622776601683795,41.543871307507,5.830951894845301,3.1622776601683795,-18.43494882292201
62,Cell,12,12.0,849.0,766.0,4.0,-1.0,4.123105625617661,45.66697693312466,4.123105625617661,4.123105625617661,-104.0362434679265
62,Cell,13,13.0,851.0,765.0,6.0,-2.0,2.23606797749979,47.903044910624445,6.324555320336759,2.23606797749979,-26.56505117707799
62,Cell,14,14.0,851.0,765.0,6.0,-2.0,0.0,47.903044910624445,6.324555320336759,0.0,0.0
62,Cell,15,15.0,850.0,764.0,5.0,-3.0,1.4142135623730951,49.31725847299754,5.830951894845301,1.4142135623730951,-135.0
62,Cell,16,16.0,848.0,763.0,3.0,-4.0,2.23606797749979,51.55332645049732,5.0,2.23606797749979,-153.43494882292202
62,Cell,17,17.0,846.0,761.0,1.0,-6.0,2.8284271247461903,54.381753575243515,6.082762530298219,2.8284271247461903,-135.0
62,Cell,18,18.0,846.0,760.0,1.0,-7.0,1.0,55.381753575243515,7.0710678118654755,1.0,-90.0
62,Cell,19,19.0,850.0,760.0,5.0,-7.0,4.0,59.381753575243515,8.602325267042627,4.0,0.0
62,Cell,20,20.0,852.0,760.0,7.0,-7.0,2.0,61.381753575243515,9.899494936611665,2.0,0.0
62,Cell,21,21.0,856.0,762.0,11.0,-5.0,4.47213595499958,65.8538895302431,12.083045973594572,4.47213595499958,26.56505117707799
62,Cell,22,22.0,851.0,762.0,6.0,-5.0,5.0,70.8538895302431,7.810249675906654,5.0,180.0
62,Cell,23,23.0,852.0,763.0,7.0,-4.0,1.4142135623730951,72.26810309261619,8.06225774829855,1.4142135623730951,45.0
62,Cell,24,24.0,852.0,760.0,7.0,-7.0,3.0,75.26810309261619,9.899494936611665,3.0,-90.0
62,Cell,25,25.0,852.0,762.0,7.0,-5.0,2.0,77.26810309261619,8.602325267042627,2.0,90.0
62,Cell,26,26.0,855.0,759.0,10.0,-8.0,4.242640687119285,81.51074377973548,12.806248474865697,4.242640687119285,-45.0
62,Cell,27,27.0,855.0,754.0,10.0,-13.0,5.0,86.51074377973548,16.401219466856727,5.0,-90.0
62,Cell,28,28.0,854.0,751.0,9.0,-16.0,3.1622776601683795,89.67302143990386,18.35755975068582,3.1622776601683795,-108.43494882292201
62,Cell,29,29.0,859.0,747.0,14.0,-20.0,6.4031242374328485,96.07614567733671,24.413111231467404,6.4031242374328485,-38.65980825409009
64,Cell,0,0.0,777.0,881.0,0.0,0.0,0.0,0.0,0.0,0.0,0.0
64,Cell,1,1.0,777.0,881.0,0.0,0.0,0.0,0.0,0.0,0.0,0.0
64,Cell,2,2.0,775.0,882.0,-2.0,1.0,2.23606797749979,2.23606797749979,2.23606797749979,2.23606797749979,153.43494882292202
64,Cell,3,3.0,774.0,881.0,-3.0,0.0,1.4142135623730951,3.6502815398728847,3.0,1.4142135623730951,-135.0
64,Cell,4,4.0,777.0,877.0,0.0,-4.0,5.0,8.650281539872886,4.0,5.0,-53.13010235415598
64,Cell,5,5.0,776.0,878.0,-1.0,-3.0,1.4142135623730951,10.064495102245981,3.1622776601683795,1.4142135623730951,135.0
64,Cell,6,6.0,775.0,878.0,-2.0,-3.0,1.0,11.064495102245981,3.605551275463989,1.0,180.0
64,Cell,7,7.0,774.0,877.0,-3.0,-4.0,1.4142135623730951,12.478708664619077,5.0,1.4142135623730951,-135.0
64,Cell,8,8.0,768.0,882.0,-9.0,1.0,7.810249675906654,20.28895834052573,9.055385138137417,7.810249675906654,140.19442890773482
64,Cell,9,9.0,772.0,881.0,-5.0,0.0,4.123105625617661,24.412063966143393,5.0,4.123105625617661,-14.036243467926477
64,Cell,10,10.0,772.0,881.0,-5.0,0.0,0.0,24.412063966143393,5.0,0.0,0.0
64,Cell,11,11.0,770.0,879.0,-7.0,-2.0,2.8284271247461903,27.240491090889584,7.280109889280518,2.8284271247461903,-135.0
64,Cell,12,12.0,774.0,875.0,-3.0,-6.0,5.656854249492381,32.89734534038197,6.708203932499369,5.656854249492381,-45.0
64,Cell,13,13.0,774.0,875.0,-3.0,-6.0,0.0,32.89734534038197,6.708203932499369,0.0,0.0
64,Cell,14,14.0,774.0,875.0,-3.0,-6.0,0.0,32.89734534038197,6.708203932499369,0.0,0.0
64,Cell,15,15.0,773.0,875.0,-4.0,-6.0,1.0,33.89734534038197,7.211102550927978,1.0,180.0
64,Cell,16,16.0,771.0,875.0,-6.0,-6.0,2.0,35.89734534038197,8.48528137423857,2.0,180.0
64,Cell,17,17.0,769.0,877.0,-8.0,-4.0,2.8284271247461903,38.72577246512816,8.94427190999916,2.8284271247461903,135.0
64,Cell,18,18.0,772.0,873.0,-5.0,-8.0,5.0,43.72577246512816,9.433981132056603,5.0,-53.13010235415598
64,Cell,19,19.0,774.0,866.0,-3.0,-15.0,7.280109889280518,51.005882354408676,15.297058540778355,7.280109889280518,-74.05460409907715
64,Cell,20,20.0,774.0,865.0,-3.0,-16.0,1.0,52.005882354408676,16.278820596099706,1.0,-90.0
64,Cell,21,21.0,774.0,864.0,-3.0,-17.0,1.0,53.005882354408676,17.26267650163207,1.0,-90.0
64,Cell,22,22.0,771.0,867.0,-6.0,-14.0,4.242640687119285,57.24852304152796,15.231546211727817,4.242640687119285,135.0
64,Cell,23,23.0,772.0,865.0,-5.0,-16.0,2.23606797749979,59.48459101902775,16.76305461424021,2.23606797749979,-63.43494882292201
64,Cell,24,24.0,772.0,864.0,-5.0,-17.0,1.0,60.48459101902775,17.72004514666935,1.0,-90.0
64,Cell,25,25.0,771.0,864.0,-6.0,-17.0,1.0,61.48459101902775,18.027756377319946,1.0,180.0
64,Cell,26,26.0,770.0,860.0,-7.0,-21.0,4.123105625617661,65.6076966446454,22.135943621178654,4.123105625617661,-104.0362434679265
64,Cell,27,27.0,773.0,860.0,-4.0,-21.0,3.0,68.6076966446454,21.37755832643195,3.0,0.0
64,Cell,28,28.0,775.0,855.0,-2.0,-26.0,5.385164807134504,73.9928614517799,26.076809620810597,5.385164807134504,-68.19859051364818
64,Cell,29,29.0,773.0,857.0,-4.0,-24.0,2.8284271247461903,76.82128857652609,24.331050121192877,2.8284271247461903,135.0
75,Cell,0,0.0,463.0,935.0,0.0,0.0,0.0,0.0,0.0,0.0,0.0
75,Cell,1,1.0,461.0,934.0,-2.0,-1.0,2.23606797749979,2.23606797749979,2.23606797749979,2.23606797749979,-153.43494882292202
75,Cell,2,2.0,456.0,928.0,-7.0,-7.0,7.810249675906654,10.046317653406444,9.899494936611665,7.810249675906654,-129.8055710922652
75,Cell,3,3.0,453.0,923.0,-10.0,-12.0,5.830951894845301,15.877269548251745,15.620499351813308,5.830951894845301,-120.96375653207352
75,Cell,4,4.0,455.0,924.0,-8.0,-11.0,2.23606797749979,18.113337525751533,13.601470508735444,2.23606797749979,26.56505117707799
75,Cell,5,5.0,454.0,923.0,-9.0,-12.0,1.4142135623730951,19.52755108812463,15.0,1.4142135623730951,-135.0
75,Cell,6,6.0,454.0,923.0,-9.0,-12.0,0.0,19.52755108812463,15.0,0.0,0.0
75,Cell,7,7.0,454.0,918.0,-9.0,-17.0,5.0,24.52755108812463,19.235384061671343,5.0,-90.0
75,Cell,8,8.0,455.0,919.0,-8.0,-16.0,1.4142135623730951,25.941764650497724,17.88854381999832,1.4142135623730951,45.0
75,Cell,9,9.0,455.0,918.0,-8.0,-17.0,1.0,26.941764650497724,18.788294228055936,1.0,-90.0
75,Cell,10,10.0,455.0,917.0,-8.0,-18.0,1.0,27.941764650497724,19.697715603592208,1.0,-90.0
75,Cell,11,11.0,454.0,916.0,-9.0,-19.0,1.4142135623730951,29.35597821287082,21.02379604162864,1.4142135623730951,-135.0
75,Cell,12,12.0,453.0,916.0,-10.0,-19.0,1.0,30.35597821287082,21.470910553583888,1.0,180.0
75,Cell,13,13.0,452.0,917.0,-11.0,-18.0,1.4142135623730951,31.770191775243916,21.095023109728988,1.4142135623730951,135.0
75,Cell,14,14.0,452.0,915.0,-11.0,-20.0,2.0,33.770191775243916,22.825424421026653,2.0,-90.0
75,Cell,15,15.0,453.0,915.0,-10.0,-20.0,1.0,34.770191775243916,22.360679774997898,1.0,0.0
75,Cell,16,16.0,453.0,915.0,-10.0,-20.0,0.0,34.770191775243916,22.360679774997898,0.0,0.0
75,Cell,17,17.0,453.0,915.0,-10.0,-20.0,0.0,34.770191775243916,22.360679774997898,0.0,0.0
75,Cell,18,18.0,453.0,915.0,-10.0,-20.0,0.0,34.770191775243916,22.360679774997898,0.0,0.0
75,Cell,19,19.0,453.0,915.0,-10.0,-20.0,0.0,34.770191775243916,22.360679774997898,0.0,0.0
75,Cell,20,20.0,453.0,914.0,-10.0,-21.0,1.0,35.770191775243916,23.259406699226016,1.0,-90.0
75,Cell,21,21.0,452.0,915.0,-11.0,-20.0,1.4142135623730951,37.18440533761701,22.825424421026653,1.4142135623730951,135.0
75,Cell,22,22.0,452.0,917.0,-11.0,-18.0,2.0,39.18440533761701,21.095023109728988,2.0,90.0
75,Cell,23,23.0,452.0,917.0,-11.0,-18.0,0.0,39.18440533761701,21.095023109728988,0.0,0.0
75,Cell,24,24.0,452.0,917.0,-11.0,-18.0,0.0,39.18440533761701,21.095023109728988,0.0,0.0
75,Cell,25,25.0,451.0,919.0,-12.0,-16.0,2.23606797749979,41.420473315116794,20.0,2.23606797749979,116.56505117707799
75,Cell,26,26.0,449.0,917.0,-14.0,-18.0,2.8284271247461903,44.248900439862986,22.80350850198276,2.8284271247461903,-135.0
75,Cell,27,27.0,447.0,920.0,-16.0,-15.0,3.605551275463989,47.854451715326974,21.93171219946131,3.605551275463989,123.6900675259798
75,Cell,28,28.0,446.0,921.0,-17.0,-14.0,1.4142135623730951,49.268665277700066,22.02271554554524,1.4142135623730951,135.0
75,Cell,29,29.0,450.0,919.0,-13.0,-16.0,4.47213595499958,53.740801232699646,20.615528128088304,4.47213595499958,-26.56505117707799
14,Cell,0,0.0,571.0,509.0,0.0,0.0,0.0,0.0,0.0,0.0,0.0
14,Cell,1,1.0,571.0,504.0,0.0,-5.0,5.0,5.0,5.0,5.0,-90.0
14,Cell,2,2.0,571.0,504.0,0.0,-5.0,0.0,5.0,5.0,0.0,0.0
14,Cell,3,3.0,571.0,505.0,0.0,-4.0,1.0,6.0,4.0,1.0,90.0
14,Cell,4,4.0,571.0,505.0,0.0,-4.0,0.0,6.0,4.0,0.0,0.0
14,Cell,5,5.0,571.0,501.0,0.0,-8.0,4.0,10.0,8.0,4.0,-90.0
14,Cell,6,6.0,571.0,501.0,0.0,-8.0,0.0,10.0,8.0,0.0,0.0
14,Cell,7,7.0,571.0,501.0,0.0,-8.0,0.0,10.0,8.0,0.0,0.0
14,Cell,8,8.0,570.0,501.0,-1.0,-8.0,1.0,11.0,8.06225774829855,1.0,180.0
14,Cell,9,9.0,569.0,499.0,-2.0,-10.0,2.23606797749979,13.23606797749979,10.198039027185569,2.23606797749979,-116.56505117707799
14,Cell,10,10.0,569.0,500.0,-2.0,-9.0,1.0,14.23606797749979,9.219544457292887,1.0,90.0
14,Cell,11,11.0,569.0,500.0,-2.0,-9.0,0.0,14.23606797749979,9.219544457292887,0.0,0.0
14,Cell,12,12.0,569.0,507.0,-2.0,-2.0,7.0,21.23606797749979,2.8284271247461903,7.0,90.0
14,Cell,13,13.0,569.0,507.0,-2.0,-2.0,0.0,21.23606797749979,2.8284271247461903,0.0,0.0
14,Cell,14,14.0,569.0,509.0,-2.0,0.0,2.0,23.23606797749979,2.0,2.0,90.0
14,Cell,15,15.0,569.0,509.0,-2.0,0.0,0.0,23.23606797749979,2.0,0.0,0.0
14,Cell,16,16.0,569.0,509.0,-2.0,0.0,0.0,23.23606797749979,2.0,0.0,0.0
14,Cell,17,17.0,568.0,503.0,-3.0,-6.0,6.082762530298219,29.31883050779801,6.708203932499369,6.082762530298219,-99.46232220802563
14,Cell,18,18.0,568.0,503.0,-3.0,-6.0,0.0,29.31883050779801,6.708203932499369,0.0,0.0
14,Cell,19,19.0,568.0,503.0,-3.0,-6.0,0.0,29.31883050779801,6.708203932499369,0.0,0.0
14,Cell,20,20.0,565.0,503.0,-6.0,-6.0,3.0,32.31883050779801,8.48528137423857,3.0,180.0
14,Cell,21,21.0,563.0,499.0,-8.0,-10.0,4.47213595499958,36.79096646279759,12.806248474865697,4.47213595499958,-116.56505117707799
14,Cell,22,22.0,561.0,499.0,-10.0,-10.0,2.0,38.79096646279759,14.142135623730951,2.0,180.0
14,Cell,23,23.0,561.0,499.0,-10.0,-10.0,0.0,38.79096646279759,14.142135623730951,0.0,0.0
14,Cell,24,24.0,560.0,497.0,-11.0,-12.0,2.23606797749979,41.027034440297385,16.278820596099706,2.23606797749979,-116.56505117707799
14,Cell,25,25.0,560.0,497.0,-11.0,-12.0,0.0,41.027034440297385,16.278820596099706,0.0,0.0
14,Cell,26,26.0,558.0,496.0,-13.0,-13.0,2.23606797749979,43.26310241779717,18.384776310850235,2.23606797749979,-153.43494882292202
14,Cell,27,27.0,558.0,496.0,-13.0,-13.0,0.0,43.26310241779717,18.384776310850235,0.0,0.0
14,Cell,28,28.0,556.5,489.0,-14.5,-20.0,7.158910531638177,50.42201294943535,24.70323865407125,7.158910531638177,-102.09475707701212
14,Cell,29,29.0,560.0,482.0,-11.0,-27.0,7.826237921249264,58.248250870684615,29.154759474226502,7.826237921249264,-63.43494882292201
45,Cell,0,0.0,916.0,147.0,0.0,0.0,0.0,0.0,0.0,0.0,0.0
45,Cell,1,1.0,916.0,145.0,0.0,-2.0,2.0,2.0,2.0,2.0,-90.0
45,Cell,2,2.0,915.0,144.0,-1.0,-3.0,1.4142135623730951,3.414213562373095,3.1622776601683795,1.4142135623730951,-135.0
45,Cell,3,3.0,918.0,143.0,2.0,-4.0,3.1622776601683795,6.576491222541474,4.47213595499958,3.1622776601683795,-18.43494882292201
45,Cell,4,4.0,918.0,144.0,2.0,-3.0,1.0,7.576491222541474,3.605551275463989,1.0,90.0
45,Cell,5,5.0,926.0,144.0,10.0,-3.0,8.0,15.576491222541474,10.44030650891055,8.0,0.0
45,Cell,6,6.0,926.0,143.0,10.0,-4.0,1.0,16.576491222541474,10.770329614269007,1.0,-90.0
45,Cell,7,7.0,927.0,141.0,11.0,-6.0,2.23606797749979,18.812559200041264,12.529964086141668,2.23606797749979,-63.43494882292201
45,Cell,8,8.0,926.0,139.0,10.0,-8.0,2.23606797749979,21.048627177541054,12.806248474865697,2.23606797749979,-116.56505117707799
45,Cell,9,9.0,928.0,141.0,12.0,-6.0,2.8284271247461903,23.877054302287245,13.416407864998739,2.8284271247461903,45.0
45,Cell,10,10.0,928.0,141.0,12.0,-6.0,0.0,23.877054302287245,13.416407864998739,0.0,0.0
45,Cell,11,11.0,922.0,141.0,6.0,-6.0,6.0,29.877054302287245,8.48528137423857,6.0,180.0
45,Cell,12,12.0,922.0,141.0,6.0,-6.0,0.0,29.877054302287245,8.48528137423857,0.0,0.0
45,Cell,13,13.0,922.0,141.0,6.0,-6.0,0.0,29.877054302287245,8.48528137423857,0.0,0.0
45,Cell,14,14.0,920.0,138.0,4.0,-9.0,3.605551275463989,33.48260557775124,9.848857801796104,3.605551275463989,-123.6900675259798
45,Cell,15,15.0,920.0,138.0,4.0,-9.0,0.0,33.48260557775124,9.848857801796104,0.0,0.0
45,Cell,16,16.0,920.0,138.0,4.0,-9.0,0.0,33.48260557775124,9.848857801796104,0.0,0.0
45,Cell,17,17.0,920.0,138.0,4.0,-9.0,0.0,33.48260557775124,9.848857801796104,0.0,0.0
45,Cell,18,18.0,920.0,138.0,4.0,-9.0,0.0,33.48260557775124,9.848857801796104,0.0,0.0
45,Cell,19,19.0,918.0,136.0,2.0,-11.0,2.8284271247461903,36.31103270249743,11.180339887498949,2.8284271247461903,-135.0
45,Cell,20,20.0,918.0,137.0,2.0,-10.0,1.0,37.31103270249743,10.198039027185569,1.0,90.0
45,Cell,21,21.0,918.0,136.0,2.0,-11.0,1.0,38.31103270249743,11.180339887498949,1.0,-90.0
45,Cell,22,22.0,918.0,136.0,2.0,-11.0,0.0,38.31103270249743,11.180339887498949,0.0,0.0
45,Cell,23,23.0,918.0,137.0,2.0,-10.0,1.0,39.31103270249743,10.198039027185569,1.0,90.0
45,Cell,24,24.0,918.0,137.0,2.0,-10.0,0.0,39.31103270249743,10.198039027185569,0.0,0.0
45,Cell,25,25.0,918.0,137.0,2.0,-10.0,0.0,39.31103270249743,10.198039027185569,0.0,0.0
45,Cell,26,26.0,918.0,137.5,2.0,-9.5,0.5,39.81103270249743,9.7082439194738,0.5,90.0
45,Cell,27,27.0,918.0,137.0,2.0,-10.0,0.5,40.31103270249743,10.198039027185569,0.5,-90.0
45,Cell,28,28.0,918.0,137.0,2.0,-10.0,0.0,40.31103270249743,10.198039027185569,0.0,0.0
45,Cell,29,29.0,920.0,136.0,4.0,-11.0,2.23606797749979,42.547100679997214,11.704699910719626,2.23606797749979,-26.56505117707799
9,Cell,0,0.0,385.0,444.0,0.0,0.0,0.0,0.0,0.0,0.0,0.0
9,Cell,1,1.0,385.0,444.0,0.0,0.0,0.0,0.0,0.0,0.0,0.0
9,Cell,2,2.0,384.0,444.0,-1.0,0.0,1.0,1.0,1.0,1.0,180.0
9,Cell,3,3.0,384.0,444.0,-1.0,0.0,0.0,1.0,1.0,0.0,0.0
9,Cell,4,4.0,384.0,444.0,-1.0,0.0,0.0,1.0,1.0,0.0,0.0
9,Cell,5,5.0,384.0,444.0,-1.0,0.0,0.0,1.0,1.0,0.0,0.0
9,Cell,6,6.0,384.0,444.0,-1.0,0.0,0.0,1.0,1.0,0.0,0.0
9,Cell,7,7.0,384.0,444.0,-1.0,0.0,0.0,1.0,1.0,0.0,0.0
9,Cell,8,8.0,384.0,444.0,-1.0,0.0,0.0,1.0,1.0,0.0,0.0
9,Cell,9,9.0,384.0,444.0,-1.0,0.0,0.0,1.0,1.0,0.0,0.0
9,Cell,10,10.0,384.0,444.0,-1.0,0.0,0.0,1.0,1.0,0.0,0.0
9,Cell,11,11.0,384.0,444.0,-1.0,0.0,0.0,1.0,1.0,0.0,0.0
9,Cell,12,12.0,384.0,444.0,-1.0,0.0,0.0,1.0,1.0,0.0,0.0
9,Cell,13,13.0,385.0,452.0,0.0,8.0,8.06225774829855,9.06225774829855,8.0,8.06225774829855,82.87498365109819
9,Cell,14,14.0,385.0,449.0,0.0,5.0,3.0,12.06225774829855,5.0,3.0,-90.0
9,Cell,15,15.0,385.0,449.0,0.0,5.0,0.0,12.06225774829855,5.0,0.0,0.0
9,Cell,16,16.0,385.0,449.0,0.0,5.0,0.0,12.06225774829855,5.0,0.0,0.0
9,Cell,17,17.0,385.0,450.0,0.0,6.0,1.0,13.06225774829855,6.0,1.0,90.0
9,Cell,18,18.0,385.0,450.0,0.0,6.0,0.0,13.06225774829855,6.0,0.0,0.0
9,Cell,19,19.0,384.0,451.0,-1.0,7.0,1.4142135623730951,14.476471310671645,7.0710678118654755,1.4142135623730951,135.0
9,Cell,20,20.0,384.0,451.0,-1.0,7.0,0.0,14.476471310671645,7.0710678118654755,0.0,0.0
9,Cell,21,21.0,383.0,454.0,-2.0,10.0,3.1622776601683795,17.638748970840023,10.198039027185569,3.1622776601683795,108.43494882292201
9,Cell,22,22.0,384.0,455.0,-1.0,11.0,1.4142135623730951,19.05296253321312,11.045361017187261,1.4142135623730951,45.0
9,Cell,23,23.0,384.0,455.0,-1.0,11.0,0.0,19.05296253321312,11.045361017187261,0.0,0.0
9,Cell,24,24.0,384.0,455.0,-1.0,11.0,0.0,19.05296253321312,11.045361017187261,0.0,0.0
9,Cell,25,25.0,384.0,455.0,-1.0,11.0,0.0,19.05296253321312,11.045361017187261,0.0,0.0
9,Cell,26,26.0,379.0,454.0,-6.0,10.0,5.0990195135927845,24.151982046805905,11.661903789690601,5.0990195135927845,-168.6900675259798
9,Cell,27,27.0,379.0,454.0,-6.0,10.0,0.0,24.151982046805905,11.661903789690601,0.0,0.0
9,Cell,28,28.0,379.0,454.0,-6.0,10.0,0.0,24.151982046805905,11.661903789690601,0.0,0.0
9,Cell,29,29.0,379.0,454.0,-6.0,10.0,0.0,24.151982046805905,11.661903789690601,0.0,0.0
11,Cell,0,0.0,466.0,453.0,0.0,0.0,0.0,0.0,0.0,0.0,0.0
11,Cell,1,1.0,466.0,453.0,0.0,0.0,0.0,0.0,0.0,0.0,0.0
11,Cell,2,2.0,466.0,453.0,0.0,0.0,0.0,0.0,0.0,0.0,0.0
11,Cell,3,3.0,466.0,453.0,0.0,0.0,0.0,0.0,0.0,0.0,0.0
11,Cell,4,4.0,466.0,453.0,0.0,0.0,0.0,0.0,0.0,0.0,0.0
11,Cell,5,5.0,466.0,453.0,0.0,0.0,0.0,0.0,0.0,0.0,0.0
11,Cell,6,6.0,466.0,453.0,0.0,0.0,0.0,0.0,0.0,0.0,0.0
11,Cell,7,7.0,466.0,453.0,0.0,0.0,0.0,0.0,0.0,0.0,0.0
11,Cell,8,8.0,466.0,453.0,0.0,0.0,0.0,0.0,0.0,0.0,0.0
11,Cell,9,9.0,466.0,453.0,0.0,0.0,0.0,0.0,0.0,0.0,0.0
11,Cell,10,10.0,466.0,453.0,0.0,0.0,0.0,0.0,0.0,0.0,0.0
11,Cell,11,11.0,466.0,453.0,0.0,0.0,0.0,0.0,0.0,0.0,0.0
11,Cell,12,12.0,466.0,453.0,0.0,0.0,0.0,0.0,0.0,0.0,0.0
11,Cell,13,13.0,466.0,453.0,0.0,0.0,0.0,0.0,0.0,0.0,0.0
11,Cell,14,14.0,465.0,451.0,-1.0,-2.0,2.23606797749979,2.23606797749979,2.23606797749979,2.23606797749979,-116.56505117707799
11,Cell,15,15.0,465.0,451.0,-1.0,-2.0,0.0,2.23606797749979,2.23606797749979,0.0,0.0
11,Cell,16,16.0,465.0,451.0,-1.0,-2.0,0.0,2.23606797749979,2.23606797749979,0.0,0.0
11,Cell,17,17.0,465.0,451.0,-1.0,-2.0,0.0,2.23606797749979,2.23606797749979,0.0,0.0
11,Cell,18,18.0,465.0,450.0,-1.0,-3.0,1.0,3.23606797749979,3.1622776601683795,1.0,-90.0
11,Cell,19,19.0,465.0,450.0,-1.0,-3.0,0.0,3.23606797749979,3.1622776601683795,0.0,0.0
11,Cell,20,20.0,465.0,450.0,-1.0,-3.0,0.0,3.23606797749979,3.1622776601683795,0.0,0.0
11,Cell,21,21.0,466.0,450.0,0.0,-3.0,1.0,4.23606797749979,3.0,1.0,0.0
11,Cell,22,22.0,467.0,449.0,1.0,-4.0,1.4142135623730951,5.650281539872885,4.123105625617661,1.4142135623730951,-45.0
11,Cell,23,23.0,469.0,447.0,3.0,-6.0,2.8284271247461903,8.478708664619075,6.708203932499369,2.8284271247461903,-45.0
11,Cell,24,24.0,469.0,447.0,3.0,-6.0,0.0,8.478708664619075,6.708203932499369,0.0,0.0
11,Cell,25,25.0,465.0,449.0,-1.0,-4.0,4.47213595499958,12.950844619618655,4.123105625617661,4.47213595499958,153.43494882292202
11,Cell,26,26.0,465.0,449.0,-1.0,-4.0,0.0,12.950844619618655,4.123105625617661,0.0,0.0
11,Cell,27,27.0,463.0,453.0,-3.0,0.0,4.47213595499958,17.422980574618236,3.0,4.47213595499958,116.56505117707799
11,Cell,28,28.0,470.0,449.0,4.0,-4.0,8.06225774829855,25.485238322916786,5.656854249492381,8.06225774829855,-29.744881296942225
11,Cell,29,29.0,469.0,452.0,3.0,-1.0,3.1622776601683795,28.647515983085164,3.1622776601683795,3.1622776601683795,108.43494882292201
43,Cell,0,0.0,182.0,898.0,0.0,0.0,0.0,0.0,0.0,0.0,0.0
43,Cell,1,1.0,184.0,894.0,2.0,-4.0,4.47213595499958,4.47213595499958,4.47213595499958,4.47213595499958,-63.43494882292201
43,Cell,2,2.0,185.0,894.0,3.0,-4.0,1.0,5.47213595499958,5.0,1.0,0.0
43,Cell,3,3.0,186.0,894.0,4.0,-4.0,1.0,6.47213595499958,5.656854249492381,1.0,0.0
43,Cell,4,4.0,189.0,897.0,7.0,-1.0,4.242640687119285,10.714776642118863,7.0710678118654755,4.242640687119285,45.0
43,Cell,5,5.0,191.0,894.0,9.0,-4.0,3.605551275463989,14.320327917582853,9.848857801796104,3.605551275463989,-56.309932474020215
43,Cell,6,6.0,195.0,891.0,13.0,-7.0,5.0,19.32032791758285,14.7648230602334,5.0,-36.86989764584402
43,Cell,7,7.0,195.0,891.0,13.0,-7.0,0.0,19.32032791758285,14.7648230602334,0.0,0.0
43,Cell,8,8.0,198.0,891.0,16.0,-7.0,3.0,22.32032791758285,17.46424919657298,3.0,0.0
43,Cell,9,9.0,198.0,891.0,16.0,-7.0,0.0,22.32032791758285,17.46424919657298,0.0,0.0
43,Cell,10,10.0,205.0,895.0,23.0,-3.0,8.06225774829855,30.3825856658814,23.194827009486403,8.06225774829855,29.744881296942225
43,Cell,11,11.0,211.0,894.0,29.0,-4.0,6.082762530298219,36.46534819617962,29.274562336608895,6.082762530298219,-9.462322208025617
43,Cell,12,12.0,209.0,894.0,27.0,-4.0,2.0,38.46534819617962,27.294688127912362,2.0,180.0
43,Cell,13,13.0,209.0,894.0,27.0,-4.0,0.0,38.46534819617962,27.294688127912362,0.0,0.0
43,Cell,14,14.0,210.0,891.0,28.0,-7.0,3.1622776601683795,41.627625856348,28.861739379323623,3.1622776601683795,-71.56505117707799
43,Cell,15,15.0,211.0,889.0,29.0,-9.0,2.23606797749979,43.86369383384779,30.364452901377952,2.23606797749979,-63.43494882292201
43,Cell,16,16.0,211.0,886.0,29.0,-12.0,3.0,46.86369383384779,31.38470965295043,3.0,-90.0
43,Cell,17,17.0,211.0,886.0,29.0,-12.0,0.0,46.86369383384779,31.38470965295043,0.0,0.0
43,Cell,18,18.0,211.0,886.0,29.0,-12.0,0.0,46.86369383384779,31.38470965295043,0.0,0.0
43,Cell,19,19.0,211.0,884.0,29.0,-14.0,2.0,48.86369383384779,32.202484376209235,2.0,-90.0
43,Cell,20,20.0,211.0,884.0,29.0,-14.0,0.0,48.86369383384779,32.202484376209235,0.0,0.0
43,Cell,21,21.0,210.0,882.0,28.0,-16.0,2.23606797749979,51.09976181134758,32.2490309931942,2.23606797749979,-116.56505117707799
43,Cell,22,22.0,210.0,885.0,28.0,-13.0,3.0,54.09976181134758,30.870698080866262,3.0,90.0
43,Cell,23,23.0,211.0,885.0,29.0,-13.0,1.0,55.09976181134758,31.78049716414141,1.0,0.0
43,Cell,24,24.0,211.0,884.0,29.0,-14.0,1.0,56.09976181134758,32.202484376209235,1.0,-90.0
43,Cell,25,25.0,212.0,884.0,30.0,-14.0,1.0,57.09976181134758,33.1058907144937,1.0,0.0
43,Cell,26,26.0,212.0,884.0,30.0,-14.0,0.0,57.09976181134758,33.1058907144937,0.0,0.0
43,Cell,27,27.0,212.0,882.0,30.0,-16.0,2.0,59.09976181134758,34.0,2.0,-90.0
43,Cell,28,28.0,215.0,881.0,33.0,-17.0,3.1622776601683795,62.262039471515955,37.12142238654117,3.1622776601683795,-18.43494882292201
43,Cell,29,29.0,217.0,881.0,35.0,-17.0,2.0,64.26203947151595,38.91015291668744,2.0,0.0
47,Cell,0,0.0,994.0,297.5,0.0,0.0,0.0,0.0,0.0,0.0,0.0
47,Cell,1,1.0,990.0,301.0,-4.0,3.5,5.315072906367325,5.315072906367325,5.315072906367325,5.315072906367325,138.81407483429035
47,Cell,2,2.0,990.0,309.0,-4.0,11.5,8.0,13.315072906367325,12.175795661885921,8.0,90.0
47,Cell,3,3.0,988.0,310.0,-6.0,12.5,2.23606797749979,15.551140883867115,13.865424623862047,2.23606797749979,153.43494882292202
47,Cell,4,4.0,987.0,312.0,-7.0,14.5,2.23606797749979,17.787208861366906,16.101242188104617,2.23606797749979,116.56505117707799
47,Cell,5,5.0,987.0,312.0,-7.0,14.5,0.0,17.787208861366906,16.101242188104617,0.0,0.0
47,Cell,6,6.0,990.0,310.0,-4.0,12.5,3.605551275463989,21.392760136830894,13.124404748406688,3.605551275463989,-33.690067525979785
47,Cell,7,7.0,990.0,310.0,-4.0,12.5,0.0,21.392760136830894,13.124404748406688,0.0,0.0
47,Cell,8,8.0,990.0,310.0,-4.0,12.5,0.0,21.392760136830894,13.124404748406688,0.0,0.0
47,Cell,9,9.0,994.0,314.0,0.0,16.5,5.656854249492381,27.049614386323274,16.5,5.656854249492381,45.0
47,Cell,10,10.0,994.0,316.0,0.0,18.5,2.0,29.049614386323274,18.5,2.0,90.0
47,Cell,11,11.0,994.0,317.5,0.0,20.0,1.5,30.549614386323274,20.0,1.5,90.0
47,Cell,12,12.0,994.0,320.0,0.0,22.5,2.5,33.04961438632327,22.5,2.5,90.0
47,Cell,13,13.0,994.0,320.0,0.0,22.5,0.0,33.04961438632327,22.5,0.0,0.0
47,Cell,14,14.0,994.0,320.0,0.0,22.5,0.0,33.04961438632327,22.5,0.0,0.0
47,Cell,15,15.0,991.0,328.0,-3.0,30.5,8.54400374531753,41.5936181316408,30.64718584144391,8.54400374531753,110.55604521958347
47,Cell,16,16.0,989.0,331.0,-5.0,33.5,3.605551275463989,45.19916940710479,33.8710791088799,3.605551275463989,123.6900675259798
47,Cell,17,17.0,989.0,334.0,-5.0,36.5,3.0,48.19916940710479,36.840874039577294,3.0,90.0
47,Cell,18,18.0,989.0,334.0,-5.0,36.5,0.0,48.19916940710479,36.840874039577294,0.0,0.0
47,Cell,19,19.0,986.0,334.0,-8.0,36.5,3.0,51.19916940710479,37.36642878306676,3.0,180.0
47,Cell,20,20.0,986.0,334.0,-8.0,36.5,0.0,51.19916940710479,37.36642878306676,0.0,0.0
47,Cell,21,21.0,986.0,334.0,-8.0,36.5,0.0,51.19916940710479,37.36642878306676,0.0,0.0
47,Cell,22,22.0,987.0,335.0,-7.0,37.5,1.4142135623730951,52.61338296947788,38.14773912042495,1.4142135623730951,45.0
47,Cell,23,23.0,993.0,333.0,-1.0,35.5,6.324555320336759,58.93793828981464,35.51408171415952,6.324555320336759,-18.43494882292201
47,Cell,24,24.0,993.0,333.0,-1.0,35.5,0.0,58.93793828981464,35.51408171415952,0.0,0.0
47,Cell,25,25.0,993.0,333.0,-1.0,35.5,0.0,58.93793828981464,35.51408171415952,0.0,0.0
47,Cell,26,26.0,995.0,329.0,1.0,31.5,4.47213595499958,63.41007424481422,31.51586901863885,4.47213595499958,-63.43494882292201
47,Cell,27,27.0,997.0,329.0,3.0,31.5,2.0,65.41007424481421,31.64253466459348,2.0,0.0
47,Cell,28,28.0,999.0,329.0,5.0,31.5,2.0,67.41007424481421,31.894356867634123,2.0,0.0
47,Cell,29,29.0,999.0,328.0,5.0,30.5,1.0,68.41007424481421,30.907118921051183,1.0,-90.0
46,Cell,0,0.0,968.0,70.0,0.0,0.0,0.0,0.0,0.0,0.0,0.0
46,Cell,1,1.0,961.0,69.0,-7.0,-1.0,7.0710678118654755,7.0710678118654755,7.0710678118654755,7.0710678118654755,-171.86989764584402
46,Cell,2,2.0,962.0,69.0,-6.0,-1.0,1.0,8.071067811865476,6.082762530298219,1.0,0.0
46,Cell,3,3.0,961.0,72.0,-7.0,2.0,3.1622776601683795,11.233345472033855,7.280109889280518,3.1622776601683795,108.43494882292201
46,Cell,4,4.0,958.0,74.0,-10.0,4.0,3.605551275463989,14.838896747497845,10.770329614269007,3.605551275463989,146.30993247402023
46,Cell,5,5.0,959.0,73.0,-9.0,3.0,1.4142135623730951,16.25311030987094,9.486832980505138,1.4142135623730951,-45.0
46,Cell,6,6.0,960.0,75.0,-8.0,5.0,2.23606797749979,18.48917828737073,9.433981132056603,2.23606797749979,63.43494882292201
46,Cell,7,7.0,962.0,71.0,-6.0,1.0,4.47213595499958,22.96131424237031,6.082762530298219,4.47213595499958,-63.43494882292201
46,Cell,8,8.0,963.0,65.0,-5.0,-5.0,6.082762530298219,29.04407677266853,7.0710678118654755,6.082762530298219,-80.53767779197439
46,Cell,9,9.0,963.0,64.0,-5.0,-6.0,1.0,30.04407677266853,7.810249675906654,1.0,-90.0
46,Cell,10,10.0,960.0,64.0,-8.0,-6.0,3.0,33.04407677266853,10.0,3.0,180.0
46,Cell,11,11.0,961.0,63.0,-7.0,-7.0,1.4142135623730951,34.458290335041625,9.899494936611665,1.4142135623730951,-45.0
46,Cell,12,12.0,961.0,65.0,-7.0,-5.0,2.0,36.458290335041625,8.602325267042627,2.0,90.0
46,Cell,13,13.0,959.0,64.0,-9.0,-6.0,2.23606797749979,38.69435831254141,10.816653826391969,2.23606797749979,-153.43494882292202
46,Cell,14,14.0,957.0,69.0,-11.0,-1.0,5.385164807134504,44.07952311967591,11.045361017187261,5.385164807134504,111.80140948635182
46,Cell,15,15.0,959.0,67.0,-9.0,-3.0,2.8284271247461903,46.9079502444221,9.486832980505138,2.8284271247461903,-45.0
46,Cell,16,16.0,959.0,68.0,-9.0,-2.0,1.0,47.9079502444221,9.219544457292887,1.0,90.0
46,Cell,17,17.0,959.0,69.0,-9.0,-1.0,1.0,48.9079502444221,9.055385138137417,1.0,90.0
46,Cell,18,18.0,960.0,68.0,-8.0,-2.0,1.4142135623730951,50.322163806795196,8.246211251235321,1.4142135623730951,-45.0
46,Cell,19,19.0,960.0,69.0,-8.0,-1.0,1.0,51.322163806795196,8.06225774829855,1.0,90.0
46,Cell,20,20.0,958.0,69.0,-10.0,-1.0,2.0,53.322163806795196,10.04987562112089,2.0,180.0
46,Cell,21,21.0,958.0,73.0,-10.0,3.0,4.0,57.322163806795196,10.44030650891055,4.0,90.0
46,Cell,22,22.0,958.0,73.0,-10.0,3.0,0.0,57.322163806795196,10.44030650891055,0.0,0.0
46,Cell,23,23.0,958.0,71.0,-10.0,1.0,2.0,59.322163806795196,10.04987562112089,2.0,-90.0
46,Cell,24,24.0,958.0,71.0,-10.0,1.0,0.0,59.322163806795196,10.04987562112089,0.0,0.0
46,Cell,25,25.0,958.0,67.0,-10.0,-3.0,4.0,63.322163806795196,10.44030650891055,4.0,-90.0
46,Cell,26,26.0,958.0,69.0,-10.0,-1.0,2.0,65.3221638067952,10.04987562112089,2.0,90.0
46,Cell,27,27.0,957.0,69.0,-11.0,-1.0,1.0,66.3221638067952,11.045361017187261,1.0,180.0
46,Cell,28,28.0,957.0,69.0,-11.0,-1.0,0.0,66.3221638067952,11.045361017187261,0.0,0.0
46,Cell,29,29.0,952.0,76.0,-16.0,6.0,8.602325267042627,74.92448907383783,17.08800749063506,8.602325267042627,125.53767779197439
7,Cell,0,0.0,131.0,402.0,0.0,0.0,0.0,0.0,0.0,0.0,0.0
7,Cell,1,1.0,131.0,402.0,0.0,0.0,0.0,0.0,0.0,0.0,0.0
7,Cell,2,2.0,131.0,402.0,0.0,0.0,0.0,0.0,0.0,0.0,0.0
7,Cell,3,3.0,129.0,411.0,-2.0,9.0,9.219544457292887,9.219544457292887,9.219544457292887,9.219544457292887,102.52880770915151
7,Cell,4,4.0,129.0,411.0,-2.0,9.0,0.0,9.219544457292887,9.219544457292887,0.0,0.0
7,Cell,5,5.0,129.0,411.0,-2.0,9.0,0.0,9.219544457292887,9.219544457292887,0.0,0.0
7,Cell,6,6.0,128.0,410.0,-3.0,8.0,1.4142135623730951,10.633758019665983,8.54400374531753,1.4142135623730951,-135.0
7,Cell,7,7.0,128.0,410.0,-3.0,8.0,0.0,10.633758019665983,8.54400374531753,0.0,0.0
7,Cell,8,8.0,128.0,410.0,-3.0,8.0,0.0,10.633758019665983,8.54400374531753,0.0,0.0
7,Cell,9,9.0,124.0,408.0,-7.0,6.0,4.47213595499958,15.105893974665562,9.219544457292887,4.47213595499958,-153.43494882292202
7,Cell,10,10.0,121.0,407.0,-10.0,5.0,3.1622776601683795,18.26817163483394,11.180339887498949,3.1622776601683795,-161.56505117707798
7,Cell,11,11.0,121.0,407.0,-10.0,5.0,0.0,18.26817163483394,11.180339887498949,0.0,0.0
7,Cell,12,12.0,120.0,409.0,-11.0,7.0,2.23606797749979,20.50423961233373,13.038404810405298,2.23606797749979,116.56505117707799
7,Cell,13,13.0,120.0,409.0,-11.0,7.0,0.0,20.50423961233373,13.038404810405298,0.0,0.0
7,Cell,14,14.0,118.0,410.0,-13.0,8.0,2.23606797749979,22.74030758983352,15.264337522473747,2.23606797749979,153.43494882292202
7,Cell,15,15.0,118.0,410.0,-13.0,8.0,0.0,22.74030758983352,15.264337522473747,0.0,0.0
7,Cell,16,16.0,114.0,413.0,-17.0,11.0,5.0,27.74030758983352,20.248456731316587,5.0,143.13010235415598
7,Cell,17,17.0,114.0,413.0,-17.0,11.0,0.0,27.74030758983352,20.248456731316587,0.0,0.0
7,Cell,18,18.0,114.0,413.0,-17.0,11.0,0.0,27.74030758983352,20.248456731316587,0.0,0.0
7,Cell,19,19.0,114.0,413.0,-17.0,11.0,0.0,27.74030758983352,20.248456731316587,0.0,0.0
7,Cell,20,20.0,114.0,413.0,-17.0,11.0,0.0,27.74030758983352,20.248456731316587,0.0,0.0
7,Cell,21,21.0,114.0,413.0,-17.0,11.0,0.0,27.74030758983352,20.248456731316587,0.0,0.0
7,Cell,22,22.0,114.0,413.0,-17.0,11.0,0.0,27.74030758983352,20.248456731316587,0.0,0.0
7,Cell,23,23.0,114.0,413.0,-17.0,11.0,0.0,27.74030758983352,20.248456731316587,0.0,0.0
7,Cell,24,24.0,114.0,413.0,-17.0,11.0,0.0,27.74030758983352,20.248456731316587,0.0,0.0
7,Cell,25,25.0,114.0,413.0,-17.0,11.0,0.0,27.74030758983352,20.248456731316587,0.0,0.0
7,Cell,26,26.0,114.0,413.0,-17.0,11.0,0.0,27.74030758983352,20.248456731316587,0.0,0.0
7,Cell,27,27.0,114.0,413.0,-17.0,11.0,0.0,27.74030758983352,20.248456731316587,0.0,0.0
7,Cell,28,28.0,114.0,413.0,-17.0,11.0,0.0,27.74030758983352,20.248456731316587,0.0,0.0
7,Cell,29,29.0,114.0,413.0,-17.0,11.0,0.0,27.74030758983352,20.248456731316587,0.0,0.0
13,Cell,0,0.0,562.0,468.0,0.0,0.0,0.0,0.0,0.0,0.0,0.0
13,Cell,1,1.0,560.0,462.0,-2.0,-6.0,6.324555320336759,6.324555320336759,6.324555320336759,6.324555320336759,-108.43494882292201
13,Cell,2,2.0,560.0,462.0,-2.0,-6.0,0.0,6.324555320336759,6.324555320336759,0.0,0.0
13,Cell,3,3.0,564.0,456.0,2.0,-12.0,7.211102550927978,13.535657871264737,12.165525060596439,7.211102550927978,-56.309932474020215
13,Cell,4,4.0,567.0,454.0,5.0,-14.0,3.605551275463989,17.141209146728727,14.866068747318506,3.605551275463989,-33.690067525979785
13,Cell,5,5.0,567.0,451.0,5.0,-17.0,3.0,20.141209146728727,17.72004514666935,3.0,-90.0
13,Cell,6,6.0,567.0,451.0,5.0,-17.0,0.0,20.141209146728727,17.72004514666935,0.0,0.0
13,Cell,7,7.0,567.0,451.0,5.0,-17.0,0.0,20.141209146728727,17.72004514666935,0.0,0.0
13,Cell,8,8.0,571.0,448.0,9.0,-20.0,5.0,25.141209146728727,21.93171219946131,5.0,-36.86989764584402
13,Cell,9,9.0,576.0,445.0,14.0,-23.0,5.830951894845301,30.972161041574026,26.92582403567252,5.830951894845301,-30.96375653207352
13,Cell,10,10.0,577.0,443.0,15.0,-25.0,2.23606797749979,33.20822901907381,29.154759474226502,2.23606797749979,-63.43494882292201
13,Cell,11,11.0,577.0,443.0,15.0,-25.0,0.0,33.20822901907381,29.154759474226502,0.0,0.0
13,Cell,12,12.0,581.0,442.0,19.0,-26.0,4.123105625617661,37.331334644691474,32.202484376209235,4.123105625617661,-14.036243467926477
13,Cell,13,13.0,583.0,442.0,21.0,-26.0,2.0,39.331334644691474,33.421549934136806,2.0,0.0
13,Cell,14,14.0,586.0,440.0,24.0,-28.0,3.605551275463989,42.93688592015546,36.87817782917155,3.605551275463989,-33.690067525979785
13,Cell,15,15.0,593.0,434.0,31.0,-34.0,9.219544457292887,52.156430377448345,46.010868281309364,9.219544457292887,-40.60129464500447
13,Cell,16,16.0,595.0,431.5,33.0,-36.5,3.2015621187164243,55.35799249616477,49.20619879649311,3.2015621187164243,-51.34019174590991
13,Cell,17,17.0,598.0,431.0,36.0,-37.0,3.0413812651491097,58.39937376131388,51.62363799656123,3.0413812651491097,-9.462322208025617
13,Cell,18,18.0,602.0,429.0,40.0,-39.0,4.47213595499958,62.87150971631346,55.86591089385369,4.47213595499958,-26.56505117707799
13,Cell,19,19.0,604.0,430.0,42.0,-38.0,2.23606797749979,65.10757769381325,56.639209034025185,2.23606797749979,26.56505117707799
13,Cell,20,20.0,605.0,431.0,43.0,-37.0,1.4142135623730951,66.52179125618635,56.72741841473134,1.4142135623730951,45.0
13,Cell,21,21.0,608.0,431.0,46.0,-37.0,3.0,69.52179125618635,59.033888572581766,3.0,0.0
13,Cell,22,22.0,609.0,433.0,47.0,-35.0,2.23606797749979,71.75785923368613,58.60034129593445,2.23606797749979,63.43494882292201
13,Cell,23,23.0,611.0,432.0,49.0,-36.0,2.23606797749979,73.99392721118592,60.802960454241045,2.23606797749979,-26.56505117707799
13,Cell,24,24.0,614.0,426.0,52.0,-42.0,6.708203932499369,80.70213114368529,66.84309986827361,6.708203932499369,-63.43494882292201
13,Cell,25,25.0,614.0,426.0,52.0,-42.0,0.0,80.70213114368529,66.84309986827361,0.0,0.0
13,Cell,26,26.0,614.0,426.0,52.0,-42.0,0.0,80.70213114368529,66.84309986827361,0.0,0.0
13,Cell,27,27.0,615.0,425.0,53.0,-43.0,1.4142135623730951,82.11634470605838,68.24954212300622,1.4142135623730951,-45.0
13,Cell,28,28.0,617.0,422.0,55.0,-46.0,3.605551275463989,85.72189598152238,71.7007670809734,3.605551275463989,-56.309932474020215
13,Cell,29,29.0,621.0,422.0,59.0,-46.0,4.0,89.72189598152238,74.81310045707235,4.0,0.0
52,Cell,0,0.0,62.0,478.0,0.0,0.0,0.0,0.0,0.0,0.0,0.0
52,Cell,1,1.0,60.0,475.0,-2.0,-3.0,3.605551275463989,3.605551275463989,3.605551275463989,3.605551275463989,-123.6900675259798
52,Cell,2,2.0,58.0,469.0,-4.0,-9.0,6.324555320336759,9.930106595800748,9.848857801796104,6.324555320336759,-108.43494882292201
52,Cell,3,3.0,60.0,467.0,-2.0,-11.0,2.8284271247461903,12.758533720546938,11.180339887498949,2.8284271247461903,-45.0
52,Cell,4,4.0,60.0,464.0,-2.0,-14.0,3.0,15.758533720546938,14.142135623730951,3.0,-90.0
52,Cell,5,5.0,60.0,464.0,-2.0,-14.0,0.0,15.758533720546938,14.142135623730951,0.0,0.0
52,Cell,6,6.0,59.0,466.0,-3.0,-12.0,2.23606797749979,17.99460169804673,12.36931687685298,2.23606797749979,116.56505117707799
52,Cell,7,7.0,63.0,467.0,1.0,-11.0,4.123105625617661,22.11770732366439,11.045361017187261,4.123105625617661,14.036243467926477
52,Cell,8,8.0,63.0,467.0,1.0,-11.0,0.0,22.11770732366439,11.045361017187261,0.0,0.0
52,Cell,9,9.0,63.0,467.0,1.0,-11.0,0.0,22.11770732366439,11.045361017187261,0.0,0.0
52,Cell,10,10.0,62.0,466.0,0.0,-12.0,1.4142135623730951,23.531920886037486,12.0,1.4142135623730951,-135.0
52,Cell,11,11.0,62.0,466.0,0.0,-12.0,0.0,23.531920886037486,12.0,0.0,0.0
52,Cell,12,12.0,62.0,466.0,0.0,-12.0,0.0,23.531920886037486,12.0,0.0,0.0
52,Cell,13,13.0,62.0,466.0,0.0,-12.0,0.0,23.531920886037486,12.0,0.0,0.0
52,Cell,14,14.0,60.0,467.0,-2.0,-11.0,2.23606797749979,25.767988863537276,11.180339887498949,2.23606797749979,153.43494882292202
52,Cell,15,15.0,58.0,467.0,-4.0,-11.0,2.0,27.767988863537276,11.704699910719626,2.0,180.0
52,Cell,16,16.0,58.0,464.0,-4.0,-14.0,3.0,30.767988863537276,14.560219778561036,3.0,-90.0
52,Cell,17,17.0,56.0,466.0,-6.0,-12.0,2.8284271247461903,33.59641598828347,13.416407864998739,2.8284271247461903,135.0
52,Cell,18,18.0,54.0,467.0,-8.0,-11.0,2.23606797749979,35.832483965783254,13.601470508735444,2.23606797749979,153.43494882292202
52,Cell,19,19.0,53.0,468.0,-9.0,-10.0,1.4142135623730951,37.246697528156346,13.45362404707371,1.4142135623730951,135.0
52,Cell,20,20.0,51.0,468.0,-11.0,-10.0,2.0,39.246697528156346,14.866068747318506,2.0,180.0
52,Cell,21,21.0,50.0,468.0,-12.0,-10.0,1.0,40.246697528156346,15.620499351813308,1.0,180.0
52,Cell,22,22.0,48.0,468.0,-14.0,-10.0,2.0,42.246697528156346,17.204650534085253,2.0,180.0
52,Cell,23,23.0,46.0,469.0,-16.0,-9.0,2.23606797749979,44.48276550565613,18.35755975068582,2.23606797749979,153.43494882292202
52,Cell,24,24.0,42.0,468.0,-20.0,-10.0,4.123105625617661,48.605871131273794,22.360679774997898,4.123105625617661,-165.96375653207352
52,Cell,25,25.0,40.0,477.0,-22.0,-1.0,9.219544457292887,57.825415588566685,22.02271554554524,9.219544457292887,102.52880770915151
52,Cell,26,26.0,36.0,477.0,-26.0,-1.0,4.0,61.825415588566685,26.019223662515376,4.0,180.0
52,Cell,27,27.0,33.0,478.0,-29.0,0.0,3.1622776601683795,64.98769324873507,29.0,3.1622776601683795,161.56505117707798
52,Cell,28,28.0,30.0,480.0,-32.0,2.0,3.605551275463989,68.59324452419906,32.0624390837628,3.605551275463989,146.30993247402023
52,Cell,29,29.0,32.0,481.0,-30.0,3.0,2.23606797749979,70.82931250169885,30.14962686336267,2.23606797749979,26.56505117707799
59,Cell,0,0.0,535.0,725.0,0.0,0.0,0.0,0.0,0.0,0.0,0.0
59,Cell,1,1.0,541.0,718.0,6.0,-7.0,9.219544457292887,9.219544457292887,9.219544457292887,9.219544457292887,-49.39870535499554
59,Cell,2,2.0,540.0,720.0,5.0,-5.0,2.23606797749979,11.455612434792677,7.0710678118654755,2.23606797749979,116.56505117707799
59,Cell,3,3.0,540.0,720.0,5.0,-5.0,0.0,11.455612434792677,7.0710678118654755,0.0,0.0
59,Cell,4,4.0,537.0,719.0,2.0,-6.0,3.1622776601683795,14.617890094961057,6.324555320336759,3.1622776601683795,-161.56505117707798
59,Cell,5,5.0,537.0,723.0,2.0,-2.0,4.0,18.617890094961055,2.8284271247461903,4.0,90.0
59,Cell,6,6.0,538.0,726.0,3.0,1.0,3.1622776601683795,21.780167755129433,3.1622776601683795,3.1622776601683795,71.56505117707799
59,Cell,7,7.0,538.0,724.0,3.0,-1.0,2.0,23.780167755129433,3.1622776601683795,2.0,-90.0
59,Cell,8,8.0,537.0,722.0,2.0,-3.0,2.23606797749979,26.016235732629223,3.605551275463989,2.23606797749979,-116.56505117707799
59,Cell,9,9.0,537.0,718.0,2.0,-7.0,4.0,30.016235732629223,7.280109889280518,4.0,-90.0
59,Cell,10,10.0,537.0,719.0,2.0,-6.0,1.0,31.016235732629223,6.324555320336759,1.0,90.0
59,Cell,11,11.0,532.0,712.0,-3.0,-13.0,8.602325267042627,39.61856099967185,13.341664064126334,8.602325267042627,-125.53767779197439
59,Cell,12,12.0,527.0,711.0,-8.0,-14.0,5.0990195135927845,44.717580513264636,16.1245154965971,5.0990195135927845,-168.6900675259798
59,Cell,13,13.0,522.0,713.0,-13.0,-12.0,5.385164807134504,50.10274532039914,17.69180601295413,5.385164807134504,158.19859051364818
59,Cell,14,14.0,524.0,711.0,-11.0,-14.0,2.8284271247461903,52.93117244514533,17.804493814764857,2.8284271247461903,-45.0
59,Cell,15,15.0,525.0,714.0,-10.0,-11.0,3.1622776601683795,56.09345010531371,14.866068747318506,3.1622776601683795,71.56505117707799
59,Cell,16,16.0,522.0,712.0,-13.0,-13.0,3.605551275463989,59.699001380777695,18.384776310850235,3.605551275463989,-146.30993247402023
59,Cell,17,17.0,523.0,715.0,-12.0,-10.0,3.1622776601683795,62.86127904094607,15.620499351813308,3.1622776601683795,71.56505117707799
59,Cell,18,18.0,524.0,713.0,-11.0,-12.0,2.23606797749979,65.09734701844586,16.278820596099706,2.23606797749979,-63.43494882292201
59,Cell,19,19.0,520.0,717.0,-15.0,-8.0,5.656854249492381,70.75420126793824,17.0,5.656854249492381,135.0
59,Cell,20,20.0,520.0,717.0,-15.0,-8.0,0.0,70.75420126793824,17.0,0.0,0.0
59,Cell,21,21.0,520.0,717.0,-15.0,-8.0,0.0,70.75420126793824,17.0,0.0,0.0
59,Cell,22,22.0,520.0,717.0,-15.0,-8.0,0.0,70.75420126793824,17.0,0.0,0.0
59,Cell,23,23.0,520.0,718.0,-15.0,-7.0,1.0,71.75420126793824,16.55294535724685,1.0,90.0
59,Cell,24,24.0,521.0,718.0,-14.0,-7.0,1.0,72.75420126793824,15.652475842498529,1.0,0.0
59,Cell,25,25.0,521.0,721.0,-14.0,-4.0,3.0,75.75420126793824,14.560219778561036,3.0,90.0
59,Cell,26,26.0,520.0,721.0,-15.0,-4.0,1.0,76.75420126793824,15.524174696260024,1.0,180.0
59,Cell,27,27.0,520.0,719.0,-15.0,-6.0,2.0,78.75420126793824,16.15549442140351,2.0,-90.0
59,Cell,28,28.0,521.0,718.0,-14.0,-7.0,1.4142135623730951,80.16841483031133,15.652475842498529,1.4142135623730951,-45.0
59,Cell,29,29.0,522.0,718.0,-13.0,-7.0,1.0,81.16841483031133,14.7648230602334,1.0,0.0
51,Cell,0,0.0,971.0,219.0,0.0,0.0,0.0,0.0,0.0,0.0,0.0
51,Cell,1,1.0,970.0,220.0,-1.0,1.0,1.4142135623730951,1.4142135623730951,1.4142135623730951,1.4142135623730951,135.0
51,Cell,2,2.0,970.0,214.0,-1.0,-5.0,6.0,7.414213562373095,5.0990195135927845,6.0,-90.0
51,Cell,3,3.0,971.0,218.0,0.0,-1.0,4.123105625617661,11.537319187990756,1.0,4.123105625617661,75.96375653207353
51,Cell,4,4.0,971.0,218.0,0.0,-1.0,0.0,11.537319187990756,1.0,0.0,0.0
51,Cell,5,5.0,972.0,216.0,1.0,-3.0,2.23606797749979,13.773387165490545,3.1622776601683795,2.23606797749979,-63.43494882292201
51,Cell,6,6.0,972.0,213.0,1.0,-6.0,3.0,16.773387165490547,6.082762530298219,3.0,-90.0
51,Cell,7,7.0,972.0,208.5,1.0,-10.5,4.5,21.273387165490547,10.547511554864494,4.5,-90.0
51,Cell,8,8.0,971.0,210.0,0.0,-9.0,1.8027756377319946,23.07616280322254,9.0,1.8027756377319946,123.6900675259798
51,Cell,9,9.0,970.0,214.0,-1.0,-5.0,4.123105625617661,27.199268428840202,5.0990195135927845,4.123105625617661,104.0362434679265
51,Cell,10,10.0,976.0,210.0,5.0,-9.0,7.211102550927978,34.41037097976818,10.295630140987,7.211102550927978,-33.690067525979785
51,Cell,11,11.0,977.0,213.0,6.0,-6.0,3.1622776601683795,37.57264863993656,8.48528137423857,3.1622776601683795,71.56505117707799
51,Cell,12,12.0,983.0,213.0,12.0,-6.0,6.0,43.57264863993656,13.416407864998739,6.0,0.0
51,Cell,13,13.0,985.0,211.0,14.0,-8.0,2.8284271247461903,46.40107576468275,16.1245154965971,2.8284271247461903,-45.0
51,Cell,14,14.0,985.0,209.0,14.0,-10.0,2.0,48.40107576468275,17.204650534085253,2.0,-90.0
51,Cell,15,15.0,984.0,208.0,13.0,-11.0,1.4142135623730951,49.815289327055844,17.029386365926403,1.4142135623730951,-135.0
51,Cell,16,16.0,984.0,208.0,13.0,-11.0,0.0,49.815289327055844,17.029386365926403,0.0,0.0
51,Cell,17,17.0,985.0,208.0,14.0,-11.0,1.0,50.815289327055844,17.804493814764857,1.0,0.0
51,Cell,18,18.0,984.0,203.0,13.0,-16.0,5.0990195135927845,55.91430884064863,20.615528128088304,5.0990195135927845,-101.30993247402021
51,Cell,19,19.0,983.0,202.0,12.0,-17.0,1.4142135623730951,57.32852240302172,20.808652046684813,1.4142135623730951,-135.0
51,Cell,20,20.0,982.0,203.0,11.0,-16.0,1.4142135623730951,58.742735965394814,19.4164878389476,1.4142135623730951,135.0
51,Cell,21,21.0,983.0,203.0,12.0,-16.0,1.0,59.742735965394814,20.0,1.0,0.0
51,Cell,22,22.0,984.0,206.0,13.0,-13.0,3.1622776601683795,62.90501362556319,18.384776310850235,3.1622776601683795,71.56505117707799
51,Cell,23,23.0,979.0,214.0,8.0,-5.0,9.433981132056603,72.3389947576198,9.433981132056603,9.433981132056603,122.0053832080835
51,Cell,24,24.0,981.0,213.0,10.0,-6.0,2.23606797749979,74.57506273511959,11.661903789690601,2.23606797749979,-26.56505117707799
51,Cell,25,25.0,983.0,214.0,12.0,-5.0,2.23606797749979,76.81113071261937,13.0,2.23606797749979,26.56505117707799
51,Cell,26,26.0,989.0,213.0,18.0,-6.0,6.082762530298219,82.8938932429176,18.973665961010276,6.082762530298219,-9.462322208025617
51,Cell,27,27.0,988.0,212.0,17.0,-7.0,1.4142135623730951,84.30810680529069,18.384776310850235,1.4142135623730951,-135.0
51,Cell,28,28.0,986.0,215.0,15.0,-4.0,3.605551275463989,87.91365808075469,15.524174696260024,3.605551275463989,123.6900675259798
51,Cell,29,29.0,986.0,215.0,15.0,-4.0,0.0,87.91365808075469,15.524174696260024,0.0,0.0
17,Cell,0,0.0,472.0,623.0,0.0,0.0,0.0,0.0,0.0,0.0,0.0
17,Cell,1,1.0,481.0,620.0,9.0,-3.0,9.486832980505138,9.486832980505138,9.486832980505138,9.486832980505138,-18.43494882292201
17,Cell,2,2.0,481.0,620.0,9.0,-3.0,0.0,9.486832980505138,9.486832980505138,0.0,0.0
17,Cell,3,3.0,485.0,618.0,13.0,-5.0,4.47213595499958,13.958968935504718,13.92838827718412,4.47213595499958,-26.56505117707799
17,Cell,4,4.0,486.0,616.0,14.0,-7.0,2.23606797749979,16.195036913004508,15.652475842498529,2.23606797749979,-63.43494882292201
17,Cell,5,5.0,486.0,615.0,14.0,-8.0,1.0,17.195036913004508,16.1245154965971,1.0,-90.0
17,Cell,6,6.0,488.0,616.0,16.0,-7.0,2.23606797749979,19.431104890504297,17.46424919657298,2.23606797749979,26.56505117707799
17,Cell,7,7.0,490.0,616.0,18.0,-7.0,2.0,21.431104890504297,19.313207915827967,2.0,0.0
17,Cell,8,8.0,494.0,614.0,22.0,-9.0,4.47213595499958,25.903240845503877,23.769728648009426,4.47213595499958,-26.56505117707799
17,Cell,9,9.0,494.0,614.0,22.0,-9.0,0.0,25.903240845503877,23.769728648009426,0.0,0.0
17,Cell,10,10.0,494.0,615.0,22.0,-8.0,1.0,26.903240845503877,23.40939982143925,1.0,90.0
17,Cell,11,11.0,494.0,615.0,22.0,-8.0,0.0,26.903240845503877,23.40939982143925,0.0,0.0
17,Cell,12,12.0,496.0,616.0,24.0,-7.0,2.23606797749979,29.139308823003667,25.0,2.23606797749979,26.56505117707799
17,Cell,13,13.0,497.0,618.0,25.0,-5.0,2.23606797749979,31.375376800503457,25.495097567963924,2.23606797749979,63.43494882292201
17,Cell,14,14.0,497.0,618.0,25.0,-5.0,0.0,31.375376800503457,25.495097567963924,0.0,0.0
17,Cell,15,15.0,498.0,618.0,26.0,-5.0,1.0,32.37537680050346,26.476404589747453,1.0,0.0
17,Cell,16,16.0,502.0,620.0,30.0,-3.0,4.47213595499958,36.84751275550304,30.14962686336267,4.47213595499958,26.56505117707799
17,Cell,17,17.0,502.0,620.0,30.0,-3.0,0.0,36.84751275550304,30.14962686336267,0.0,0.0
17,Cell,18,18.0,510.0,622.0,38.0,-1.0,8.246211251235321,45.09372400673836,38.01315561749642,8.246211251235321,14.036243467926477
17,Cell,19,19.0,510.0,622.0,38.0,-1.0,0.0,45.09372400673836,38.01315561749642,0.0,0.0
17,Cell,20,20.0,512.0,623.0,40.0,0.0,2.23606797749979,47.329791984238156,40.0,2.23606797749979,26.56505117707799
17,Cell,21,21.0,512.0,623.0,40.0,0.0,0.0,47.329791984238156,40.0,0.0,0.0
17,Cell,22,22.0,512.0,623.0,40.0,0.0,0.0,47.329791984238156,40.0,0.0,0.0
17,Cell,23,23.0,509.0,626.0,37.0,3.0,4.242640687119285,51.57243267135744,37.12142238654117,4.242640687119285,135.0
17,Cell,24,24.0,510.0,620.0,38.0,-3.0,6.082762530298219,57.65519520165566,38.118237105091836,6.082762530298219,-80.53767779197439
17,Cell,25,25.0,510.0,620.0,38.0,-3.0,0.0,57.65519520165566,38.118237105091836,0.0,0.0
17,Cell,26,26.0,506.0,620.0,34.0,-3.0,4.0,61.65519520165566,34.132096331752024,4.0,180.0
17,Cell,27,27.0,508.0,621.0,36.0,-2.0,2.23606797749979,63.891263179155445,36.05551275463989,2.23606797749979,26.56505117707799
17,Cell,28,28.0,508.0,621.0,36.0,-2.0,0.0,63.891263179155445,36.05551275463989,0.0,0.0
17,Cell,29,29.0,508.0,621.0,36.0,-2.0,0.0,63.891263179155445,36.05551275463989,0.0,0.0
18,Cell,0,0.0,592.0,621.0,0.0,0.0,0.0,0.0,0.0,0.0,0.0
18,Cell,1,1.0,592.0,618.0,0.0,-3.0,3.0,3.0,3.0,3.0,-90.0
18,Cell,2,2.0,592.0,618.0,0.0,-3.0,0.0,3.0,3.0,0.0,0.0
18,Cell,3,3.0,592.0,618.0,0.0,-3.0,0.0,3.0,3.0,0.0,0.0
18,Cell,4,4.0,591.0,617.0,-1.0,-4.0,1.4142135623730951,4.414213562373095,4.123105625617661,1.4142135623730951,-135.0
18,Cell,5,5.0,591.0,617.0,-1.0,-4.0,0.0,4.414213562373095,4.123105625617661,0.0,0.0
18,Cell,6,6.0,592.0,617.0,0.0,-4.0,1.0,5.414213562373095,4.0,1.0,0.0
18,Cell,7,7.0,592.0,617.0,0.0,-4.0,0.0,5.414213562373095,4.0,0.0,0.0
18,Cell,8,8.0,592.0,617.0,0.0,-4.0,0.0,5.414213562373095,4.0,0.0,0.0
18,Cell,9,9.0,590.0,616.0,-2.0,-5.0,2.23606797749979,7.650281539872885,5.385164807134504,2.23606797749979,-153.43494882292202
18,Cell,10,10.0,592.0,616.0,0.0,-5.0,2.0,9.650281539872886,5.0,2.0,0.0
18,Cell,11,11.0,592.0,617.0,0.0,-4.0,1.0,10.650281539872886,4.0,1.0,90.0
18,Cell,12,12.0,592.0,617.0,0.0,-4.0,0.0,10.650281539872886,4.0,0.0,0.0
18,Cell,13,13.0,592.0,617.0,0.0,-4.0,0.0,10.650281539872886,4.0,0.0,0.0
18,Cell,14,14.0,592.0,617.0,0.0,-4.0,0.0,10.650281539872886,4.0,0.0,0.0
18,Cell,15,15.0,592.0,617.0,0.0,-4.0,0.0,10.650281539872886,4.0,0.0,0.0
18,Cell,16,16.0,592.0,617.0,0.0,-4.0,0.0,10.650281539872886,4.0,0.0,0.0
18,Cell,17,17.0,592.0,616.0,0.0,-5.0,1.0,11.650281539872886,5.0,1.0,-90.0
18,Cell,18,18.0,594.0,614.0,2.0,-7.0,2.8284271247461903,14.478708664619075,7.280109889280518,2.8284271247461903,-45.0
18,Cell,19,19.0,596.0,611.0,4.0,-10.0,3.605551275463989,18.084259940083065,10.770329614269007,3.605551275463989,-56.309932474020215
18,Cell,20,20.0,596.0,610.0,4.0,-11.0,1.0,19.084259940083065,11.704699910719626,1.0,-90.0
18,Cell,21,21.0,596.0,609.0,4.0,-12.0,1.0,20.084259940083065,12.649110640673518,1.0,-90.0
18,Cell,22,22.0,596.0,609.0,4.0,-12.0,0.0,20.084259940083065,12.649110640673518,0.0,0.0
18,Cell,23,23.0,596.0,609.0,4.0,-12.0,0.0,20.084259940083065,12.649110640673518,0.0,0.0
18,Cell,24,24.0,596.0,610.0,4.0,-11.0,1.0,21.084259940083065,11.704699910719626,1.0,90.0
18,Cell,25,25.0,596.0,610.0,4.0,-11.0,0.0,21.084259940083065,11.704699910719626,0.0,0.0
18,Cell,26,26.0,596.0,609.0,4.0,-12.0,1.0,22.084259940083065,12.649110640673518,1.0,-90.0
18,Cell,27,27.0,594.0,608.0,2.0,-13.0,2.23606797749979,24.320327917582855,13.152946437965905,2.23606797749979,-153.43494882292202
18,Cell,28,28.0,594.0,608.0,2.0,-13.0,0.0,24.320327917582855,13.152946437965905,0.0,0.0
18,Cell,29,29.0,595.0,618.0,3.0,-3.0,10.04987562112089,34.37020353870375,4.242640687119285,10.04987562112089,84.28940686250037
3,Cell,0,0.0,236.0,153.0,0.0,0.0,0.0,0.0,0.0,0.0,0.0
3,Cell,1,1.0,226.0,150.0,-10.0,-3.0,10.44030650891055,10.44030650891055,10.44030650891055,10.44030650891055,-163.30075576600638
3,Cell,2,2.0,223.0,149.0,-13.0,-4.0,3.1622776601683795,13.60258416907893,13.601470508735444,3.1622776601683795,-161.56505117707798
3,Cell,3,3.0,223.0,149.0,-13.0,-4.0,0.0,13.60258416907893,13.601470508735444,0.0,0.0
3,Cell,4,4.0,223.0,149.0,-13.0,-4.0,0.0,13.60258416907893,13.601470508735444,0.0,0.0
3,Cell,5,5.0,223.0,149.0,-13.0,-4.0,0.0,13.60258416907893,13.601470508735444,0.0,0.0
3,Cell,6,6.0,219.0,154.0,-17.0,1.0,6.4031242374328485,20.00570840651178,17.029386365926403,6.4031242374328485,128.6598082540901
3,Cell,7,7.0,219.0,154.0,-17.0,1.0,0.0,20.00570840651178,17.029386365926403,0.0,0.0
3,Cell,8,8.0,219.0,154.0,-17.0,1.0,0.0,20.00570840651178,17.029386365926403,0.0,0.0
3,Cell,9,9.0,219.0,154.0,-17.0,1.0,0.0,20.00570840651178,17.029386365926403,0.0,0.0
3,Cell,10,10.0,218.0,149.0,-18.0,-4.0,5.0990195135927845,25.104727920104565,18.439088914585774,5.0990195135927845,-101.30993247402021
3,Cell,11,11.0,217.0,146.0,-19.0,-7.0,3.1622776601683795,28.267005580272944,20.248456731316587,3.1622776601683795,-108.43494882292201
3,Cell,12,12.0,217.0,146.0,-19.0,-7.0,0.0,28.267005580272944,20.248456731316587,0.0,0.0
3,Cell,13,13.0,217.0,146.0,-19.0,-7.0,0.0,28.267005580272944,20.248456731316587,0.0,0.0
3,Cell,14,14.0,217.0,146.0,-19.0,-7.0,0.0,28.267005580272944,20.248456731316587,0.0,0.0
3,Cell,15,15.0,217.0,146.0,-19.0,-7.0,0.0,28.267005580272944,20.248456731316587,0.0,0.0
3,Cell,16,16.0,217.0,146.0,-19.0,-7.0,0.0,28.267005580272944,20.248456731316587,0.0,0.0
3,Cell,17,17.0,214.0,142.0,-22.0,-11.0,5.0,33.267005580272944,24.596747752497688,5.0,-126.86989764584402
3,Cell,18,18.0,214.0,142.0,-22.0,-11.0,0.0,33.267005580272944,24.596747752497688,0.0,0.0
3,Cell,19,19.0,213.0,134.0,-23.0,-19.0,8.06225774829855,41.32926332857149,29.832867780352597,8.06225774829855,-97.12501634890181
3,Cell,20,20.0,214.0,136.0,-22.0,-17.0,2.23606797749979,43.565331306071286,27.80287754891569,2.23606797749979,63.43494882292201
3,Cell,21,21.0,214.0,136.0,-22.0,-17.0,0.0,43.565331306071286,27.80287754891569,0.0,0.0
3,Cell,22,22.0,214.0,136.0,-22.0,-17.0,0.0,43.565331306071286,27.80287754891569,0.0,0.0
3,Cell,23,23.0,214.0,136.0,-22.0,-17.0,0.0,43.565331306071286,27.80287754891569,0.0,0.0
3,Cell,24,24.0,214.0,136.0,-22.0,-17.0,0.0,43.565331306071286,27.80287754891569,0.0,0.0
3,Cell,25,25.0,214.0,136.0,-22.0,-17.0,0.0,43.565331306071286,27.80287754891569,0.0,0.0
3,Cell,26,26.0,211.0,135.0,-25.0,-18.0,3.1622776601683795,46.727608966239664,30.805843601498726,3.1622776601683795,-161.56505117707798
3,Cell,27,27.0,211.0,135.0,-25.0,-18.0,0.0,46.727608966239664,30.805843601498726,0.0,0.0
3,Cell,28,28.0,211.0,135.0,-25.0,-18.0,0.0,46.727608966239664,30.805843601498726,0.0,0.0
3,Cell,29,29.0,207.0,133.0,-29.0,-20.0,4.47213595499958,51.199744921239244,35.22782990761707,4.47213595499958,-153.43494882292202
32,Cell,0,0.0,857.0,384.0,0.0,0.0,0.0,0.0,0.0,0.0,0.0
32,Cell,1,1.0,857.0,384.0,0.0,0.0,0.0,0.0,0.0,0.0,0.0
32,Cell,2,2.0,857.0,384.0,0.0,0.0,0.0,0.0,0.0,0.0,0.0
32,Cell,3,3.0,857.0,384.0,0.0,0.0,0.0,0.0,0.0,0.0,0.0
32,Cell,4,4.0,857.0,384.0,0.0,0.0,0.0,0.0,0.0,0.0,0.0
32,Cell,5,5.0,857.0,384.0,0.0,0.0,0.0,0.0,0.0,0.0,0.0
32,Cell,6,6.0,857.0,384.0,0.0,0.0,0.0,0.0,0.0,0.0,0.0
32,Cell,7,7.0,857.0,384.0,0.0,0.0,0.0,0.0,0.0,0.0,0.0
32,Cell,8,8.0,857.0,384.0,0.0,0.0,0.0,0.0,0.0,0.0,0.0
32,Cell,9,9.0,857.0,384.0,0.0,0.0,0.0,0.0,0.0,0.0,0.0
32,Cell,10,10.0,857.0,384.0,0.0,0.0,0.0,0.0,0.0,0.0,0.0
32,Cell,11,11.0,857.0,384.0,0.0,0.0,0.0,0.0,0.0,0.0,0.0
32,Cell,12,12.0,857.0,384.0,0.0,0.0,0.0,0.0,0.0,0.0,0.0
32,Cell,13,13.0,857.0,384.0,0.0,0.0,0.0,0.0,0.0,0.0,0.0
32,Cell,14,14.0,857.0,384.0,0.0,0.0,0.0,0.0,0.0,0.0,0.0
32,Cell,15,15.0,857.0,384.0,0.0,0.0,0.0,0.0,0.0,0.0,0.0
32,Cell,16,16.0,857.0,384.0,0.0,0.0,0.0,0.0,0.0,0.0,0.0
32,Cell,17,17.0,858.0,381.0,1.0,-3.0,3.1622776601683795,3.1622776601683795,3.1622776601683795,3.1622776601683795,-71.56505117707799
32,Cell,18,18.0,858.0,381.0,1.0,-3.0,0.0,3.1622776601683795,3.1622776601683795,0.0,0.0
32,Cell,19,19.0,867.5,376.0,10.5,-8.0,10.735455276791944,13.897732936960324,13.200378782444085,10.735455276791944,-27.758540601060027
32,Cell,20,20.0,868.0,377.0,11.0,-7.0,1.118033988749895,15.015766925710219,13.038404810405298,1.118033988749895,63.43494882292201
32,Cell,21,21.0,867.0,376.0,10.0,-8.0,1.4142135623730951,16.429980488083313,12.806248474865697,1.4142135623730951,-135.0
32,Cell,22,22.0,867.0,376.0,10.0,-8.0,0.0,16.429980488083313,12.806248474865697,0.0,0.0
32,Cell,23,23.0,862.0,375.0,5.0,-9.0,5.0990195135927845,21.529000001676096,10.295630140987,5.0990195135927845,-168.6900675259798
32,Cell,24,24.0,860.0,375.0,3.0,-9.0,2.0,23.529000001676096,9.486832980505138,2.0,180.0
32,Cell,25,25.0,856.0,381.0,-1.0,-3.0,7.211102550927978,30.740102552604075,3.1622776601683795,7.211102550927978,123.6900675259798
32,Cell,26,26.0,856.0,381.0,-1.0,-3.0,0.0,30.740102552604075,3.1622776601683795,0.0,0.0
32,Cell,27,27.0,856.0,377.0,-1.0,-7.0,4.0,34.74010255260407,7.0710678118654755,4.0,-90.0
32,Cell,28,28.0,856.0,377.0,-1.0,-7.0,0.0,34.74010255260407,7.0710678118654755,0.0,0.0
32,Cell,29,29.0,851.0,372.0,-6.0,-12.0,7.0710678118654755,41.81117036446955,13.416407864998739,7.0710678118654755,-135.0
12,Cell,0,0.0,443.0,514.0,0.0,0.0,0.0,0.0,0.0,0.0,0.0
12,Cell,1,1.0,443.0,513.0,0.0,-1.0,1.0,1.0,1.0,1.0,-90.0
12,Cell,2,2.0,448.0,511.0,5.0,-3.0,5.385164807134504,6.385164807134504,5.830951894845301,5.385164807134504,-21.80140948635181
12,Cell,3,3.0,451.5,508.0,8.5,-6.0,4.6097722286464435,10.994937035780946,10.404326023342406,4.6097722286464435,-40.60129464500447
12,Cell,4,4.0,453.0,506.5,10.0,-7.5,2.1213203435596424,13.116257379340588,12.5,2.1213203435596424,-45.0
12,Cell,5,5.0,453.0,506.0,10.0,-8.0,0.5,13.616257379340588,12.806248474865697,0.5,-90.0
12,Cell,6,6.0,452.0,504.0,9.0,-10.0,2.23606797749979,15.852325356840378,13.45362404707371,2.23606797749979,-116.56505117707799
12,Cell,7,7.0,452.0,504.0,9.0,-10.0,0.0,15.852325356840378,13.45362404707371,0.0,0.0
12,Cell,8,8.0,453.0,502.0,10.0,-12.0,2.23606797749979,18.088393334340168,15.620499351813308,2.23606797749979,-63.43494882292201
12,Cell,9,9.0,454.0,501.0,11.0,-13.0,1.4142135623730951,19.502606896713264,17.029386365926403,1.4142135623730951,-45.0
12,Cell,10,10.0,454.0,501.0,11.0,-13.0,0.0,19.502606896713264,17.029386365926403,0.0,0.0
12,Cell,11,11.0,453.0,503.0,10.0,-11.0,2.23606797749979,21.738674874213054,14.866068747318506,2.23606797749979,116.56505117707799
12,Cell,12,12.0,453.0,501.0,10.0,-13.0,2.0,23.738674874213054,16.401219466856727,2.0,-90.0
12,Cell,13,13.0,454.0,500.0,11.0,-14.0,1.4142135623730951,25.15288843658615,17.804493814764857,1.4142135623730951,-45.0
12,Cell,14,14.0,457.0,500.0,14.0,-14.0,3.0,28.15288843658615,19.79898987322333,3.0,0.0
12,Cell,15,15.0,459.0,498.0,16.0,-16.0,2.8284271247461903,30.98131556133234,22.627416997969522,2.8284271247461903,-45.0
12,Cell,16,16.0,461.0,498.0,18.0,-16.0,2.0,32.98131556133234,24.08318915758459,2.0,0.0
12,Cell,17,17.0,461.0,498.0,18.0,-16.0,0.0,32.98131556133234,24.08318915758459,0.0,0.0
12,Cell,18,18.0,460.0,499.0,17.0,-15.0,1.4142135623730951,34.39552912370543,22.67156809750927,1.4142135623730951,135.0
12,Cell,19,19.0,468.0,503.0,25.0,-11.0,8.94427190999916,43.33980103370459,27.313000567495326,8.94427190999916,26.56505117707799
12,Cell,20,20.0,468.0,503.0,25.0,-11.0,0.0,43.33980103370459,27.313000567495326,0.0,0.0
12,Cell,21,21.0,470.0,502.0,27.0,-12.0,2.23606797749979,45.575869011204375,29.546573405388315,2.23606797749979,-26.56505117707799
12,Cell,22,22.0,470.0,499.0,27.0,-15.0,3.0,48.575869011204375,30.886890422961002,3.0,-90.0
12,Cell,23,23.0,470.0,499.0,27.0,-15.0,0.0,48.575869011204375,30.886890422961002,0.0,0.0
12,Cell,24,24.0,480.0,495.0,37.0,-19.0,10.770329614269007,59.346198625473384,41.593268686170845,10.770329614269007,-21.80140948635181
12,Cell,25,25.0,477.0,500.0,34.0,-14.0,5.830951894845301,65.17715052031869,36.76955262170047,5.830951894845301,120.96375653207352
12,Cell,26,26.0,480.0,505.0,37.0,-9.0,5.830951894845301,71.00810241516399,38.07886552931954,5.830951894845301,59.03624346792648
12,Cell,27,27.0,481.0,506.0,38.0,-8.0,1.4142135623730951,72.42231597753708,38.8329756778952,1.4142135623730951,45.0
12,Cell,28,28.0,484.0,505.0,41.0,-9.0,3.1622776601683795,75.58459363770547,41.97618372363071,3.1622776601683795,-18.43494882292201
12,Cell,29,29.0,485.0,503.0,42.0,-11.0,2.23606797749979,77.82066161520525,43.41658669218482,2.23606797749979,-63.43494882292201
42,Cell,0,0.0,99.0,893.0,0.0,0.0,0.0,0.0,0.0,0.0,0.0
42,Cell,1,1.0,98.0,891.0,-1.0,-2.0,2.23606797749979,2.23606797749979,2.23606797749979,2.23606797749979,-116.56505117707799
42,Cell,2,2.0,97.0,890.0,-2.0,-3.0,1.4142135623730951,3.6502815398728847,3.605551275463989,1.4142135623730951,-135.0
42,Cell,3,3.0,103.0,883.0,4.0,-10.0,9.219544457292887,12.869825997165773,10.770329614269007,9.219544457292887,-49.39870535499554
42,Cell,4,4.0,101.0,884.0,2.0,-9.0,2.23606797749979,15.105893974665562,9.219544457292887,2.23606797749979,153.43494882292202
42,Cell,5,5.0,101.0,884.0,2.0,-9.0,0.0,15.105893974665562,9.219544457292887,0.0,0.0
42,Cell,6,6.0,99.0,888.0,0.0,-5.0,4.47213595499958,19.578029929665142,5.0,4.47213595499958,116.56505117707799
42,Cell,7,7.0,93.0,898.0,-6.0,5.0,11.661903789690601,31.239933719355744,7.810249675906654,11.661903789690601,120.96375653207352
42,Cell,8,8.0,88.0,900.0,-11.0,7.0,5.385164807134504,36.62509852649025,13.038404810405298,5.385164807134504,158.19859051364818
42,Cell,9,9.0,82.0,907.0,-17.0,14.0,9.219544457292887,45.84464298378313,22.02271554554524,9.219544457292887,130.6012946450045
42,Cell,10,10.0,76.0,910.0,-23.0,17.0,6.708203932499369,52.552846916282505,28.600699292150182,6.708203932499369,153.43494882292202
42,Cell,11,11.0,74.0,908.0,-25.0,15.0,2.8284271247461903,55.381274041028696,29.154759474226502,2.8284271247461903,-135.0
42,Cell,12,12.0,72.0,904.0,-27.0,11.0,4.47213595499958,59.853409996028276,29.154759474226502,4.47213595499958,-116.56505117707799
42,Cell,13,13.0,71.0,904.0,-28.0,11.0,1.0,60.853409996028276,30.083217912982647,1.0,180.0
42,Cell,14,14.0,70.0,907.0,-29.0,14.0,3.1622776601683795,64.01568765619666,32.202484376209235,3.1622776601683795,108.43494882292201
42,Cell,15,15.0,70.0,908.0,-29.0,15.0,1.0,65.01568765619666,32.64965543462902,1.0,90.0
42,Cell,16,16.0,69.0,905.0,-30.0,12.0,3.1622776601683795,68.17796531636505,32.31098884280702,3.1622776601683795,-108.43494882292201
42,Cell,17,17.0,70.0,906.0,-29.0,13.0,1.4142135623730951,69.59217887873814,31.78049716414141,1.4142135623730951,45.0
42,Cell,18,18.0,72.0,907.0,-27.0,14.0,2.23606797749979,71.82824685623793,30.4138126514911,2.23606797749979,26.56505117707799
42,Cell,19,19.0,75.0,905.0,-24.0,12.0,3.605551275463989,75.43379813170192,26.832815729997478,3.605551275463989,-33.690067525979785
42,Cell,20,20.0,78.0,901.0,-21.0,8.0,5.0,80.43379813170192,22.47220505424423,5.0,-53.13010235415598
42,Cell,21,21.0,81.0,895.0,-18.0,2.0,6.708203932499369,87.1420020642013,18.110770276274835,6.708203932499369,-63.43494882292201
42,Cell,22,22.0,84.0,891.0,-15.0,-2.0,5.0,92.1420020642013,15.132745950421556,5.0,-53.13010235415598
42,Cell,23,23.0,89.0,885.0,-10.0,-8.0,7.810249675906654,99.95225174010795,12.806248474865697,7.810249675906654,-50.19442890773481
42,Cell,24,24.0,88.0,884.0,-11.0,-9.0,1.4142135623730951,101.36646530248105,14.212670403551895,1.4142135623730951,-135.0
42,Cell,25,25.0,86.0,886.0,-13.0,-7.0,2.8284271247461903,104.19489242722723,14.7648230602334,2.8284271247461903,135.0
42,Cell,26,26.0,85.0,883.0,-14.0,-10.0,3.1622776601683795,107.35717008739562,17.204650534085253,3.1622776601683795,-108.43494882292201
42,Cell,27,27.0,91.0,883.0,-8.0,-10.0,6.0,113.35717008739562,12.806248474865697,6.0,0.0
42,Cell,28,28.0,88.0,883.0,-11.0,-10.0,3.0,116.35717008739562,14.866068747318506,3.0,180.0
42,Cell,29,29.0,90.0,879.0,-9.0,-14.0,4.47213595499958,120.82930604239519,16.64331697709324,4.47213595499958,-63.43494882292201
74,Cell,0,0.0,451.0,921.0,0.0,0.0,0.0,0.0,0.0,0.0,0.0
74,Cell,1,1.0,448.0,918.0,-3.0,-3.0,4.242640687119285,4.242640687119285,4.242640687119285,4.242640687119285,-135.0
74,Cell,2,2.0,443.0,907.0,-8.0,-14.0,12.083045973594572,16.325686660713856,16.1245154965971,12.083045973594572,-114.44395478041653
74,Cell,3,3.0,440.0,897.0,-11.0,-24.0,10.44030650891055,26.76599316962441,26.40075756488817,10.44030650891055,-106.69924423399362
74,Cell,4,4.0,441.0,892.0,-10.0,-29.0,5.0990195135927845,31.865012683217195,30.675723300355934,5.0990195135927845,-78.69006752597979
74,Cell,5,5.0,440.0,892.0,-11.0,-29.0,1.0,32.865012683217195,31.016124838541646,1.0,180.0
74,Cell,6,6.0,440.0,892.0,-11.0,-29.0,0.0,32.865012683217195,31.016124838541646,0.0,0.0
74,Cell,7,7.0,439.0,885.0,-12.0,-36.0,7.0710678118654755,39.93608049508267,37.94733192202055,7.0710678118654755,-98.130102354156
74,Cell,8,8.0,438.0,884.0,-13.0,-37.0,1.4142135623730951,41.35029405745576,39.21734310225516,1.4142135623730951,-135.0
74,Cell,9,9.0,436.0,887.0,-15.0,-34.0,3.605551275463989,44.95584533291975,37.16180835212409,3.605551275463989,123.6900675259798
74,Cell,10,10.0,438.0,890.0,-13.0,-31.0,3.605551275463989,48.56139660838374,33.61547262794322,3.605551275463989,56.309932474020215
74,Cell,11,11.0,438.0,890.0,-13.0,-31.0,0.0,48.56139660838374,33.61547262794322,0.0,0.0
74,Cell,12,12.0,438.0,890.0,-13.0,-31.0,0.0,48.56139660838374,33.61547262794322,0.0,0.0
74,Cell,13,13.0,439.0,890.0,-12.0,-31.0,1.0,49.56139660838374,33.24154027718932,1.0,0.0
74,Cell,14,14.0,439.0,887.0,-12.0,-34.0,3.0,52.56139660838374,36.05551275463989,3.0,-90.0
74,Cell,15,15.0,441.0,886.0,-10.0,-35.0,2.23606797749979,54.79746458588353,36.40054944640259,2.23606797749979,-26.56505117707799
74,Cell,16,16.0,447.0,886.0,-4.0,-35.0,6.0,60.79746458588353,35.22782990761707,6.0,0.0
74,Cell,17,17.0,448.0,889.0,-3.0,-32.0,3.1622776601683795,63.95974224605191,32.14031735997639,3.1622776601683795,71.56505117707799
74,Cell,18,18.0,448.0,889.0,-3.0,-32.0,0.0,63.95974224605191,32.14031735997639,0.0,0.0
74,Cell,19,19.0,448.0,889.0,-3.0,-32.0,0.0,63.95974224605191,32.14031735997639,0.0,0.0
74,Cell,20,20.0,448.0,889.0,-3.0,-32.0,0.0,63.95974224605191,32.14031735997639,0.0,0.0
74,Cell,21,21.0,449.0,891.0,-2.0,-30.0,2.23606797749979,66.1958102235517,30.066592756745816,2.23606797749979,63.43494882292201
74,Cell,22,22.0,449.0,891.5,-2.0,-29.5,0.5,66.6958102235517,29.567718883945037,0.5,90.0
74,Cell,23,23.0,448.0,892.0,-3.0,-29.0,1.118033988749895,67.8138442123016,29.154759474226502,1.118033988749895,153.43494882292202
74,Cell,24,24.0,448.0,891.0,-3.0,-30.0,1.0,68.8138442123016,30.14962686336267,1.0,-90.0
74,Cell,25,25.0,448.0,891.0,-3.0,-30.0,0.0,68.8138442123016,30.14962686336267,0.0,0.0
74,Cell,26,26.0,448.0,891.0,-3.0,-30.0,0.0,68.8138442123016,30.14962686336267,0.0,0.0
74,Cell,27,27.0,447.0,891.0,-4.0,-30.0,1.0,69.8138442123016,30.265491900843113,1.0,180.0
74,Cell,28,28.0,447.0,890.0,-4.0,-31.0,1.0,70.8138442123016,31.25699921617557,1.0,-90.0
74,Cell,29,29.0,449.0,888.0,-2.0,-33.0,2.8284271247461903,73.64227133704779,33.06055050963308,2.8284271247461903,-45.0
30,Cell,0,0.0,874.0,252.0,0.0,0.0,0.0,0.0,0.0,0.0,0.0
30,Cell,1,1.0,872.0,248.0,-2.0,-4.0,4.47213595499958,4.47213595499958,4.47213595499958,4.47213595499958,-116.56505117707799
30,Cell,2,2.0,870.0,247.0,-4.0,-5.0,2.23606797749979,6.708203932499369,6.4031242374328485,2.23606797749979,-153.43494882292202
30,Cell,3,3.0,870.0,247.0,-4.0,-5.0,0.0,6.708203932499369,6.4031242374328485,0.0,0.0
30,Cell,4,4.0,870.0,247.0,-4.0,-5.0,0.0,6.708203932499369,6.4031242374328485,0.0,0.0
30,Cell,5,5.0,870.0,248.0,-4.0,-4.0,1.0,7.708203932499369,5.656854249492381,1.0,90.0
30,Cell,6,6.0,868.0,253.0,-6.0,1.0,5.385164807134504,13.093368739633874,6.082762530298219,5.385164807134504,111.80140948635182
30,Cell,7,7.0,874.0,241.0,0.0,-11.0,13.416407864998739,26.509776604632613,11.0,13.416407864998739,-63.43494882292201
30,Cell,8,8.0,871.0,244.0,-3.0,-8.0,4.242640687119285,30.752417291751897,8.54400374531753,4.242640687119285,135.0
30,Cell,9,9.0,871.0,244.0,-3.0,-8.0,0.0,30.752417291751897,8.54400374531753,0.0,0.0
30,Cell,10,10.0,871.0,245.0,-3.0,-7.0,1.0,31.752417291751897,7.615773105863909,1.0,90.0
30,Cell,11,11.0,871.0,245.0,-3.0,-7.0,0.0,31.752417291751897,7.615773105863909,0.0,0.0
30,Cell,12,12.0,871.0,245.0,-3.0,-7.0,0.0,31.752417291751897,7.615773105863909,0.0,0.0
30,Cell,13,13.0,871.0,245.0,-3.0,-7.0,0.0,31.752417291751897,7.615773105863909,0.0,0.0
30,Cell,14,14.0,871.0,245.0,-3.0,-7.0,0.0,31.752417291751897,7.615773105863909,0.0,0.0
30,Cell,15,15.0,871.0,242.0,-3.0,-10.0,3.0,34.7524172917519,10.44030650891055,3.0,-90.0
30,Cell,16,16.0,871.0,242.0,-3.0,-10.0,0.0,34.7524172917519,10.44030650891055,0.0,0.0
30,Cell,17,17.0,871.0,242.0,-3.0,-10.0,0.0,34.7524172917519,10.44030650891055,0.0,0.0
30,Cell,18,18.0,871.0,242.0,-3.0,-10.0,0.0,34.7524172917519,10.44030650891055,0.0,0.0
30,Cell,19,19.0,871.0,242.0,-3.0,-10.0,0.0,34.7524172917519,10.44030650891055,0.0,0.0
30,Cell,20,20.0,874.0,245.0,0.0,-7.0,4.242640687119285,38.99505797887118,7.0,4.242640687119285,45.0
30,Cell,21,21.0,876.0,241.0,2.0,-11.0,4.47213595499958,43.46719393387076,11.180339887498949,4.47213595499958,-63.43494882292201
30,Cell,22,22.0,876.0,242.0,2.0,-10.0,1.0,44.46719393387076,10.198039027185569,1.0,90.0
30,Cell,23,23.0,876.0,243.0,2.0,-9.0,1.0,45.46719393387076,9.219544457292887,1.0,90.0
30,Cell,24,24.0,875.0,246.0,1.0,-6.0,3.1622776601683795,48.62947159403914,6.082762530298219,3.1622776601683795,108.43494882292201
30,Cell,25,25.0,872.0,245.0,-2.0,-7.0,3.1622776601683795,51.79174925420752,7.280109889280518,3.1622776601683795,-161.56505117707798
30,Cell,26,26.0,870.0,248.0,-4.0,-4.0,3.605551275463989,55.397300529671504,5.656854249492381,3.605551275463989,123.6900675259798
30,Cell,27,27.0,870.0,248.0,-4.0,-4.0,0.0,55.397300529671504,5.656854249492381,0.0,0.0
30,Cell,28,28.0,872.0,249.0,-2.0,-3.0,2.23606797749979,57.6333685071713,3.605551275463989,2.23606797749979,26.56505117707799
30,Cell,29,29.0,872.0,249.0,-2.0,-3.0,0.0,57.6333685071713,3.605551275463989,0.0,0.0
61,Cell,0,0.0,768.0,730.0,0.0,0.0,0.0,0.0,0.0,0.0,0.0
61,Cell,1,1.0,766.0,729.0,-2.0,-1.0,2.23606797749979,2.23606797749979,2.23606797749979,2.23606797749979,-153.43494882292202
61,Cell,2,2.0,767.0,725.0,-1.0,-5.0,4.123105625617661,6.35917360311745,5.0990195135927845,4.123105625617661,-75.96375653207353
61,Cell,3,3.0,767.0,725.0,-1.0,-5.0,0.0,6.35917360311745,5.0990195135927845,0.0,0.0
61,Cell,4,4.0,767.0,728.0,-1.0,-2.0,3.0,9.359173603117451,2.23606797749979,3.0,90.0
61,Cell,5,5.0,767.0,728.0,-1.0,-2.0,0.0,9.359173603117451,2.23606797749979,0.0,0.0
61,Cell,6,6.0,766.0,729.0,-2.0,-1.0,1.4142135623730951,10.773387165490547,2.23606797749979,1.4142135623730951,135.0
61,Cell,7,7.0,766.0,729.0,-2.0,-1.0,0.0,10.773387165490547,2.23606797749979,0.0,0.0
61,Cell,8,8.0,765.0,727.0,-3.0,-3.0,2.23606797749979,13.009455142990337,4.242640687119285,2.23606797749979,-116.56505117707799
61,Cell,9,9.0,765.0,727.0,-3.0,-3.0,0.0,13.009455142990337,4.242640687119285,0.0,0.0
61,Cell,10,10.0,765.0,727.0,-3.0,-3.0,0.0,13.009455142990337,4.242640687119285,0.0,0.0
61,Cell,11,11.0,766.0,726.0,-2.0,-4.0,1.4142135623730951,14.423668705363433,4.47213595499958,1.4142135623730951,-45.0
61,Cell,12,12.0,765.0,727.0,-3.0,-3.0,1.4142135623730951,15.837882267736529,4.242640687119285,1.4142135623730951,135.0
61,Cell,13,13.0,764.0,727.0,-4.0,-3.0,1.0,16.83788226773653,5.0,1.0,180.0
61,Cell,14,14.0,764.0,727.0,-4.0,-3.0,0.0,16.83788226773653,5.0,0.0,0.0
61,Cell,15,15.0,764.0,727.0,-4.0,-3.0,0.0,16.83788226773653,5.0,0.0,0.0
61,Cell,16,16.0,765.0,728.0,-3.0,-2.0,1.4142135623730951,18.252095830109624,3.605551275463989,1.4142135623730951,45.0
61,Cell,17,17.0,765.0,728.0,-3.0,-2.0,0.0,18.252095830109624,3.605551275463989,0.0,0.0
61,Cell,18,18.0,765.0,727.0,-3.0,-3.0,1.0,19.252095830109624,4.242640687119285,1.0,-90.0
61,Cell,19,19.0,764.0,726.0,-4.0,-4.0,1.4142135623730951,20.66630939248272,5.656854249492381,1.4142135623730951,-135.0
61,Cell,20,20.0,765.0,726.0,-3.0,-4.0,1.0,21.66630939248272,5.0,1.0,0.0
61,Cell,21,21.0,765.0,726.0,-3.0,-4.0,0.0,21.66630939248272,5.0,0.0,0.0
61,Cell,22,22.0,766.0,730.0,-2.0,0.0,4.123105625617661,25.78941501810038,2.0,4.123105625617661,75.96375653207353
61,Cell,23,23.0,767.0,730.0,-1.0,0.0,1.0,26.78941501810038,1.0,1.0,0.0
61,Cell,24,24.0,766.0,715.0,-2.0,-15.0,15.033296378372908,41.82271139647329,15.132745950421556,15.033296378372908,-93.81407483429035
61,Cell,25,25.0,778.0,706.0,10.0,-24.0,15.0,56.82271139647329,26.0,15.0,-36.86989764584402
61,Cell,26,26.0,770.0,720.0,2.0,-10.0,16.1245154965971,72.9472268930704,10.198039027185569,16.1245154965971,119.74488129694224
61,Cell,27,27.0,767.0,730.0,-1.0,0.0,10.44030650891055,83.38753340198095,1.0,10.44030650891055,106.69924423399362
61,Cell,28,28.0,767.0,724.0,-1.0,-6.0,6.0,89.38753340198095,6.082762530298219,6.0,-90.0
61,Cell,29,29.0,766.0,725.0,-2.0,-5.0,1.4142135623730951,90.80174696435404,5.385164807134504,1.4142135623730951,135.0
33,Cell,0,0.0,942.0,378.0,0.0,0.0,0.0,0.0,0.0,0.0,0.0
33,Cell,1,1.0,942.0,378.0,0.0,0.0,0.0,0.0,0.0,0.0,0.0
33,Cell,2,2.0,942.0,378.0,0.0,0.0,0.0,0.0,0.0,0.0,0.0
33,Cell,3,3.0,942.0,378.0,0.0,0.0,0.0,0.0,0.0,0.0,0.0
33,Cell,4,4.0,942.0,378.0,0.0,0.0,0.0,0.0,0.0,0.0,0.0
33,Cell,5,5.0,942.0,378.0,0.0,0.0,0.0,0.0,0.0,0.0,0.0
33,Cell,6,6.0,942.0,378.0,0.0,0.0,0.0,0.0,0.0,0.0,0.0
33,Cell,7,7.0,946.5,381.0,4.5,3.0,5.408326913195984,5.408326913195984,5.408326913195984,5.408326913195984,33.690067525979785
33,Cell,8,8.0,947.0,381.0,5.0,3.0,0.5,5.908326913195984,5.830951894845301,0.5,0.0
33,Cell,9,9.0,947.0,381.0,5.0,3.0,0.0,5.908326913195984,5.830951894845301,0.0,0.0
33,Cell,10,10.0,947.0,381.0,5.0,3.0,0.0,5.908326913195984,5.830951894845301,0.0,0.0
33,Cell,11,11.0,946.0,388.0,4.0,10.0,7.0710678118654755,12.97939472506146,10.770329614269007,7.0710678118654755,98.130102354156
33,Cell,12,12.0,946.0,389.0,4.0,11.0,1.0,13.97939472506146,11.704699910719626,1.0,90.0
33,Cell,13,13.0,946.0,386.0,4.0,8.0,3.0,16.97939472506146,8.94427190999916,3.0,-90.0
33,Cell,14,14.0,946.0,386.0,4.0,8.0,0.0,16.97939472506146,8.94427190999916,0.0,0.0
33,Cell,15,15.0,946.0,385.0,4.0,7.0,1.0,17.97939472506146,8.06225774829855,1.0,-90.0
33,Cell,16,16.0,946.0,385.0,4.0,7.0,0.0,17.97939472506146,8.06225774829855,0.0,0.0
33,Cell,17,17.0,935.0,358.0,-7.0,-20.0,29.154759474226502,47.13415419928796,21.18962010041709,29.154759474226502,-112.16634582208246
33,Cell,18,18.0,935.0,358.0,-7.0,-20.0,0.0,47.13415419928796,21.18962010041709,0.0,0.0
33,Cell,19,19.0,935.0,357.0,-7.0,-21.0,1.0,48.13415419928796,22.135943621178654,1.0,-90.0
33,Cell,20,20.0,934.0,358.0,-8.0,-20.0,1.4142135623730951,49.548367761661055,21.540659228538015,1.4142135623730951,135.0
33,Cell,21,21.0,934.0,359.0,-8.0,-19.0,1.0,50.548367761661055,20.615528128088304,1.0,90.0
33,Cell,22,22.0,934.0,359.0,-8.0,-19.0,0.0,50.548367761661055,20.615528128088304,0.0,0.0
33,Cell,23,23.0,934.0,359.0,-8.0,-19.0,0.0,50.548367761661055,20.615528128088304,0.0,0.0
33,Cell,24,24.0,934.0,359.0,-8.0,-19.0,0.0,50.548367761661055,20.615528128088304,0.0,0.0
33,Cell,25,25.0,934.0,359.0,-8.0,-19.0,0.0,50.548367761661055,20.615528128088304,0.0,0.0
33,Cell,26,26.0,924.0,351.0,-18.0,-27.0,12.806248474865697,63.35461623652675,32.449961479175904,12.806248474865697,-141.34019174590992
33,Cell,27,27.0,924.0,351.0,-18.0,-27.0,0.0,63.35461623652675,32.449961479175904,0.0,0.0
33,Cell,28,28.0,924.0,351.0,-18.0,-27.0,0.0,63.35461623652675,32.449961479175904,0.0,0.0
33,Cell,29,29.0,921.0,346.0,-21.0,-32.0,5.830951894845301,69.18556813137205,38.27531841800928,5.830951894845301,-120.96375653207352
15,Cell,0,0.0,718.0,414.0,0.0,0.0,0.0,0.0,0.0,0.0,0.0
15,Cell,1,1.0,717.0,410.0,-1.0,-4.0,4.123105625617661,4.123105625617661,4.123105625617661,4.123105625617661,-104.0362434679265
15,Cell,2,2.0,712.0,399.0,-6.0,-15.0,12.083045973594572,16.206151599212234,16.15549442140351,12.083045973594572,-114.44395478041653
15,Cell,3,3.0,710.0,392.0,-8.0,-22.0,7.280109889280518,23.48626148849275,23.40939982143925,7.280109889280518,-105.94539590092285
15,Cell,4,4.0,715.0,385.0,-3.0,-29.0,8.602325267042627,32.088586755535374,29.154759474226502,8.602325267042627,-54.46232220802562
15,Cell,5,5.0,718.0,376.0,0.0,-38.0,9.486832980505138,41.575419736040516,38.0,9.486832980505138,-71.56505117707799
15,Cell,6,6.0,717.0,361.0,-1.0,-53.0,15.033296378372908,56.608716114413426,53.009433122794285,15.033296378372908,-93.81407483429035
15,Cell,7,7.0,717.0,347.0,-1.0,-67.0,14.0,70.60871611441343,67.00746227100382,14.0,-90.0
15,Cell,8,8.0,715.0,336.0,-3.0,-78.0,11.180339887498949,81.78905600191237,78.05767098754612,11.180339887498949,-100.30484646876603
15,Cell,9,9.0,713.0,330.0,-5.0,-84.0,6.324555320336759,88.11361132224913,84.1486779456457,6.324555320336759,-108.43494882292201
15,Cell,10,10.0,693.0,300.0,-25.0,-114.0,36.05551275463989,124.16912407688902,116.70903992407786,36.05551275463989,-123.6900675259798
15,Cell,11,11.0,667.0,295.0,-51.0,-119.0,26.476404589747453,150.64552866663647,129.46814279968643,26.476404589747453,-169.11447294534125
15,Cell,12,12.0,644.0,291.0,-74.0,-123.0,23.345235059857504,173.99076372649398,143.54441821262157,23.345235059857504,-170.13419305691565
15,Cell,13,13.0,630.0,295.0,-88.0,-119.0,14.560219778561036,188.55098350505503,148.00337833982033,14.560219778561036,164.05460409907712
15,Cell,14,14.0,628.0,289.0,-90.0,-125.0,6.324555320336759,194.8755388253918,154.02921800749363,6.324555320336759,-108.43494882292201
15,Cell,15,15.0,637.0,259.0,-81.0,-155.0,31.32091952673165,226.19645835212344,174.88853593074649,31.32091952673165,-73.30075576600638
15,Cell,16,16.0,640.0,252.0,-78.0,-162.0,7.615773105863909,233.81223145798737,179.79988876526036,7.615773105863909,-66.80140948635182
15,Cell,17,17.0,641.0,241.0,-77.0,-173.0,11.045361017187261,244.8575924751746,189.3620870184948,11.045361017187261,-84.8055710922652
15,Cell,18,18.0,635.0,219.0,-83.0,-195.0,22.80350850198276,267.6611009771574,211.92923347193044,22.80350850198276,-105.25511870305778
15,Cell,19,19.0,609.0,208.0,-109.0,-206.0,28.231188426986208,295.8922894041436,233.0600780914655,28.231188426986208,-157.06789956241022
15,Cell,20,20.0,606.0,196.0,-112.0,-218.0,12.36931687685298,308.26160628099655,245.08773939142694,12.36931687685298,-104.0362434679265
15,Cell,21,21.0,594.0,188.0,-124.0,-226.0,14.422205101855956,322.6838113828525,257.78285435614214,14.422205101855956,-146.30993247402023
15,Cell,22,22.0,593.0,190.0,-125.0,-224.0,2.23606797749979,324.9198793603523,256.51705596314645,2.23606797749979,116.56505117707799
15,Cell,23,23.0,593.0,189.0,-125.0,-225.0,1.0,325.9198793603523,257.390753524675,1.0,-90.0
15,Cell,24,24.0,593.0,200.0,-125.0,-214.0,11.0,336.9198793603523,247.83260479605988,11.0,90.0
15,Cell,25,25.0,585.0,211.0,-133.0,-203.0,13.601470508735444,350.5213498690877,242.68910152703603,13.601470508735444,126.02737338510362
15,Cell,26,26.0,578.0,237.0,-140.0,-177.0,26.92582403567252,377.44717390476023,225.67454442182884,26.92582403567252,105.06848815949222
15,Cell,27,27.0,595.0,275.0,-123.0,-139.0,41.6293165929973,419.0764904977575,185.60711193270586,41.6293165929973,65.89776549883887
15,Cell,28,28.0,600.0,301.0,-118.0,-113.0,26.476404589747453,445.55289508750496,163.3799253274404,26.476404589747453,79.11447294534128
15,Cell,29,29.0,605.0,313.0,-113.0,-101.0,13.0,458.55289508750496,151.5585695366646,13.0,67.38013505195957
48,Cell,0,0.0,56.0,39.0,0.0,0.0,0.0,0.0,0.0,0.0,0.0
48,Cell,1,1.0,54.0,40.0,-2.0,1.0,2.23606797749979,2.23606797749979,2.23606797749979,2.23606797749979,153.43494882292202
48,Cell,2,2.0,54.0,40.0,-2.0,1.0,0.0,2.23606797749979,2.23606797749979,0.0,0.0
48,Cell,3,3.0,56.0,35.0,0.0,-4.0,5.385164807134504,7.6212327846342935,4.0,5.385164807134504,-68.19859051364818
48,Cell,4,4.0,57.0,36.0,1.0,-3.0,1.4142135623730951,9.035446347007388,3.1622776601683795,1.4142135623730951,45.0
48,Cell,5,5.0,56.0,35.0,0.0,-4.0,1.4142135623730951,10.449659909380484,4.0,1.4142135623730951,-135.0
48,Cell,6,6.0,55.0,34.0,-1.0,-5.0,1.4142135623730951,11.86387347175358,5.0990195135927845,1.4142135623730951,-135.0
48,Cell,7,7.0,55.0,37.0,-1.0,-2.0,3.0,14.86387347175358,2.23606797749979,3.0,90.0
48,Cell,8,8.0,55.0,34.0,-1.0,-5.0,3.0,17.86387347175358,5.0990195135927845,3.0,-90.0
48,Cell,9,9.0,55.0,34.0,-1.0,-5.0,0.0,17.86387347175358,5.0990195135927845,0.0,0.0
48,Cell,10,10.0,55.0,29.0,-1.0,-10.0,5.0,22.86387347175358,10.04987562112089,5.0,-90.0
48,Cell,11,11.0,54.0,34.0,-2.0,-5.0,5.0990195135927845,27.962892985346365,5.385164807134504,5.0990195135927845,101.30993247402021
48,Cell,12,12.0,54.0,34.0,-2.0,-5.0,0.0,27.962892985346365,5.385164807134504,0.0,0.0
48,Cell,13,13.0,54.0,34.0,-2.0,-5.0,0.0,27.962892985346365,5.385164807134504,0.0,0.0
48,Cell,14,14.0,55.0,30.0,-1.0,-9.0,4.123105625617661,32.085998610964026,9.055385138137417,4.123105625617661,-75.96375653207353
48,Cell,15,15.0,56.0,29.0,0.0,-10.0,1.4142135623730951,33.50021217333712,10.0,1.4142135623730951,-45.0
48,Cell,16,16.0,57.0,29.0,1.0,-10.0,1.0,34.50021217333712,10.04987562112089,1.0,0.0
48,Cell,17,17.0,58.0,29.0,2.0,-10.0,1.0,35.50021217333712,10.198039027185569,1.0,0.0
48,Cell,18,18.0,59.5,29.0,3.5,-10.0,1.5,37.00021217333712,10.594810050208546,1.5,0.0
48,Cell,19,19.0,63.0,27.0,7.0,-12.0,4.031128874149275,41.03134104748639,13.892443989449804,4.031128874149275,-29.744881296942225
48,Cell,20,20.0,64.0,24.0,8.0,-15.0,3.1622776601683795,44.19361870765477,17.0,3.1622776601683795,-71.56505117707799
48,Cell,21,21.0,71.0,17.0,15.0,-22.0,9.899494936611665,54.09311364426644,26.627053911388696,9.899494936611665,-45.0
48,Cell,22,22.0,74.0,15.0,18.0,-24.0,3.605551275463989,57.698664919730426,30.0,3.605551275463989,-33.690067525979785
48,Cell,23,23.0,71.0,13.0,15.0,-26.0,3.605551275463989,61.304216195194414,30.01666203960727,3.605551275463989,-146.30993247402023
48,Cell,24,24.0,69.0,16.0,13.0,-23.0,3.605551275463989,64.90976747065841,26.419689627245813,3.605551275463989,123.6900675259798
48,Cell,25,25.0,71.0,17.0,15.0,-22.0,2.23606797749979,67.1458354481582,26.627053911388696,2.23606797749979,26.56505117707799
37,Cell,0,0.0,194.0,780.0,0.0,0.0,0.0,0.0,0.0,0.0,0.0
37,Cell,1,1.0,196.0,777.0,2.0,-3.0,3.605551275463989,3.605551275463989,3.605551275463989,3.605551275463989,-56.309932474020215
37,Cell,2,2.0,189.0,771.0,-5.0,-9.0,9.219544457292887,12.825095732756877,10.295630140987,9.219544457292887,-139.3987053549955
37,Cell,3,3.0,193.0,771.0,-1.0,-9.0,4.0,16.82509573275688,9.055385138137417,4.0,0.0
37,Cell,4,4.0,193.0,770.0,-1.0,-10.0,1.0,17.82509573275688,10.04987562112089,1.0,-90.0
37,Cell,5,5.0,193.0,770.0,-1.0,-10.0,0.0,17.82509573275688,10.04987562112089,0.0,0.0
37,Cell,6,6.0,193.0,770.0,-1.0,-10.0,0.0,17.82509573275688,10.04987562112089,0.0,0.0
37,Cell,7,7.0,193.0,770.0,-1.0,-10.0,0.0,17.82509573275688,10.04987562112089,0.0,0.0
37,Cell,8,8.0,193.0,770.0,-1.0,-10.0,0.0,17.82509573275688,10.04987562112089,0.0,0.0
37,Cell,9,9.0,193.0,770.0,-1.0,-10.0,0.0,17.82509573275688,10.04987562112089,0.0,0.0
37,Cell,10,10.0,196.0,767.0,2.0,-13.0,4.242640687119285,22.067736419876162,13.152946437965905,4.242640687119285,-45.0
37,Cell,11,11.0,199.0,766.0,5.0,-14.0,3.1622776601683795,25.23001408004454,14.866068747318506,3.1622776601683795,-18.43494882292201
37,Cell,12,12.0,199.0,766.0,5.0,-14.0,0.0,25.23001408004454,14.866068747318506,0.0,0.0
37,Cell,13,13.0,199.0,766.0,5.0,-14.0,0.0,25.23001408004454,14.866068747318506,0.0,0.0
37,Cell,14,14.0,199.0,766.0,5.0,-14.0,0.0,25.23001408004454,14.866068747318506,0.0,0.0
37,Cell,15,15.0,201.0,765.0,7.0,-15.0,2.23606797749979,27.46608205754433,16.55294535724685,2.23606797749979,-26.56505117707799
37,Cell,16,16.0,203.0,764.0,9.0,-16.0,2.23606797749979,29.70215003504412,18.35755975068582,2.23606797749979,-26.56505117707799
37,Cell,17,17.0,204.0,763.0,10.0,-17.0,1.4142135623730951,31.116363597417216,19.72308292331602,1.4142135623730951,-45.0
37,Cell,18,18.0,205.0,762.0,11.0,-18.0,1.4142135623730951,32.53057715979031,21.095023109728988,1.4142135623730951,-45.0
37,Cell,19,19.0,206.0,762.0,12.0,-18.0,1.0,33.53057715979031,21.633307652783937,1.0,0.0
37,Cell,20,20.0,206.0,764.0,12.0,-16.0,2.0,35.53057715979031,20.0,2.0,90.0
37,Cell,21,21.0,206.0,764.0,12.0,-16.0,0.0,35.53057715979031,20.0,0.0,0.0
37,Cell,22,22.0,200.0,791.0,6.0,11.0,27.65863337187866,63.18921053166898,12.529964086141668,27.65863337187866,102.52880770915151
37,Cell,23,23.0,200.0,796.0,6.0,16.0,5.0,68.18921053166898,17.08800749063506,5.0,90.0
37,Cell,24,24.0,198.0,801.0,4.0,21.0,5.385164807134504,73.57437533880348,21.37755832643195,5.385164807134504,111.80140948635182
37,Cell,25,25.0,195.0,806.0,1.0,26.0,5.830951894845301,79.40532723364878,26.019223662515376,5.830951894845301,120.96375653207352
20,Cell,0,0.0,798.0,610.0,0.0,0.0,0.0,0.0,0.0,0.0,0.0
20,Cell,1,1.0,798.0,610.0,0.0,0.0,0.0,0.0,0.0,0.0,0.0
20,Cell,2,2.0,793.0,600.5,-5.0,-9.5,10.735455276791944,10.735455276791944,10.735455276791944,10.735455276791944,-117.75854060106005
20,Cell,3,3.0,791.0,601.0,-7.0,-9.0,2.0615528128088303,12.797008089600775,11.40175425099138,2.0615528128088303,165.96375653207352
20,Cell,4,4.0,791.0,601.0,-7.0,-9.0,0.0,12.797008089600775,11.40175425099138,0.0,0.0
20,Cell,5,5.0,790.0,601.0,-8.0,-9.0,1.0,13.797008089600775,12.041594578792296,1.0,180.0
20,Cell,6,6.0,790.0,599.0,-8.0,-11.0,2.0,15.797008089600775,13.601470508735444,2.0,-90.0
20,Cell,7,7.0,790.0,599.0,-8.0,-11.0,0.0,15.797008089600775,13.601470508735444,0.0,0.0
20,Cell,8,8.0,790.0,599.0,-8.0,-11.0,0.0,15.797008089600775,13.601470508735444,0.0,0.0
20,Cell,9,9.0,791.0,595.0,-7.0,-15.0,4.123105625617661,19.920113715218434,16.55294535724685,4.123105625617661,-75.96375653207353
20,Cell,10,10.0,791.0,595.0,-7.0,-15.0,0.0,19.920113715218434,16.55294535724685,0.0,0.0
20,Cell,11,11.0,791.0,595.0,-7.0,-15.0,0.0,19.920113715218434,16.55294535724685,0.0,0.0
20,Cell,12,12.0,791.0,595.0,-7.0,-15.0,0.0,19.920113715218434,16.55294535724685,0.0,0.0
20,Cell,13,13.0,791.0,595.0,-7.0,-15.0,0.0,19.920113715218434,16.55294535724685,0.0,0.0
20,Cell,14,14.0,791.0,595.0,-7.0,-15.0,0.0,19.920113715218434,16.55294535724685,0.0,0.0
20,Cell,15,15.0,791.0,594.0,-7.0,-16.0,1.0,20.920113715218434,17.46424919657298,1.0,-90.0
20,Cell,16,16.0,790.0,592.0,-8.0,-18.0,2.23606797749979,23.156181692718224,19.697715603592208,2.23606797749979,-116.56505117707799
20,Cell,17,17.0,790.0,592.0,-8.0,-18.0,0.0,23.156181692718224,19.697715603592208,0.0,0.0
20,Cell,18,18.0,790.0,592.0,-8.0,-18.0,0.0,23.156181692718224,19.697715603592208,0.0,0.0
20,Cell,19,19.0,790.0,591.0,-8.0,-19.0,1.0,24.156181692718224,20.615528128088304,1.0,-90.0
20,Cell,20,20.0,790.0,591.0,-8.0,-19.0,0.0,24.156181692718224,20.615528128088304,0.0,0.0
20,Cell,21,21.0,790.0,591.0,-8.0,-19.0,0.0,24.156181692718224,20.615528128088304,0.0,0.0
20,Cell,22,22.0,779.0,582.0,-19.0,-28.0,14.212670403551895,38.36885209627012,33.83784863137726,14.212670403551895,-140.71059313749964
20,Cell,23,23.0,774.0,590.0,-24.0,-20.0,9.433981132056603,47.80283322832672,31.240998703626616,9.433981132056603,122.0053832080835
79,Cell,0,0.0,32.0,826.0,0.0,0.0,0.0,0.0,0.0,0.0,0.0
79,Cell,1,1.0,43.0,818.0,11.0,-8.0,13.601470508735444,13.601470508735444,13.601470508735444,13.601470508735444,-36.02737338510361
79,Cell,2,2.0,53.0,810.0,21.0,-16.0,12.806248474865697,26.407718983601143,26.40075756488817,12.806248474865697,-38.65980825409009
79,Cell,3,3.0,69.0,804.0,37.0,-22.0,17.08800749063506,43.49572647423621,43.04648650006177,17.08800749063506,-20.556045219583464
79,Cell,4,4.0,74.0,802.0,42.0,-24.0,5.385164807134504,48.88089128137071,48.373546489791295,5.385164807134504,-21.80140948635181
79,Cell,5,5.0,75.0,801.0,43.0,-25.0,1.4142135623730951,50.2951048437438,49.73932046178355,1.4142135623730951,-45.0
79,Cell,6,6.0,74.0,802.0,42.0,-24.0,1.4142135623730951,51.70931840611689,48.373546489791295,1.4142135623730951,135.0
79,Cell,7,7.0,74.0,801.0,42.0,-25.0,1.0,52.70931840611689,48.877397639399746,1.0,-90.0
79,Cell,8,8.0,74.0,801.0,42.0,-25.0,0.0,52.70931840611689,48.877397639399746,0.0,0.0
79,Cell,9,9.0,74.0,801.0,42.0,-25.0,0.0,52.70931840611689,48.877397639399746,0.0,0.0
79,Cell,10,10.0,73.0,800.0,41.0,-26.0,1.4142135623730951,54.123531968489985,48.54894437575342,1.4142135623730951,-135.0
79,Cell,11,11.0,66.0,801.0,34.0,-25.0,7.0710678118654755,61.19459978035546,42.20189569201838,7.0710678118654755,171.86989764584402
79,Cell,12,12.0,66.0,804.0,34.0,-22.0,3.0,64.19459978035546,40.496913462633174,3.0,90.0
79,Cell,13,13.0,72.0,795.0,40.0,-31.0,10.816653826391969,75.01125360674743,50.60632371551998,10.816653826391969,-56.309932474020215
79,Cell,14,14.0,67.0,805.0,35.0,-21.0,11.180339887498949,86.19159349424638,40.8166632639171,11.180339887498949,116.56505117707799
79,Cell,15,15.0,75.0,797.0,43.0,-29.0,11.313708498984761,97.50530199323114,51.86520991955976,11.313708498984761,-45.0
79,Cell,16,16.0,71.0,800.0,39.0,-26.0,5.0,102.50530199323114,46.87216658103186,5.0,143.13010235415598
79,Cell,17,17.0,66.0,808.0,34.0,-18.0,9.433981132056603,111.93928312528774,38.47076812334269,9.433981132056603,122.0053832080835
79,Cell,18,18.0,66.0,797.0,34.0,-29.0,11.0,122.93928312528774,44.68780594300866,11.0,-90.0
79,Cell,19,19.0,67.0,797.0,35.0,-29.0,1.0,123.93928312528774,45.45327270945405,1.0,0.0
79,Cell,20,20.0,66.0,806.0,34.0,-20.0,9.055385138137417,132.99466826342515,39.44616584663204,9.055385138137417,96.3401917459099
79,Cell,21,21.0,60.0,812.0,28.0,-14.0,8.48528137423857,141.47994963766374,31.304951684997057,8.48528137423857,135.0
26,Cell,0,0.0,740.0,613.0,0.0,0.0,0.0,0.0,0.0,0.0,0.0
26,Cell,1,1.0,740.0,609.0,0.0,-4.0,4.0,4.0,4.0,4.0,-90.0
26,Cell,2,2.0,740.0,608.0,0.0,-5.0,1.0,5.0,5.0,1.0,-90.0
26,Cell,3,3.0,739.0,608.0,-1.0,-5.0,1.0,6.0,5.0990195135927845,1.0,180.0
26,Cell,4,4.0,735.0,609.0,-5.0,-4.0,4.123105625617661,10.123105625617661,6.4031242374328485,4.123105625617661,165.96375653207352
26,Cell,5,5.0,735.0,611.0,-5.0,-2.0,2.0,12.123105625617661,5.385164807134504,2.0,90.0
26,Cell,6,6.0,736.0,614.0,-4.0,1.0,3.1622776601683795,15.285383285786041,4.123105625617661,3.1622776601683795,71.56505117707799
26,Cell,7,7.0,736.0,614.0,-4.0,1.0,0.0,15.285383285786041,4.123105625617661,0.0,0.0
26,Cell,8,8.0,736.0,615.0,-4.0,2.0,1.0,16.28538328578604,4.47213595499958,1.0,90.0
26,Cell,9,9.0,737.0,614.0,-3.0,1.0,1.4142135623730951,17.699596848159135,3.1622776601683795,1.4142135623730951,-45.0
26,Cell,10,10.0,737.0,611.0,-3.0,-2.0,3.0,20.699596848159135,3.605551275463989,3.0,-90.0
26,Cell,11,11.0,737.0,611.0,-3.0,-2.0,0.0,20.699596848159135,3.605551275463989,0.0,0.0
26,Cell,12,12.0,738.0,613.0,-2.0,0.0,2.23606797749979,22.935664825658925,2.0,2.23606797749979,63.43494882292201
26,Cell,13,13.0,738.0,613.0,-2.0,0.0,0.0,22.935664825658925,2.0,0.0,0.0
26,Cell,14,14.0,739.0,613.0,-1.0,0.0,1.0,23.935664825658925,1.0,1.0,0.0
26,Cell,15,15.0,739.0,613.0,-1.0,0.0,0.0,23.935664825658925,1.0,0.0,0.0
26,Cell,16,16.0,748.0,609.0,8.0,-4.0,9.848857801796104,33.78452262745503,8.94427190999916,9.848857801796104,-23.962488974578186
26,Cell,17,17.0,752.0,599.0,12.0,-14.0,10.770329614269007,44.55485224172404,18.439088914585774,10.770329614269007,-68.19859051364818
67,Cell,0,0.0,872.0,984.0,0.0,0.0,0.0,0.0,0.0,0.0,0.0
67,Cell,1,1.0,870.0,980.0,-2.0,-4.0,4.47213595499958,4.47213595499958,4.47213595499958,4.47213595499958,-116.56505117707799
67,Cell,2,2.0,869.0,982.0,-3.0,-2.0,2.23606797749979,6.708203932499369,3.605551275463989,2.23606797749979,116.56505117707799
67,Cell,3,3.0,868.0,985.0,-4.0,1.0,3.1622776601683795,9.87048159266775,4.123105625617661,3.1622776601683795,108.43494882292201
67,Cell,4,4.0,868.0,987.0,-4.0,3.0,2.0,11.87048159266775,5.0,2.0,90.0
67,Cell,5,5.0,868.0,987.0,-4.0,3.0,0.0,11.87048159266775,5.0,0.0,0.0
67,Cell,6,6.0,868.0,989.0,-4.0,5.0,2.0,13.87048159266775,6.4031242374328485,2.0,90.0
67,Cell,7,7.0,868.0,989.0,-4.0,5.0,0.0,13.87048159266775,6.4031242374328485,0.0,0.0
67,Cell,8,8.0,867.0,988.0,-5.0,4.0,1.4142135623730951,15.284695155040845,6.4031242374328485,1.4142135623730951,-135.0
67,Cell,9,9.0,866.0,987.0,-6.0,3.0,1.4142135623730951,16.69890871741394,6.708203932499369,1.4142135623730951,-135.0
67,Cell,10,10.0,864.0,990.0,-8.0,6.0,3.605551275463989,20.304459992877927,10.0,3.605551275463989,123.6900675259798
67,Cell,11,11.0,868.0,992.0,-4.0,8.0,4.47213595499958,24.776595947877507,8.94427190999916,4.47213595499958,26.56505117707799
67,Cell,12,12.0,870.0,996.0,-2.0,12.0,4.47213595499958,29.248731902877086,12.165525060596439,4.47213595499958,63.43494882292201
67,Cell,13,13.0,863.0,1001.0,-9.0,17.0,8.602325267042627,37.85105716991971,19.235384061671343,8.602325267042627,144.46232220802563
67,Cell,14,14.0,859.0,1002.0,-13.0,18.0,4.123105625617661,41.974162795537374,22.20360331117452,4.123105625617661,165.96375653207352
67,Cell,15,15.0,859.0,1003.0,-13.0,19.0,1.0,42.974162795537374,23.021728866442675,1.0,90.0
50,Cell,0,0.0,10.0,151.0,0.0,0.0,0.0,0.0,0.0,0.0,0.0
50,Cell,1,1.0,10.0,152.0,0.0,1.0,1.0,1.0,1.0,1.0,90.0
50,Cell,2,2.0,10.0,152.0,0.0,1.0,0.0,1.0,1.0,0.0,0.0
50,Cell,3,3.0,10.0,152.0,0.0,1.0,0.0,1.0,1.0,0.0,0.0
50,Cell,4,4.0,10.0,150.0,0.0,-1.0,2.0,3.0,1.0,2.0,-90.0
50,Cell,5,5.0,10.0,150.0,0.0,-1.0,0.0,3.0,1.0,0.0,0.0
50,Cell,6,6.0,11.0,150.0,1.0,-1.0,1.0,4.0,1.4142135623730951,1.0,0.0
50,Cell,7,7.0,12.0,150.0,2.0,-1.0,1.0,5.0,2.23606797749979,1.0,0.0
50,Cell,8,8.0,12.0,152.0,2.0,1.0,2.0,7.0,2.23606797749979,2.0,90.0
50,Cell,9,9.0,12.0,150.0,2.0,-1.0,2.0,9.0,2.23606797749979,2.0,-90.0
50,Cell,10,10.0,12.0,150.0,2.0,-1.0,0.0,9.0,2.23606797749979,0.0,0.0
50,Cell,11,11.0,12.0,150.0,2.0,-1.0,0.0,9.0,2.23606797749979,0.0,0.0
50,Cell,12,12.0,14.0,152.0,4.0,1.0,2.8284271247461903,11.82842712474619,4.123105625617661,2.8284271247461903,45.0
50,Cell,13,13.0,14.0,152.0,4.0,1.0,0.0,11.82842712474619,4.123105625617661,0.0,0.0
50,Cell,14,14.0,14.0,152.0,4.0,1.0,0.0,11.82842712474619,4.123105625617661,0.0,0.0
70,Cell,0,0.0,610.0,957.0,0.0,0.0,0.0,0.0,0.0,0.0,0.0
70,Cell,1,1.0,612.0,952.0,2.0,-5.0,5.385164807134504,5.385164807134504,5.385164807134504,5.385164807134504,-68.19859051364818
70,Cell,2,2.0,614.0,950.0,4.0,-7.0,2.8284271247461903,8.213591931880694,8.06225774829855,2.8284271247461903,-45.0
70,Cell,3,3.0,613.0,950.0,3.0,-7.0,1.0,9.213591931880694,7.615773105863909,1.0,180.0
70,Cell,4,4.0,613.0,950.0,3.0,-7.0,0.0,9.213591931880694,7.615773105863909,0.0,0.0
70,Cell,5,5.0,611.0,949.0,1.0,-8.0,2.23606797749979,11.449659909380484,8.06225774829855,2.23606797749979,-153.43494882292202
70,Cell,6,6.0,612.0,951.0,2.0,-6.0,2.23606797749979,13.685727886880274,6.324555320336759,2.23606797749979,63.43494882292201
70,Cell,7,7.0,612.0,951.0,2.0,-6.0,0.0,13.685727886880274,6.324555320336759,0.0,0.0
70,Cell,8,8.0,611.0,950.0,1.0,-7.0,1.4142135623730951,15.09994144925337,7.0710678118654755,1.4142135623730951,-135.0
70,Cell,9,9.0,610.0,949.0,0.0,-8.0,1.4142135623730951,16.514155011626464,8.0,1.4142135623730951,-135.0
70,Cell,10,10.0,611.0,948.0,1.0,-9.0,1.4142135623730951,17.92836857399956,9.055385138137417,1.4142135623730951,-45.0
70,Cell,11,11.0,610.0,947.0,0.0,-10.0,1.4142135623730951,19.342582136372656,10.0,1.4142135623730951,-135.0
70,Cell,12,12.0,608.0,949.0,-2.0,-8.0,2.8284271247461903,22.171009261118847,8.246211251235321,2.8284271247461903,135.0
70,Cell,13,13.0,608.0,949.0,-2.0,-8.0,0.0,22.171009261118847,8.246211251235321,0.0,0.0
70,Cell,14,14.0,605.0,951.0,-5.0,-6.0,3.605551275463989,25.776560536582835,7.810249675906654,3.605551275463989,146.30993247402023
71,Cell,0,0.0,628.0,936.0,0.0,0.0,0.0,0.0,0.0,0.0,0.0
71,Cell,1,1.0,631.0,933.0,3.0,-3.0,4.242640687119285,4.242640687119285,4.242640687119285,4.242640687119285,-45.0
71,Cell,2,2.0,638.5,932.0,10.5,-4.0,7.566372975210778,11.809013662330063,11.236102527122116,7.566372975210778,-7.594643368591445
71,Cell,3,3.0,644.0,934.0,16.0,-2.0,5.852349955359813,17.661363617689876,16.1245154965971,5.852349955359813,19.98310652189998
71,Cell,4,4.0,654.0,936.0,26.0,0.0,10.198039027185569,27.859402644875445,26.0,10.198039027185569,11.309932474020213
71,Cell,5,5.0,662.0,937.0,34.0,1.0,8.06225774829855,35.921660393173994,34.0147027033899,8.06225774829855,7.125016348901798
71,Cell,6,6.0,669.0,937.0,41.0,1.0,7.0,42.921660393173994,41.012193308819754,7.0,0.0
71,Cell,7,7.0,681.0,931.0,53.0,-5.0,13.416407864998739,56.33806825817273,53.23532661682466,13.416407864998739,-26.56505117707799
71,Cell,8,8.0,682.0,926.0,54.0,-10.0,5.0990195135927845,61.43708777176552,54.91812087098393,5.0990195135927845,-78.69006752597979
71,Cell,9,9.0,680.0,924.0,52.0,-12.0,2.8284271247461903,64.2655148965117,53.36665625650534,2.8284271247461903,-135.0
71,Cell,10,10.0,677.0,925.0,49.0,-11.0,3.1622776601683795,67.42779255668009,50.21951811795888,3.1622776601683795,161.56505117707798
71,Cell,11,11.0,676.0,923.0,48.0,-13.0,2.23606797749979,69.66386053417988,49.72926703662542,2.23606797749979,-116.56505117707799
71,Cell,12,12.0,675.0,924.0,47.0,-12.0,1.4142135623730951,71.07807409655297,48.507731342539614,1.4142135623730951,135.0
71,Cell,13,13.0,675.0,922.0,47.0,-14.0,2.0,73.07807409655297,49.040799340956916,2.0,-90.0
71,Cell,14,14.0,676.0,922.0,48.0,-14.0,1.0,74.07807409655297,50.0,1.0,0.0
28,Cell,0,0.0,732.0,601.0,0.0,0.0,0.0,0.0,0.0,0.0,0.0
28,Cell,1,1.0,729.0,607.0,-3.0,6.0,6.708203932499369,6.708203932499369,6.708203932499369,6.708203932499369,116.56505117707799
28,Cell,2,2.0,730.0,609.0,-2.0,8.0,2.23606797749979,8.94427190999916,8.246211251235321,2.23606797749979,63.43494882292201
28,Cell,3,3.0,730.0,610.0,-2.0,9.0,1.0,9.94427190999916,9.219544457292887,1.0,90.0
28,Cell,4,4.0,730.0,612.0,-2.0,11.0,2.0,11.94427190999916,11.180339887498949,2.0,90.0
28,Cell,5,5.0,728.0,610.0,-4.0,9.0,2.8284271247461903,14.772699034745349,9.848857801796104,2.8284271247461903,-135.0
28,Cell,6,6.0,727.0,609.0,-5.0,8.0,1.4142135623730951,16.186912597118443,9.433981132056603,1.4142135623730951,-135.0
28,Cell,7,7.0,726.0,609.0,-6.0,8.0,1.0,17.186912597118443,10.0,1.0,180.0
28,Cell,8,8.0,728.0,607.0,-4.0,6.0,2.8284271247461903,20.015339721864635,7.211102550927978,2.8284271247461903,-45.0
28,Cell,9,9.0,727.0,610.0,-5.0,9.0,3.1622776601683795,23.177617382033013,10.295630140987,3.1622776601683795,108.43494882292201
28,Cell,10,10.0,728.0,611.0,-4.0,10.0,1.4142135623730951,24.59183094440611,10.770329614269007,1.4142135623730951,45.0
28,Cell,11,11.0,728.0,611.0,-4.0,10.0,0.0,24.59183094440611,10.770329614269007,0.0,0.0
29,Cell,0,0.0,765.0,609.0,0.0,0.0,0.0,0.0,0.0,0.0,0.0
29,Cell,1,1.0,761.0,621.0,-4.0,12.0,12.649110640673518,12.649110640673518,12.649110640673518,12.649110640673518,108.43494882292201
29,Cell,2,2.0,755.0,626.0,-10.0,17.0,7.810249675906654,20.459360316580174,19.72308292331602,7.810249675906654,140.19442890773482
29,Cell,3,3.0,756.0,627.0,-9.0,18.0,1.4142135623730951,21.87357387895327,20.12461179749811,1.4142135623730951,45.0
29,Cell,4,4.0,754.0,631.0,-11.0,22.0,4.47213595499958,26.34570983395285,24.596747752497688,4.47213595499958,116.56505117707799
29,Cell,5,5.0,753.0,633.0,-12.0,24.0,2.23606797749979,28.58177781145264,26.832815729997478,2.23606797749979,116.56505117707799
29,Cell,6,6.0,753.0,634.0,-12.0,25.0,1.0,29.58177781145264,27.730849247724095,1.0,90.0
29,Cell,7,7.0,752.0,630.0,-13.0,21.0,4.123105625617661,33.7048834370703,24.698178070456937,4.123105625617661,-104.0362434679265
29,Cell,8,8.0,753.0,627.0,-12.0,18.0,3.1622776601683795,36.86716109723868,21.633307652783937,3.1622776601683795,-71.56505117707799
29,Cell,9,9.0,756.0,626.0,-9.0,17.0,3.1622776601683795,40.02943875740706,19.235384061671343,3.1622776601683795,-18.43494882292201
29,Cell,10,10.0,758.0,626.0,-7.0,17.0,2.0,42.02943875740706,18.384776310850235,2.0,0.0
29,Cell,11,11.0,757.0,632.0,-8.0,23.0,6.082762530298219,48.112201287705275,24.351591323771842,6.082762530298219,99.46232220802563
49,Cell,0,0.0,15.0,154.0,0.0,0.0,0.0,0.0,0.0,0.0,0.0
49,Cell,1,1.0,15.0,154.0,0.0,0.0,0.0,0.0,0.0,0.0,0.0
49,Cell,2,2.0,13.0,156.0,-2.0,2.0,2.8284271247461903,2.8284271247461903,2.8284271247461903,2.8284271247461903,135.0
49,Cell,3,3.0,13.0,156.0,-2.0,2.0,0.0,2.8284271247461903,2.8284271247461903,0.0,0.0
49,Cell,4,4.0,13.0,156.0,-2.0,2.0,0.0,2.8284271247461903,2.8284271247461903,0.0,0.0
49,Cell,5,5.0,13.0,157.0,-2.0,3.0,1.0,3.8284271247461903,3.605551275463989,1.0,90.0
58,Cell,0,0.0,48.0,609.0,0.0,0.0,0.0,0.0,0.0,0.0,0.0
58,Cell,1,1.0,51.0,615.0,3.0,6.0,6.708203932499369,6.708203932499369,6.708203932499369,6.708203932499369,63.43494882292201
58,Cell,2,2.0,54.0,616.0,6.0,7.0,3.1622776601683795,9.87048159266775,9.219544457292887,3.1622776601683795,18.43494882292201
58,Cell,3,3.0,55.0,615.0,7.0,6.0,1.4142135623730951,11.284695155040845,9.219544457292887,1.4142135623730951,-45.0
58,Cell,4,4.0,55.0,616.0,7.0,7.0,1.0,12.284695155040845,9.899494936611665,1.0,90.0
58,Cell,5,5.0,54.0,615.0,6.0,6.0,1.4142135623730951,13.698908717413941,8.48528137423857,1.4142135623730951,-135.0
57,Cell,0,0.0,33.0,590.0,0.0,0.0,0.0,0.0,0.0,0.0,0.0
57,Cell,1,1.0,27.0,585.0,-6.0,-5.0,7.810249675906654,7.810249675906654,7.810249675906654,7.810249675906654,-140.19442890773482
57,Cell,2,2.0,25.0,582.0,-8.0,-8.0,3.605551275463989,11.415800951370644,11.313708498984761,3.605551275463989,-123.6900675259798
57,Cell,3,3.0,27.0,581.0,-6.0,-9.0,2.23606797749979,13.651868928870433,10.816653826391969,2.23606797749979,-26.56505117707799
57,Cell,4,4.0,27.0,581.0,-6.0,-9.0,0.0,13.651868928870433,10.816653826391969,0.0,0.0
57,Cell,5,5.0,28.0,580.0,-5.0,-10.0,1.4142135623730951,15.06608249124353,11.180339887498949,1.4142135623730951,-45.0
22,Cell,0,0.0,760.0,569.0,0.0,0.0,0.0,0.0,0.0,0.0,0.0
22,Cell,1,1.0,769.0,573.0,9.0,4.0,9.848857801796104,9.848857801796104,9.848857801796104,9.848857801796104,23.962488974578186
22,Cell,2,2.0,769.0,572.0,9.0,3.0,1.0,10.848857801796104,9.486832980505138,1.0,-90.0
22,Cell,3,3.0,769.0,576.0,9.0,7.0,4.0,14.848857801796104,11.40175425099138,4.0,90.0
22,Cell,4,4.0,771.0,573.0,11.0,4.0,3.605551275463989,18.45440907726009,11.704699910719626,3.605551275463989,-56.309932474020215
22,Cell,5,5.0,771.0,569.0,11.0,0.0,4.0,22.45440907726009,11.0,4.0,-90.0
23,Cell,0,0.0,784.0,594.0,0.0,0.0,0.0,0.0,0.0,0.0,0.0
23,Cell,1,1.0,783.0,584.0,-1.0,-10.0,10.04987562112089,10.04987562112089,10.04987562112089,10.04987562112089,-95.71059313749964
23,Cell,2,2.0,788.0,589.0,4.0,-5.0,7.0710678118654755,17.120943432986365,6.4031242374328485,7.0710678118654755,45.0
23,Cell,3,3.0,790.0,591.0,6.0,-3.0,2.8284271247461903,19.949370557732557,6.708203932499369,2.8284271247461903,45.0
23,Cell,4,4.0,796.0,597.0,12.0,3.0,8.48528137423857,28.434651931971125,12.36931687685298,8.48528137423857,45.0
23,Cell,5,5.0,796.0,597.0,12.0,3.0,0.0,28.434651931971125,12.36931687685298,0.0,0.0
55,Cell,0,0.0,2.296296296296296,517.0,0.0,0.0,0.0,0.0,0.0,0.0,0.0
55,Cell,1,1.0,2.296296296296296,521.0,0.0,4.0,4.0,4.0,4.0,4.0,90.0
55,Cell,2,2.0,21.0,571.0,18.703703703703702,54.0,53.383785293251165,57.383785293251165,57.14742804567796,53.383785293251165,69.49047996670967
55,Cell,3,3.0,54.0,587.0,51.7037037037037,70.0,36.6742416417845,94.05802693503566,87.02455387234332,36.6742416417845,25.866356794094518
55,Cell,4,4.0,54.0,601.0,51.7037037037037,84.0,14.0,108.05802693503566,98.63707708909659,14.0,90.0
55,Cell,5,5.0,48.0,599.0,45.7037037037037,82.0,6.324555320336759,114.38258225537241,93.8766666016425,6.324555320336759,-161.56505117707798
77,Cell,0,0.0,1011.0,670.0,0.0,0.0,0.0,0.0,0.0,0.0,0.0
77,Cell,1,1.0,1010.0,664.0,-1.0,-6.0,6.082762530298219,6.082762530298219,6.082762530298219,6.082762530298219,-99.46232220802563
77,Cell,2,2.0,1009.0,665.0,-2.0,-5.0,1.4142135623730951,7.496976092671314,5.385164807134504,1.4142135623730951,135.0
77,Cell,3,3.0,1009.0,659.0,-2.0,-11.0,6.0,13.496976092671314,11.180339887498949,6.0,-90.0
39,Cell,0,0.0,181.0,809.0,0.0,0.0,0.0,0.0,0.0,0.0,0.0
39,Cell,1,1.0,187.0,791.0,6.0,-18.0,18.973665961010276,18.973665961010276,18.973665961010276,18.973665961010276,-71.56505117707799
39,Cell,2,2.0,189.0,779.0,8.0,-30.0,12.165525060596439,31.139191021606713,31.04834939252005,12.165525060596439,-80.53767779197439
39,Cell,3,3.0,192.0,772.0,11.0,-37.0,7.615773105863909,38.75496412747062,38.600518131237564,7.615773105863909,-66.80140948635182
40,Cell,0,0.0,211.0,808.0,0.0,0.0,0.0,0.0,0.0,0.0,0.0
40,Cell,1,1.0,223.0,802.0,12.0,-6.0,13.416407864998739,13.416407864998739,13.416407864998739,13.416407864998739,-26.56505117707799
40,Cell,2,2.0,223.0,783.0,12.0,-25.0,19.0,32.41640786499874,27.730849247724095,19.0,-90.0
40,Cell,3,3.0,226.0,772.0,15.0,-36.0,11.40175425099138,43.81816211599012,39.0,11.40175425099138,-74.74488129694222
80,Cell,0,0.0,94.0,665.0,0.0,0.0,0.0,0.0,0.0,0.0,0.0
80,Cell,1,1.0,99.0,664.0,5.0,-1.0,5.0990195135927845,5.0990195135927845,5.0990195135927845,5.0990195135927845,-11.309932474020213
80,Cell,2,2.0,96.0,662.0,2.0,-3.0,3.605551275463989,8.704570789056774,3.605551275463989,3.605551275463989,-146.30993247402023
81,Cell,0,0.0,109.0,654.0,0.0,0.0,0.0,0.0,0.0,0.0,0.0
81,Cell,1,1.0,115.0,653.0,6.0,-1.0,6.082762530298219,6.082762530298219,6.082762530298219,6.082762530298219,-9.462322208025617
81,Cell,2,2.0,115.0,658.0,6.0,4.0,5.0,11.082762530298218,7.211102550927978,5.0,90.0
35,Cell,0,0.0,74.0,642.0,0.0,0.0,0.0,0.0,0.0,0.0,0.0
35,Cell,1,1.0,65.0,638.0,-9.0,-4.0,9.848857801796104,9.848857801796104,9.848857801796104,9.848857801796104,-156.03751102542182
35,Cell,2,2.0,64.0,630.0,-10.0,-12.0,8.06225774829855,17.911115550094653,15.620499351813308,8.06225774829855,-97.12501634890181
35,Cell,3,3.0,61.0,635.0,-13.0,-7.0,5.830951894845301,23.742067444939956,14.7648230602334,5.830951894845301,120.96375653207352
35,Cell,4,4.0,61.0,635.0,-13.0,-7.0,0.0,23.742067444939956,14.7648230602334,0.0,0.0
35,Cell,5,5.0,59.0,633.0,-15.0,-9.0,2.8284271247461903,26.570494569686147,17.4928556845359,2.8284271247461903,-135.0
35,Cell,6,6.0,59.0,633.0,-15.0,-9.0,0.0,26.570494569686147,17.4928556845359,0.0,0.0
35,Cell,7,7.0,59.0,633.0,-15.0,-9.0,0.0,26.570494569686147,17.4928556845359,0.0,0.0
35,Cell,8,8.0,59.0,633.0,-15.0,-9.0,0.0,26.570494569686147,17.4928556845359,0.0,0.0
35,Cell,9,9.0,62.0,632.0,-12.0,-10.0,3.1622776601683795,29.732772229854525,15.620499351813308,3.1622776601683795,-18.43494882292201
35,Cell,10,10.0,67.0,632.0,-7.0,-10.0,5.0,34.732772229854525,12.206555615733702,5.0,0.0
35,Cell,11,11.0,68.0,633.0,-6.0,-9.0,1.4142135623730951,36.14698579222762,10.816653826391969,1.4142135623730951,45.0
35,Cell,12,12.0,68.0,633.0,-6.0,-9.0,0.0,36.14698579222762,10.816653826391969,0.0,0.0
35,Cell,13,13.0,69.0,638.0,-5.0,-4.0,5.0990195135927845,41.246005305820404,6.4031242374328485,5.0990195135927845,78.69006752597979
35,Cell,14,14.0,72.0,640.0,-2.0,-2.0,3.605551275463989,44.85155658128439,2.8284271247461903,3.605551275463989,33.690067525979785
35,Cell,15,15.0,76.0,646.0,2.0,4.0,7.211102550927978,52.06265913221237,4.47213595499958,7.211102550927978,56.309932474020215
35,Cell,16,16.0,78.0,648.0,4.0,6.0,2.8284271247461903,54.89108625695856,7.211102550927978,2.8284271247461903,45.0
35,Cell,17,17.0,78.0,648.0,4.0,6.0,0.0,54.89108625695856,7.211102550927978,0.0,0.0
35,Cell,18,18.0,83.0,650.0,9.0,8.0,5.385164807134504,60.27625106409306,12.041594578792296,5.385164807134504,21.80140948635181
35,Cell,19,19.0,92.0,654.0,18.0,12.0,9.848857801796104,70.12510886588916,21.633307652783937,9.848857801796104,23.962488974578186
35,Cell,20,20.0,92.0,654.0,18.0,12.0,0.0,70.12510886588916,21.633307652783937,0.0,0.0
35,Cell,21,21.0,92.0,654.0,18.0,12.0,0.0,70.12510886588916,21.633307652783937,0.0,0.0
35,Cell,22,22.0,94.0,658.0,20.0,16.0,4.47213595499958,74.59724482088873,25.612496949731394,4.47213595499958,63.43494882292201
35,Cell,23,23.0,83.0,686.0,9.0,44.0,30.083217912982647,104.68046273387138,44.91102314577124,30.083217912982647,111.44773632710537
35,Cell,24,24.0,83.0,687.0,9.0,45.0,1.0,105.68046273387138,45.89117562233506,1.0,90.0
35,Cell,25,25.0,88.0,678.0,14.0,36.0,10.295630140987,115.97609287485838,38.62641583165593,10.295630140987,-60.94539590092286
35,Cell,26,26.0,95.0,667.0,21.0,25.0,13.038404810405298,129.01449768526368,32.64965543462902,13.038404810405298,-57.528807709151515
68,Cell,0,0.0,643.0,932.0,0.0,0.0,0.0,0.0,0.0,0.0,0.0
68,Cell,1,1.0,642.0,930.0,-1.0,-2.0,2.23606797749979,2.23606797749979,2.23606797749979,2.23606797749979,-116.56505117707799
68,Cell,2,2.0,643.0,929.0,0.0,-3.0,1.4142135623730951,3.6502815398728847,3.0,1.4142135623730951,-45.0
68,Cell,3,3.0,643.0,928.0,0.0,-4.0,1.0,4.650281539872885,4.0,1.0,-90.0
68,Cell,4,4.0,645.0,930.0,2.0,-2.0,2.8284271247461903,7.4787086646190755,2.8284271247461903,2.8284271247461903,45.0
68,Cell,5,5.0,645.0,930.0,2.0,-2.0,0.0,7.4787086646190755,2.8284271247461903,0.0,0.0
68,Cell,6,6.0,645.0,932.0,2.0,0.0,2.0,9.478708664619075,2.0,2.0,90.0
68,Cell,7,7.0,644.0,931.0,1.0,-1.0,1.4142135623730951,10.892922226992171,1.4142135623730951,1.4142135623730951,-135.0
68,Cell,8,8.0,643.0,929.0,0.0,-3.0,2.23606797749979,13.128990204491961,3.0,2.23606797749979,-116.56505117707799
68,Cell,9,9.0,643.0,931.0,0.0,-1.0,2.0,15.128990204491961,1.0,2.0,90.0
68,Cell,10,10.0,643.0,930.0,0.0,-2.0,1.0,16.128990204491963,2.0,1.0,-90.0
68,Cell,11,11.0,641.0,928.0,-2.0,-4.0,2.8284271247461903,18.957417329238154,4.47213595499958,2.8284271247461903,-135.0
68,Cell,12,12.0,622.0,955.0,-21.0,23.0,33.015148038438355,51.97256536767651,31.144823004794873,33.015148038438355,125.13419305691565
68,Cell,13,13.0,615.0,957.0,-28.0,25.0,7.280109889280518,59.252675256957026,37.53664875824692,7.280109889280518,164.05460409907712
68,Cell,14,14.0,620.0,942.0,-23.0,10.0,15.811388300841896,75.06406355779892,25.079872407968907,15.811388300841896,-71.56505117707799
