TrackID,Cell_Type,Frame,Time_min,X_um,Y_um,X_displacement_um,Y_displacement_um,Step_Distance_um,Cumulative_Distance_um,Displacement_um,Velocity_um_min,Step_Angle_deg
22,Cell,0,0.0,416.0,348.0,0.0,0.0,0.0,0.0,0.0,0.0,0.0
22,Cell,1,1.0,415.5,348.0,-0.5,0.0,0.5,0.5,0.5,0.5,180.0
22,Cell,2,2.0,415.0,348.0,-1.0,0.0,0.5,1.0,1.0,0.5,180.0
22,Cell,3,3.0,417.5,349.0,1.5,1.0,2.692582403567252,3.692582403567252,1.8027756377319946,2.692582403567252,21.80140948635181
22,Cell,4,4.0,427.0,349.0,11.0,1.0,9.5,13.192582403567252,11.045361017187261,9.5,0.0
22,Cell,5,5.0,432.5,350.0,16.5,2.0,5.5901699437494745,18.782752347316727,16.62077013859466,5.5901699437494745,10.304846468766033
22,Cell,6,6.0,428.0,358.0,12.0,10.0,9.17877987534291,27.961532222659635,15.620499351813308,9.17877987534291,119.35775354279127
22,Cell,7,7.0,426.0,351.5,10.0,3.5,6.800735254367722,34.76226747702736,10.594810050208546,6.800735254367722,-107.10272896905236
22,Cell,8,8.0,426.0,352.0,10.0,4.0,0.5,35.26226747702736,10.770329614269007,0.5,90.0
22,Cell,9,9.0,421.0,350.0,5.0,2.0,5.385164807134504,40.64743228416186,5.385164807134504,5.385164807134504,-158.19859051364818
22,Cell,10,10.0,416.0,344.0,0.0,-4.0,7.810249675906654,48.45768196006851,4.0,7.810249675906654,-129.8055710922652
22,Cell,11,11.0,416.0,343.5,0.0,-4.5,0.5,48.95768196006851,4.5,0.5,-90.0
22,Cell,12,12.0,418.0,330.0,2.0,-18.0,13.647344063956181,62.605026024024696,18.110770276274835,13.647344063956181,-81.57303097851933
22,Cell,13,13.0,408.0,340.0,-8.0,-8.0,14.142135623730951,76.74716164775565,11.313708498984761,14.142135623730951,135.0
22,Cell,14,14.0,408.0,340.0,-8.0,-8.0,0.0,76.74716164775565,11.313708498984761,0.0,0.0
22,Cell,15,15.0,411.0,341.0,-5.0,-7.0,3.1622776601683795,79.90943930792403,8.602325267042627,3.1622776601683795,18.43494882292201
22,Cell,16,16.0,410.0,340.0,-6.0,-8.0,1.4142135623730951,81.32365287029712,10.0,1.4142135623730951,-135.0
22,Cell,17,17.0,410.0,337.0,-6.0,-11.0,3.0,84.32365287029712,12.529964086141668,3.0,-90.0
22,Cell,18,18.0,410.0,337.0,-6.0,-11.0,0.0,84.32365287029712,12.529964086141668,0.0,0.0
22,Cell,19,19.0,410.0,337.0,-6.0,-11.0,0.0,84.32365287029712,12.529964086141668,0.0,0.0
22,Cell,20,20.0,410.0,337.0,-6.0,-11.0,0.0,84.32365287029712,12.529964086141668,0.0,0.0
22,Cell,21,21.0,407.0,337.0,-9.0,-11.0,3.0,87.32365287029712,14.212670403551895,3.0,180.0
22,Cell,22,22.0,407.0,337.0,-9.0,-11.0,0.0,87.32365287029712,14.212670403551895,0.0,0.0
22,Cell,23,23.0,407.0,337.0,-9.0,-11.0,0.0,87.32365287029712,14.212670403551895,0.0,0.0
22,Cell,24,24.0,407.0,337.0,-9.0,-11.0,0.0,87.32365287029712,14.212670403551895,0.0,0.0
22,Cell,25,25.0,407.0,336.0,-9.0,-12.0,1.0,88.32365287029712,15.0,1.0,-90.0
22,Cell,26,26.0,401.0,331.0,-15.0,-17.0,7.810249675906654,96.13390254620379,22.67156809750927,7.810249675906654,-140.19442890773482
22,Cell,27,27.0,401.0,331.0,-15.0,-17.0,0.0,96.13390254620379,22.67156809750927,0.0,0.0
22,Cell,28,28.0,401.0,330.5,-15.0,-17.5,0.5,96.63390254620379,23.04886114323222,0.5,-90.0
22,Cell,29,29.0,401.0,330.0,-15.0,-18.0,0.5,97.13390254620379,23.430749027719962,0.5,-90.0
22,Cell,30,30.0,401.0,330.0,-15.0,-18.0,0.0,97.13390254620379,23.430749027719962,0.0,0.0
22,Cell,31,31.0,401.0,330.0,-15.0,-18.0,0.0,97.13390254620379,23.430749027719962,0.0,0.0
22,Cell,32,32.0,401.0,330.0,-15.0,-18.0,0.0,97.13390254620379,23.430749027719962,0.0,0.0
22,Cell,33,33.0,401.0,330.0,-15.0,-18.0,0.0,97.13390254620379,23.430749027719962,0.0,0.0
22,Cell,34,34.0,401.0,330.0,-15.0,-18.0,0.0,97.13390254620379,23.430749027719962,0.0,0.0
22,Cell,35,35.0,401.0,330.0,-15.0,-18.0,0.0,97.13390254620379,23.430749027719962,0.0,0.0
22,Cell,36,36.0,428.0,332.5,12.0,-15.5,27.115493725912497,124.24939627211629,19.60229578391266,27.115493725912497,5.29008120537127
22,Cell,37,37.0,429.0,333.0,13.0,-15.0,1.118033988749895,125.36743026086619,19.849433241279208,1.118033988749895,26.56505117707799
22,Cell,38,38.0,429.0,333.0,13.0,-15.0,0.0,125.36743026086619,19.849433241279208,0.0,0.0
22,Cell,39,39.0,429.0,333.0,13.0,-15.0,0.0,125.36743026086619,19.849433241279208,0.0,0.0
22,Cell,40,40.0,429.0,332.0,13.0,-16.0,1.0,126.36743026086619,20.615528128088304,1.0,-90.0
22,Cell,41,41.0,429.0,332.0,13.0,-16.0,0.0,126.36743026086619,20.615528128088304,0.0,0.0
22,Cell,42,42.0,430.0,326.0,14.0,-22.0,6.082762530298219,132.4501927911644,26.076809620810597,6.082762530298219,-80.53767779197439
22,Cell,43,43.0,430.0,326.0,14.0,-22.0,0.0,132.4501927911644,26.076809620810597,0.0,0.0
22,Cell,44,44.0,430.0,326.0,14.0,-22.0,0.0,132.4501927911644,26.076809620810597,0.0,0.0
22,Cell,45,45.0,433.0,319.0,17.0,-29.0,7.615773105863909,140.06596589702832,33.61547262794322,7.615773105863909,-66.80140948635182
22,Cell,46,46.0,433.0,318.0,17.0,-30.0,1.0,141.06596589702832,34.48187929913333,1.0,-90.0
22,Cell,47,47.0,432.0,306.0,16.0,-42.0,12.041594578792296,153.1075604758206,44.94441010848846,12.041594578792296,-94.76364169072617
22,Cell,48,48.0,432.0,306.0,16.0,-42.0,0.0,153.1075604758206,44.94441010848846,0.0,0.0
22,Cell,49,49.0,432.0,306.0,16.0,-42.0,0.0,153.1075604758206,44.94441010848846,0.0,0.0
22,Cell,50,50.0,432.0,306.0,16.0,-42.0,0.0,153.1075604758206,44.94441010848846,0.0,0.0
22,Cell,51,51.0,426.0,300.0,10.0,-48.0,8.48528137423857,161.5928418500592,49.03060268852505,8.48528137423857,-135.0
22,Cell,52,52.0,426.0,300.0,10.0,-48.0,0.0,161.5928418500592,49.03060268852505,0.0,0.0
22,Cell,53,53.0,421.0,313.5,5.0,-34.5,14.396180048887969,175.98902189894716,34.860436027106715,14.396180048887969,110.32313682966296
22,Cell,54,54.0,435.0,321.0,19.0,-27.0,15.88238017426859,191.87140207321573,33.015148038438355,15.88238017426859,28.178590109959174
22,Cell,55,55.0,435.0,321.0,19.0,-27.0,0.0,191.87140207321573,33.015148038438355,0.0,0.0
22,Cell,56,56.0,442.40086439762285,328.5991356023771,26.400864397622854,-19.40086439762291,10.607528257578034,202.47893033079376,32.76277125513992,10.607528257578034,45.757296113149096
22,Cell,57,57.0,443.0,329.0,27.0,-19.0,0.7208715109625325,203.19980184175628,33.015148038438355,0.7208715109625325,33.78534206632919
22,Cell,58,58.0,441.5,328.5,25.5,-19.5,1.5811388300841898,204.78094067184048,32.101401838549044,1.5811388300841898,-161.56505117707798
22,Cell,59,59.0,436.0,326.0,20.0,-22.0,6.041522986797286,210.82246365863776,29.732137494637012,6.041522986797286,-155.55604521958347
22,Cell,60,60.0,432.0,317.0,16.0,-31.0,9.848857801796104,220.67132146043386,34.88552708502482,9.848857801796104,-113.96248897457818
22,Cell,61,61.0,433.0,319.0,17.0,-29.0,2.23606797749979,222.90738943793366,33.61547262794322,2.23606797749979,63.43494882292201
22,Cell,62,62.0,433.0,319.0,17.0,-29.0,0.0,222.90738943793366,33.61547262794322,0.0,0.0
22,Cell,63,63.0,432.59913560237703,319.40086439762285,16.599135602377032,-28.599135602377146,0.5669078677908417,223.4742973057245,33.0672324204681,0.5669078677908417,135.00000000000813
22,Cell,64,64.0,448.0,337.5,32.0,-10.5,23.764791893622938,247.23908919934743,33.67862823809782,23.764791893622938,49.60497082422705
22,Cell,65,65.0,448.0,339.5,32.0,-8.5,2.0,249.23908919934743,33.10966626228661,2.0,90.0
22,Cell,66,66.0,448.0,342.0,32.0,-6.0,2.5,251.73908919934743,32.55764119219941,2.5,90.0
22,Cell,67,67.0,436.0,348.0,20.0,0.0,13.416407864998739,265.15549706434615,20.0,13.416407864998739,153.43494882292202
22,Cell,68,68.0,426.0,356.0,10.0,8.0,12.806248474865697,277.96174553921185,12.806248474865697,12.806248474865697,141.34019174590992
22,Cell,69,69.0,421.0,350.0,5.0,2.0,7.810249675906654,285.7719952151185,5.385164807134504,7.810249675906654,-129.8055710922652
22,Cell,70,70.0,421.0,349.5,5.0,1.5,0.5,286.2719952151185,5.220153254455275,0.5,-90.0
22,Cell,71,71.0,418.0,343.0,2.0,-5.0,7.158910531638177,293.4309057467567,5.385164807134504,7.158910531638177,-114.77514056883193
22,Cell,72,72.0,418.0,343.0,2.0,-5.0,0.0,293.4309057467567,5.385164807134504,0.0,0.0
22,Cell,73,73.0,418.0,343.0,2.0,-5.0,0.0,293.4309057467567,5.385164807134504,0.0,0.0
22,Cell,74,74.0,415.0,342.0,-1.0,-6.0,3.1622776601683795,296.5931834069251,6.082762530298219,3.1622776601683795,-161.56505117707798
22,Cell,75,75.0,415.0,342.0,-1.0,-6.0,0.0,296.5931834069251,6.082762530298219,0.0,0.0
22,Cell,76,76.0,415.0,342.0,-1.0,-6.0,0.0,296.5931834069251,6.082762530298219,0.0,0.0
22,Cell,77,77.0,410.5,336.0,-5.5,-12.0,7.5,304.0931834069251,13.200378782444085,7.5,-126.86989764584402
22,Cell,78,78.0,411.0,336.0,-5.0,-12.0,0.5,304.5931834069251,13.0,0.5,0.0
22,Cell,79,79.0,411.0,336.0,-5.0,-12.0,0.0,304.5931834069251,13.0,0.0,0.0
22,Cell,80,80.0,406.0,334.0,-10.0,-14.0,5.385164807134504,309.9783482140596,17.204650534085253,5.385164807134504,-158.19859051364818
22,Cell,81,81.0,418.5,332.0,2.5,-16.0,12.658988901172163,322.6373371152318,16.194134740701646,12.658988901172163,-9.090276920822323
22,Cell,82,82.0,419.0,332.0,3.0,-16.0,0.5,323.1373371152318,16.278820596099706,0.5,0.0
22,Cell,83,83.0,437.0,332.0,21.0,-16.0,18.0,341.1373371152318,26.40075756488817,18.0,0.0
9,Cell,0,0.0,249.0,341.0,0.0,0.0,0.0,0.0,0.0,0.0,0.0
9,Cell,1,1.0,252.0,346.0,3.0,5.0,5.830951894845301,5.830951894845301,5.830951894845301,5.830951894845301,59.03624346792648
9,Cell,2,2.0,241.0,339.0,-8.0,-2.0,13.038404810405298,18.8693567052506,8.246211251235321,13.038404810405298,-147.52880770915152
9,Cell,3,3.0,241.5,339.0,-7.5,-2.0,0.5,19.3693567052506,7.762087348130012,0.5,0.0
9,Cell,4,4.0,242.0,339.0,-7.0,-2.0,0.5,19.8693567052506,7.280109889280518,0.5,0.0
9,Cell,5,5.0,245.5,341.0,-3.5,0.0,4.031128874149275,23.900485579399874,3.5,4.031128874149275,29.744881296942225
9,Cell,6,6.0,242.0,346.0,-7.0,5.0,6.103277807866851,30.003763387266723,8.602325267042627,6.103277807866851,124.99202019855868
9,Cell,7,7.0,242.0,346.0,-7.0,5.0,0.0,30.003763387266723,8.602325267042627,0.0,0.0
9,Cell,8,8.0,246.0,325.0,-3.0,-16.0,21.37755832643195,51.38132171369867,16.278820596099706,21.37755832643195,-79.21570213243741
9,Cell,9,9.0,246.0,325.0,-3.0,-16.0,0.0,51.38132171369867,16.278820596099706,0.0,0.0
9,Cell,10,10.0,246.0,325.0,-3.0,-16.0,0.0,51.38132171369867,16.278820596099706,0.0,0.0
9,Cell,11,11.0,246.0,325.0,-3.0,-16.0,0.0,51.38132171369867,16.278820596099706,0.0,0.0
9,Cell,12,12.0,246.0,325.0,-3.0,-16.0,0.0,51.38132171369867,16.278820596099706,0.0,0.0
9,Cell,13,13.0,246.0,325.0,-3.0,-16.0,0.0,51.38132171369867,16.278820596099706,0.0,0.0
9,Cell,14,14.0,246.0,325.0,-3.0,-16.0,0.0,51.38132171369867,16.278820596099706,0.0,0.0
9,Cell,15,15.0,240.0,333.0,-9.0,-8.0,10.0,61.38132171369867,12.041594578792296,10.0,126.86989764584402
9,Cell,16,16.0,240.0,333.0,-9.0,-8.0,0.0,61.38132171369867,12.041594578792296,0.0,0.0
9,Cell,17,17.0,239.0,328.0,-10.0,-13.0,5.0990195135927845,66.48034122729145,16.401219466856727,5.0990195135927845,-101.30993247402021
9,Cell,18,18.0,239.0,328.0,-10.0,-13.0,0.0,66.48034122729145,16.401219466856727,0.0,0.0
9,Cell,19,19.0,239.0,328.0,-10.0,-13.0,0.0,66.48034122729145,16.401219466856727,0.0,0.0
9,Cell,20,20.0,247.0,307.0,-2.0,-34.0,22.47220505424423,88.95254628153567,34.058772731852805,22.47220505424423,-69.14554196042165
9,Cell,21,21.0,247.0,307.0,-2.0,-34.0,0.0,88.95254628153567,34.058772731852805,0.0,0.0
9,Cell,22,22.0,247.0,312.0,-2.0,-29.0,5.0,93.95254628153567,29.068883707497267,5.0,90.0
9,Cell,23,23.0,247.0,312.0,-2.0,-29.0,0.0,93.95254628153567,29.068883707497267,0.0,0.0
9,Cell,24,24.0,247.0,312.0,-2.0,-29.0,0.0,93.95254628153567,29.068883707497267,0.0,0.0
9,Cell,25,25.0,236.0,323.0,-13.0,-18.0,15.556349186104045,109.50889546763972,22.20360331117452,15.556349186104045,135.0
9,Cell,26,26.0,231.0,328.5,-18.0,-12.5,7.433034373659253,116.94192984129897,21.914607000811127,7.433034373659253,132.27368900609375
9,Cell,27,27.0,232.5,327.0,-16.5,-14.0,2.1213203435596424,119.06325018485862,21.639085008382402,2.1213203435596424,-45.0
9,Cell,28,28.0,234.0,327.0,-15.0,-14.0,1.5,120.56325018485862,20.518284528683193,1.5,0.0
9,Cell,29,29.0,234.0,327.0,-15.0,-14.0,0.0,120.56325018485862,20.518284528683193,0.0,0.0
9,Cell,30,30.0,234.0,327.0,-15.0,-14.0,0.0,120.56325018485862,20.518284528683193,0.0,0.0
9,Cell,31,31.0,226.0,318.0,-23.0,-23.0,12.041594578792296,132.6048447636509,32.526911934581186,12.041594578792296,-131.6335393365702
9,Cell,32,32.0,226.0,318.0,-23.0,-23.0,0.0,132.6048447636509,32.526911934581186,0.0,0.0
9,Cell,33,33.0,226.0,318.0,-23.0,-23.0,0.0,132.6048447636509,32.526911934581186,0.0,0.0
9,Cell,34,34.0,243.0,316.0,-6.0,-25.0,17.11724276862369,149.7220875322746,25.709920264364882,17.11724276862369,-6.709836807756933
9,Cell,35,35.0,243.0,316.0,-6.0,-25.0,0.0,149.7220875322746,25.709920264364882,0.0,0.0
9,Cell,36,36.0,244.0,316.0,-5.0,-25.0,1.0,150.7220875322746,25.495097567963924,1.0,0.0
9,Cell,37,37.0,248.0,320.5,-1.0,-20.5,6.020797289396148,156.74288482167074,20.524375751773793,6.020797289396148,48.36646066342981
9,Cell,38,38.0,250.0,325.5,1.0,-15.5,5.385164807134504,162.12804962880526,15.532224567009067,5.385164807134504,68.19859051364818
9,Cell,39,39.0,250.0,327.0,1.0,-14.0,1.5,163.62804962880526,14.035668847618199,1.5,90.0
9,Cell,40,40.0,234.06852791878174,320.39086294416245,-14.93147208121826,-20.60913705583755,17.24797075883079,180.87602038763606,25.44966382289748,17.24797075883079,-157.46898676233053
9,Cell,41,41.0,237.0,321.0,-12.0,-20.0,2.9940902651317236,183.87011065276778,23.323807579381203,2.9940902651317236,11.73857120672213
9,Cell,42,42.0,237.0,321.0,-12.0,-20.0,0.0,183.87011065276778,23.323807579381203,0.0,0.0
9,Cell,43,43.0,239.5,311.0,-9.5,-30.0,10.307764064044152,194.17787471681194,31.468237955119125,10.307764064044152,-75.96375653207353
9,Cell,44,44.0,240.0,311.0,-9.0,-30.0,0.5,194.67787471681194,31.32091952673165,0.5,0.0
9,Cell,45,45.0,244.0,311.0,-5.0,-30.0,4.0,198.67787471681194,30.4138126514911,4.0,0.0
9,Cell,46,46.0,244.0,311.0,-5.0,-30.0,0.0,198.67787471681194,30.4138126514911,0.0,0.0
9,Cell,47,47.0,245.0,315.0,-4.0,-26.0,4.123105625617661,202.8009803424296,26.30589287593181,4.123105625617661,75.96375653207353
9,Cell,48,48.0,246.0,315.0,-3.0,-26.0,1.0,203.8009803424296,26.1725046566048,1.0,0.0
9,Cell,49,49.0,251.0,310.0,2.0,-31.0,7.0710678118654755,210.87204815429507,31.064449134018133,7.0710678118654755,-45.0
9,Cell,50,50.0,248.0,310.0,-1.0,-31.0,3.0,213.87204815429507,31.016124838541646,3.0,180.0
9,Cell,51,51.0,233.0,309.0,-16.0,-32.0,15.033296378372908,228.90534453266798,35.77708763999664,15.033296378372908,-176.18592516570965
9,Cell,52,52.0,231.0,310.0,-18.0,-31.0,2.23606797749979,231.14141251016778,35.84689665786984,2.23606797749979,153.43494882292202
9,Cell,53,53.0,227.0,310.0,-22.0,-31.0,4.0,235.14141251016778,38.01315561749642,4.0,180.0
9,Cell,54,54.0,227.0,310.0,-22.0,-31.0,0.0,235.14141251016778,38.01315561749642,0.0,0.0
9,Cell,55,55.0,227.0,310.0,-22.0,-31.0,0.0,235.14141251016778,38.01315561749642,0.0,0.0
9,Cell,56,56.0,227.0,310.0,-22.0,-31.0,0.0,235.14141251016778,38.01315561749642,0.0,0.0
9,Cell,57,57.0,229.0,310.0,-20.0,-31.0,2.0,237.14141251016778,36.89173349139343,2.0,0.0
9,Cell,58,58.0,229.0,310.0,-20.0,-31.0,0.0,237.14141251016778,36.89173349139343,0.0,0.0
9,Cell,59,59.0,229.0,310.0,-20.0,-31.0,0.0,237.14141251016778,36.89173349139343,0.0,0.0
9,Cell,60,60.0,229.0,310.0,-20.0,-31.0,0.0,237.14141251016778,36.89173349139343,0.0,0.0
9,Cell,61,61.0,226.0,320.0,-23.0,-21.0,10.44030650891055,247.58171901907832,31.144823004794873,10.44030650891055,106.69924423399362
9,Cell,62,62.0,227.0,326.0,-22.0,-15.0,6.082762530298219,253.66448154937655,26.627053911388696,6.082762530298219,80.53767779197439
9,Cell,63,63.0,227.0,326.0,-22.0,-15.0,0.0,253.66448154937655,26.627053911388696,0.0,0.0
9,Cell,64,64.0,227.0,326.0,-22.0,-15.0,0.0,253.66448154937655,26.627053911388696,0.0,0.0
9,Cell,65,65.0,219.0,326.0,-30.0,-15.0,8.0,261.66448154937655,33.54101966249684,8.0,180.0
9,Cell,66,66.0,219.0,326.0,-30.0,-15.0,0.0,261.66448154937655,33.54101966249684,0.0,0.0
9,Cell,67,67.0,223.0,321.0,-26.0,-20.0,6.4031242374328485,268.0676057868094,32.802438933713454,6.4031242374328485,-51.34019174590991
9,Cell,68,68.0,223.0,321.0,-26.0,-20.0,0.0,268.0676057868094,32.802438933713454,0.0,0.0
9,Cell,69,69.0,224.0,321.0,-25.0,-20.0,1.0,269.0676057868094,32.01562118716424,1.0,0.0
9,Cell,70,70.0,221.0,321.0,-28.0,-20.0,3.0,272.0676057868094,34.40930106817051,3.0,180.0
9,Cell,71,71.0,221.0,321.0,-28.0,-20.0,0.0,272.0676057868094,34.40930106817051,0.0,0.0
9,Cell,72,72.0,219.0,321.0,-30.0,-20.0,2.0,274.0676057868094,36.05551275463989,2.0,180.0
9,Cell,73,73.0,205.0,327.0,-44.0,-14.0,15.231546211727817,289.29915199853724,46.17358552246078,15.231546211727817,156.80140948635182
9,Cell,74,74.0,205.0,327.0,-44.0,-14.0,0.0,289.29915199853724,46.17358552246078,0.0,0.0
9,Cell,75,75.0,215.0,324.0,-34.0,-17.0,10.44030650891055,299.7394585074478,38.01315561749642,10.44030650891055,-16.69924423399362
9,Cell,76,76.0,221.0,330.0,-28.0,-11.0,8.48528137423857,308.2247398816864,30.083217912982647,8.48528137423857,45.0
9,Cell,77,77.0,218.0,339.0,-31.0,-2.0,9.486832980505138,317.71157286219153,31.064449134018133,9.486832980505138,108.43494882292201
26,Cell,0,0.0,206.0,458.0,0.0,0.0,0.0,0.0,0.0,0.0,0.0
26,Cell,1,1.0,206.0,458.0,0.0,0.0,0.0,0.0,0.0,0.0,0.0
26,Cell,2,2.0,186.5,458.0,-19.5,0.0,19.5,19.5,19.5,19.5,180.0
26,Cell,3,3.0,188.0,460.0,-18.0,2.0,2.5,22.0,18.110770276274835,2.5,53.13010235415598
26,Cell,4,4.0,188.0,460.5,-18.0,2.5,0.5,22.5,18.172781845386247,0.5,90.0
26,Cell,5,5.0,197.5,461.0,-8.5,3.0,9.513148795220223,32.013148795220225,9.013878188659973,9.513148795220223,3.0127875041833403
26,Cell,6,6.0,198.0,464.0,-8.0,6.0,3.0413812651491097,35.05453006036934,10.0,3.0413812651491097,80.53767779197439
26,Cell,7,7.0,208.0,451.0,2.0,-7.0,16.401219466856727,51.45574952722606,7.280109889280518,16.401219466856727,-52.43140797117251
26,Cell,8,8.0,197.0,454.0,-9.0,-4.0,11.40175425099138,62.85750377821744,9.848857801796104,11.40175425099138,164.74488129694225
26,Cell,9,9.0,197.0,454.0,-9.0,-4.0,0.0,62.85750377821744,9.848857801796104,0.0,0.0
26,Cell,10,10.0,197.0,454.0,-9.0,-4.0,0.0,62.85750377821744,9.848857801796104,0.0,0.0
26,Cell,11,11.0,197.0,454.0,-9.0,-4.0,0.0,62.85750377821744,9.848857801796104,0.0,0.0
26,Cell,12,12.0,198.5,454.0,-7.5,-4.0,1.5,64.35750377821745,8.5,1.5,0.0
26,Cell,13,13.0,208.0,456.0,2.0,-2.0,9.7082439194738,74.06574769769125,2.8284271247461903,9.7082439194738,11.888658039627973
26,Cell,14,14.0,208.0,456.0,2.0,-2.0,0.0,74.06574769769125,2.8284271247461903,0.0,0.0
26,Cell,15,15.0,198.0,453.0,-8.0,-5.0,10.44030650891055,84.5060542066018,9.433981132056603,10.44030650891055,-163.30075576600638
26,Cell,16,16.0,201.0,453.0,-5.0,-5.0,3.0,87.5060542066018,7.0710678118654755,3.0,0.0
26,Cell,17,17.0,207.0,455.0,1.0,-3.0,6.324555320336759,93.83060952693856,3.1622776601683795,6.324555320336759,18.43494882292201
26,Cell,18,18.0,221.0,446.0,15.0,-12.0,16.64331697709324,110.4739265040318,19.209372712298546,16.64331697709324,-32.7352262721076
26,Cell,19,19.0,226.5,447.0,20.5,-11.0,5.5901699437494745,116.06409644778127,23.264780248263683,5.5901699437494745,10.304846468766033
26,Cell,20,20.0,227.0,447.0,21.0,-11.0,0.5,116.56409644778127,23.706539182259394,0.5,0.0
26,Cell,21,21.0,227.0,447.0,21.0,-11.0,0.0,116.56409644778127,23.706539182259394,0.0,0.0
26,Cell,22,22.0,226.0,447.0,20.0,-11.0,1.0,117.56409644778127,22.825424421026653,1.0,180.0
26,Cell,23,23.0,226.0,447.0,20.0,-11.0,0.0,117.56409644778127,22.825424421026653,0.0,0.0
26,Cell,24,24.0,226.0,448.0,20.0,-10.0,1.0,118.56409644778127,22.360679774997898,1.0,90.0
26,Cell,25,25.0,221.0,448.0,15.0,-10.0,5.0,123.56409644778127,18.027756377319946,5.0,180.0
26,Cell,26,26.0,221.0,448.0,15.0,-10.0,0.0,123.56409644778127,18.027756377319946,0.0,0.0
26,Cell,27,27.0,219.0,457.0,13.0,-1.0,9.219544457292887,132.78364090507415,13.038404810405298,9.219544457292887,102.52880770915151
26,Cell,28,28.0,221.0,448.0,15.0,-10.0,9.219544457292887,142.00318536236705,18.027756377319946,9.219544457292887,-77.47119229084849
26,Cell,29,29.0,219.0,449.0,13.0,-9.0,2.23606797749979,144.23925333986685,15.811388300841896,2.23606797749979,153.43494882292202
26,Cell,30,30.0,219.0,449.0,13.0,-9.0,0.0,144.23925333986685,15.811388300841896,0.0,0.0
26,Cell,31,31.0,219.0,449.0,13.0,-9.0,0.0,144.23925333986685,15.811388300841896,0.0,0.0
26,Cell,32,32.0,219.0,449.0,13.0,-9.0,0.0,144.23925333986685,15.811388300841896,0.0,0.0
26,Cell,33,33.0,219.0,449.0,13.0,-9.0,0.0,144.23925333986685,15.811388300841896,0.0,0.0
26,Cell,34,34.0,219.0,449.0,13.0,-9.0,0.0,144.23925333986685,15.811388300841896,0.0,0.0
26,Cell,35,35.0,219.0,449.0,13.0,-9.0,0.0,144.23925333986685,15.811388300841896,0.0,0.0
26,Cell,36,36.0,219.0,449.0,13.0,-9.0,0.0,144.23925333986685,15.811388300841896,0.0,0.0
26,Cell,37,37.0,219.0,449.0,13.0,-9.0,0.0,144.23925333986685,15.811388300841896,0.0,0.0
26,Cell,38,38.0,219.0,449.0,13.0,-9.0,0.0,144.23925333986685,15.811388300841896,0.0,0.0
26,Cell,39,39.0,204.0,453.0,-2.0,-5.0,15.524174696260024,159.76342803612687,5.385164807134504,15.524174696260024,165.06858282186246
26,Cell,40,40.0,191.0,453.0,-15.0,-5.0,13.0,172.76342803612687,15.811388300841896,13.0,180.0
26,Cell,41,41.0,191.0,453.0,-15.0,-5.0,0.0,172.76342803612687,15.811388300841896,0.0,0.0
26,Cell,42,42.0,183.0,453.0,-23.0,-5.0,8.0,180.76342803612687,23.53720459187964,8.0,180.0
26,Cell,43,43.0,180.0,453.0,-26.0,-5.0,3.0,183.76342803612687,26.476404589747453,3.0,180.0
26,Cell,44,44.0,176.0,453.0,-30.0,-5.0,4.0,187.76342803612687,30.4138126514911,4.0,180.0
26,Cell,45,45.0,176.0,453.0,-30.0,-5.0,0.0,187.76342803612687,30.4138126514911,0.0,0.0
26,Cell,46,46.0,176.0,453.0,-30.0,-5.0,0.0,187.76342803612687,30.4138126514911,0.0,0.0
26,Cell,47,47.0,176.0,453.0,-30.0,-5.0,0.0,187.76342803612687,30.4138126514911,0.0,0.0
26,Cell,48,48.0,179.0,441.0,-27.0,-17.0,12.36931687685298,200.13274491297986,31.906112267087632,12.36931687685298,-75.96375653207353
26,Cell,49,49.0,179.0,441.0,-27.0,-17.0,0.0,200.13274491297986,31.906112267087632,0.0,0.0
26,Cell,50,50.0,163.0,442.0,-43.0,-16.0,16.0312195418814,216.16396445486126,45.880278987817846,16.0312195418814,176.42366562500266
26,Cell,51,51.0,163.0,444.5,-43.0,-13.5,2.5,218.66396445486126,45.069390943299865,2.5,90.0
26,Cell,52,52.0,163.0,446.0,-43.0,-12.0,1.5,220.16396445486126,44.64302857109943,1.5,90.0
26,Cell,53,53.0,163.0,449.0,-43.0,-9.0,3.0,223.16396445486126,43.93176527297759,3.0,90.0
26,Cell,54,54.0,162.0,450.0,-44.0,-8.0,1.4142135623730951,224.57817801723436,44.721359549995796,1.4142135623730951,135.0
26,Cell,55,55.0,162.0,456.0,-44.0,-2.0,6.0,230.57817801723436,44.04543109109048,6.0,90.0
26,Cell,56,56.0,148.0,459.0,-58.0,1.0,14.317821063276353,244.8959990805107,58.008620049092706,14.317821063276353,167.90524292298792
26,Cell,57,57.0,146.0,456.0,-60.0,-2.0,3.605551275463989,248.5015503559747,60.03332407921454,3.605551275463989,-123.6900675259798
26,Cell,58,58.0,141.0,452.0,-65.0,-6.0,6.4031242374328485,254.90467459340755,65.27633568147036,6.4031242374328485,-141.34019174590992
26,Cell,59,59.0,141.0,452.0,-65.0,-6.0,0.0,254.90467459340755,65.27633568147036,0.0,0.0
26,Cell,60,60.0,137.0,452.0,-69.0,-6.0,4.0,258.90467459340755,69.26037828369117,4.0,180.0
26,Cell,61,61.0,136.0,452.0,-70.0,-6.0,1.0,259.90467459340755,70.25667228100119,1.0,180.0
26,Cell,62,62.0,136.0,452.0,-70.0,-6.0,0.0,259.90467459340755,70.25667228100119,0.0,0.0
26,Cell,63,63.0,136.0,452.0,-70.0,-6.0,0.0,259.90467459340755,70.25667228100119,0.0,0.0
26,Cell,64,64.0,136.0,452.0,-70.0,-6.0,0.0,259.90467459340755,70.25667228100119,0.0,0.0
26,Cell,65,65.0,136.0,452.0,-70.0,-6.0,0.0,259.90467459340755,70.25667228100119,0.0,0.0
26,Cell,66,66.0,126.0,451.0,-80.0,-7.0,10.04987562112089,269.95455021452847,80.30566605165541,10.04987562112089,-174.28940686250036
26,Cell,67,67.0,124.0,459.0,-82.0,1.0,8.246211251235321,278.2007614657638,82.00609733428362,8.246211251235321,104.0362434679265
26,Cell,68,68.0,127.0,463.0,-79.0,5.0,5.0,283.2007614657638,79.1580697086532,5.0,53.13010235415598
26,Cell,69,69.0,127.0,463.0,-79.0,5.0,0.0,283.2007614657638,79.1580697086532,0.0,0.0
26,Cell,70,70.0,149.0,460.0,-57.0,2.0,22.20360331117452,305.4043647769383,57.0350769263968,22.20360331117452,-7.765166018425334
26,Cell,71,71.0,144.0,462.0,-62.0,4.0,5.385164807134504,310.7895295840728,62.12889826803627,5.385164807134504,158.19859051364818
26,Cell,72,72.0,126.0,462.0,-80.0,4.0,18.0,328.7895295840728,80.09993757800315,18.0,180.0
26,Cell,73,73.0,117.0,462.0,-89.0,4.0,9.0,337.7895295840728,89.08984229416954,9.0,180.0
18,Cell,0,0.0,389.0,169.0,0.0,0.0,0.0,0.0,0.0,0.0,0.0
18,Cell,1,1.0,389.0,169.0,0.0,0.0,0.0,0.0,0.0,0.0,0.0
18,Cell,2,2.0,389.0,169.0,0.0,0.0,0.0,0.0,0.0,0.0,0.0
18,Cell,3,3.0,389.0,169.0,0.0,0.0,0.0,0.0,0.0,0.0,0.0
18,Cell,4,4.0,389.0,169.0,0.0,0.0,0.0,0.0,0.0,0.0,0.0
18,Cell,5,5.0,389.0,169.0,0.0,0.0,0.0,0.0,0.0,0.0,0.0
18,Cell,6,6.0,389.0,169.0,0.0,0.0,0.0,0.0,0.0,0.0,0.0
18,Cell,7,7.0,389.0,169.0,0.0,0.0,0.0,0.0,0.0,0.0,0.0
18,Cell,8,8.0,389.5,169.0,0.5,0.0,0.5,0.5,0.5,0.5,0.0
18,Cell,9,9.0,390.0,169.0,1.0,0.0,0.5,1.0,1.0,0.5,0.0
18,Cell,10,10.0,391.0,166.0,2.0,-3.0,3.1622776601683795,4.16227766016838,3.605551275463989,3.1622776601683795,-71.56505117707799
18,Cell,11,11.0,391.0,166.0,2.0,-3.0,0.0,4.16227766016838,3.605551275463989,0.0,0.0
18,Cell,12,12.0,393.0,163.0,4.0,-6.0,3.605551275463989,7.7678289356323695,7.211102550927978,3.605551275463989,-56.309932474020215
18,Cell,13,13.0,393.0,163.0,4.0,-6.0,0.0,7.7678289356323695,7.211102550927978,0.0,0.0
18,Cell,14,14.0,394.0,163.0,5.0,-6.0,1.0,8.76782893563237,7.810249675906654,1.0,0.0
18,Cell,15,15.0,396.0,162.0,7.0,-7.0,2.23606797749979,11.00389691313216,9.899494936611665,2.23606797749979,-26.56505117707799
18,Cell,16,16.0,400.0,156.0,11.0,-13.0,7.211102550927978,18.21499946406014,17.029386365926403,7.211102550927978,-56.309932474020215
18,Cell,17,17.0,402.0,155.0,13.0,-14.0,2.23606797749979,20.45106744155993,19.1049731745428,2.23606797749979,-26.56505117707799
18,Cell,18,18.0,412.0,153.0,23.0,-16.0,10.198039027185569,30.649106468745497,28.0178514522438,10.198039027185569,-11.309932474020213
18,Cell,19,19.0,412.0,153.0,23.0,-16.0,0.0,30.649106468745497,28.0178514522438,0.0,0.0
18,Cell,20,20.0,412.0,153.0,23.0,-16.0,0.0,30.649106468745497,28.0178514522438,0.0,0.0
18,Cell,21,21.0,412.0,152.5,23.0,-16.5,0.5,31.149106468745497,28.30635970943632,0.5,-90.0
18,Cell,22,22.0,412.0,152.0,23.0,-17.0,0.5,31.649106468745497,28.600699292150182,0.5,-90.0
18,Cell,23,23.0,412.0,152.0,23.0,-17.0,0.0,31.649106468745497,28.600699292150182,0.0,0.0
18,Cell,24,24.0,412.0,152.0,23.0,-17.0,0.0,31.649106468745497,28.600699292150182,0.0,0.0
18,Cell,25,25.0,412.0,152.0,23.0,-17.0,0.0,31.649106468745497,28.600699292150182,0.0,0.0
18,Cell,26,26.0,412.0,152.0,23.0,-17.0,0.0,31.649106468745497,28.600699292150182,0.0,0.0
18,Cell,27,27.0,412.0,151.5,23.0,-17.5,0.5,32.1491064687455,28.90069203323685,0.5,-90.0
18,Cell,28,28.0,412.0,151.0,23.0,-18.0,0.5,32.6491064687455,29.206163733020468,0.5,-90.0
18,Cell,29,29.0,412.0,151.0,23.0,-18.0,0.0,32.6491064687455,29.206163733020468,0.0,0.0
18,Cell,30,30.0,412.0,151.0,23.0,-18.0,0.0,32.6491064687455,29.206163733020468,0.0,0.0
18,Cell,31,31.0,412.0,151.0,23.0,-18.0,0.0,32.6491064687455,29.206163733020468,0.0,0.0
18,Cell,32,32.0,412.0,151.0,23.0,-18.0,0.0,32.6491064687455,29.206163733020468,0.0,0.0
18,Cell,33,33.0,412.0,151.0,23.0,-18.0,0.0,32.6491064687455,29.206163733020468,0.0,0.0
18,Cell,34,34.0,412.0,151.0,23.0,-18.0,0.0,32.6491064687455,29.206163733020468,0.0,0.0
18,Cell,35,35.0,412.0,151.0,23.0,-18.0,0.0,32.6491064687455,29.206163733020468,0.0,0.0
18,Cell,36,36.0,412.0,151.0,23.0,-18.0,0.0,32.6491064687455,29.206163733020468,0.0,0.0
18,Cell,37,37.0,412.0,151.0,23.0,-18.0,0.0,32.6491064687455,29.206163733020468,0.0,0.0
18,Cell,38,38.0,412.0,151.0,23.0,-18.0,0.0,32.6491064687455,29.206163733020468,0.0,0.0
18,Cell,39,39.0,412.0,151.0,23.0,-18.0,0.0,32.6491064687455,29.206163733020468,0.0,0.0
18,Cell,40,40.0,412.0,152.0,23.0,-17.0,1.0,33.6491064687455,28.600699292150182,1.0,90.0
18,Cell,41,41.0,412.0,152.0,23.0,-17.0,0.0,33.6491064687455,28.600699292150182,0.0,0.0
18,Cell,42,42.0,420.0,155.0,31.0,-14.0,8.54400374531753,42.19311021406303,34.0147027033899,8.54400374531753,20.556045219583464
18,Cell,43,43.0,420.0,155.0,31.0,-14.0,0.0,42.19311021406303,34.0147027033899,0.0,0.0
18,Cell,44,44.0,427.0,148.0,38.0,-21.0,9.899494936611665,52.0926051506747,43.41658669218482,9.899494936611665,-45.0
18,Cell,45,45.0,430.0,144.0,41.0,-25.0,5.0,57.0926051506747,48.02082881417188,5.0,-53.13010235415598
18,Cell,46,46.0,430.0,144.0,41.0,-25.0,0.0,57.0926051506747,48.02082881417188,0.0,0.0
18,Cell,47,47.0,434.0,141.0,45.0,-28.0,5.0,62.0926051506747,53.0,5.0,-36.86989764584402
18,Cell,48,48.0,434.0,140.0,45.0,-29.0,1.0,63.0926051506747,53.53503525729669,1.0,-90.0
18,Cell,49,49.0,432.0,135.0,43.0,-34.0,5.385164807134504,68.4777699578092,54.817880294662984,5.385164807134504,-111.80140948635182
18,Cell,50,50.0,432.0,135.0,43.0,-34.0,0.0,68.4777699578092,54.817880294662984,0.0,0.0
18,Cell,51,51.0,432.0,134.0,43.0,-35.0,1.0,69.4777699578092,55.44366510251645,1.0,-90.0
18,Cell,52,52.0,435.0,124.0,46.0,-45.0,10.44030650891055,79.91807646671975,64.35060217278468,10.44030650891055,-73.30075576600638
18,Cell,53,53.0,435.0,124.0,46.0,-45.0,0.0,79.91807646671975,64.35060217278468,0.0,0.0
18,Cell,54,54.0,435.0,124.0,46.0,-45.0,0.0,79.91807646671975,64.35060217278468,0.0,0.0
18,Cell,55,55.0,435.0,124.0,46.0,-45.0,0.0,79.91807646671975,64.35060217278468,0.0,0.0
18,Cell,56,56.0,425.0,138.0,36.0,-31.0,17.204650534085253,97.12272700080501,47.50789408087881,17.204650534085253,125.53767779197439
18,Cell,57,57.0,421.0,141.0,32.0,-28.0,5.0,102.12272700080501,42.5205832509386,5.0,143.13010235415598
18,Cell,58,58.0,415.0,135.0,26.0,-34.0,8.48528137423857,110.60800837504358,42.80186911806539,8.48528137423857,-135.0
18,Cell,59,59.0,415.0,116.0,26.0,-53.0,19.0,129.6080083750436,59.033888572581766,19.0,-90.0
44,Cell,0,0.0,92.0,59.0,0.0,0.0,0.0,0.0,0.0,0.0,0.0
44,Cell,1,1.0,92.0,59.0,0.0,0.0,0.0,0.0,0.0,0.0,0.0
44,Cell,2,2.0,92.0,59.0,0.0,0.0,0.0,0.0,0.0,0.0,0.0
44,Cell,3,3.0,92.0,59.5,0.0,0.5,0.5,0.5,0.5,0.5,90.0
44,Cell,4,4.0,92.0,60.0,0.0,1.0,0.5,1.0,1.0,0.5,90.0
44,Cell,5,5.0,92.0,60.0,0.0,1.0,0.0,1.0,1.0,0.0,0.0
44,Cell,6,6.0,92.0,60.0,0.0,1.0,0.0,1.0,1.0,0.0,0.0
44,Cell,7,7.0,92.0,60.0,0.0,1.0,0.0,1.0,1.0,0.0,0.0
44,Cell,8,8.0,92.0,60.0,0.0,1.0,0.0,1.0,1.0,0.0,0.0
44,Cell,9,9.0,92.0,60.0,0.0,1.0,0.0,1.0,1.0,0.0,0.0
44,Cell,10,10.0,92.0,60.0,0.0,1.0,0.0,1.0,1.0,0.0,0.0
44,Cell,11,11.0,92.0,60.0,0.0,1.0,0.0,1.0,1.0,0.0,0.0
44,Cell,12,12.0,92.0,60.0,0.0,1.0,0.0,1.0,1.0,0.0,0.0
44,Cell,13,13.0,92.0,60.0,0.0,1.0,0.0,1.0,1.0,0.0,0.0
44,Cell,14,14.0,92.0,60.0,0.0,1.0,0.0,1.0,1.0,0.0,0.0
44,Cell,15,15.0,92.0,60.0,0.0,1.0,0.0,1.0,1.0,0.0,0.0
44,Cell,16,16.0,92.0,60.0,0.0,1.0,0.0,1.0,1.0,0.0,0.0
44,Cell,17,17.0,92.0,60.0,0.0,1.0,0.0,1.0,1.0,0.0,0.0
44,Cell,18,18.0,92.0,60.0,0.0,1.0,0.0,1.0,1.0,0.0,0.0
44,Cell,19,19.0,92.0,60.0,0.0,1.0,0.0,1.0,1.0,0.0,0.0
44,Cell,20,20.0,92.0,60.0,0.0,1.0,0.0,1.0,1.0,0.0,0.0
44,Cell,21,21.0,92.0,60.0,0.0,1.0,0.0,1.0,1.0,0.0,0.0
44,Cell,22,22.0,92.0,60.0,0.0,1.0,0.0,1.0,1.0,0.0,0.0
44,Cell,23,23.0,92.0,60.0,0.0,1.0,0.0,1.0,1.0,0.0,0.0
44,Cell,24,24.0,92.0,60.0,0.0,1.0,0.0,1.0,1.0,0.0,0.0
44,Cell,25,25.0,92.0,60.0,0.0,1.0,0.0,1.0,1.0,0.0,0.0
44,Cell,26,26.0,92.0,60.0,0.0,1.0,0.0,1.0,1.0,0.0,0.0
44,Cell,27,27.0,92.0,60.0,0.0,1.0,0.0,1.0,1.0,0.0,0.0
44,Cell,28,28.0,96.0,63.0,4.0,4.0,5.0,6.0,5.656854249492381,5.0,36.86989764584402
44,Cell,29,29.0,96.0,63.0,4.0,4.0,0.0,6.0,5.656854249492381,0.0,0.0
44,Cell,30,30.0,96.0,63.0,4.0,4.0,0.0,6.0,5.656854249492381,0.0,0.0
44,Cell,31,31.0,96.0,63.0,4.0,4.0,0.0,6.0,5.656854249492381,0.0,0.0
44,Cell,32,32.0,104.0,52.0,12.0,-7.0,13.601470508735444,19.601470508735446,13.892443989449804,13.601470508735444,-53.9726266148964
44,Cell,33,33.0,123.0,59.0,31.0,0.0,20.248456731316587,39.84992724005203,31.0,20.248456731316587,20.224859431168078
44,Cell,34,34.0,123.0,62.0,31.0,3.0,3.0,42.84992724005203,31.144823004794873,3.0,90.0
44,Cell,35,35.0,122.0,67.0,30.0,8.0,5.0990195135927845,47.94894675364482,31.04834939252005,5.0990195135927845,101.30993247402021
44,Cell,36,36.0,121.0,67.0,29.0,8.0,1.0,48.94894675364482,30.083217912982647,1.0,180.0
44,Cell,37,37.0,121.0,67.0,29.0,8.0,0.0,48.94894675364482,30.083217912982647,0.0,0.0
44,Cell,38,38.0,117.0,67.0,25.0,8.0,4.0,52.94894675364482,26.248809496813376,4.0,180.0
44,Cell,39,39.0,117.0,67.0,25.0,8.0,0.0,52.94894675364482,26.248809496813376,0.0,0.0
44,Cell,40,40.0,112.0,63.0,20.0,4.0,6.4031242374328485,59.35207099107767,20.396078054371138,6.4031242374328485,-141.34019174590992
44,Cell,41,41.0,112.0,63.0,20.0,4.0,0.0,59.35207099107767,20.396078054371138,0.0,0.0
44,Cell,42,42.0,112.0,63.0,20.0,4.0,0.0,59.35207099107767,20.396078054371138,0.0,0.0
44,Cell,43,43.0,112.0,63.0,20.0,4.0,0.0,59.35207099107767,20.396078054371138,0.0,0.0
44,Cell,44,44.0,112.0,63.0,20.0,4.0,0.0,59.35207099107767,20.396078054371138,0.0,0.0
44,Cell,45,45.0,119.0,59.0,27.0,0.0,8.06225774829855,67.41432873937622,27.0,8.06225774829855,-29.744881296942225
44,Cell,46,46.0,119.0,59.0,27.0,0.0,0.0,67.41432873937622,27.0,0.0,0.0
44,Cell,47,47.0,120.0,59.0,28.0,0.0,1.0,68.41432873937622,28.0,1.0,0.0
44,Cell,48,48.0,120.0,59.0,28.0,0.0,0.0,68.41432873937622,28.0,0.0,0.0
44,Cell,49,49.0,120.0,59.0,28.0,0.0,0.0,68.41432873937622,28.0,0.0,0.0
44,Cell,50,50.0,120.0,59.0,28.0,0.0,0.0,68.41432873937622,28.0,0.0,0.0
44,Cell,51,51.0,120.0,59.0,28.0,0.0,0.0,68.41432873937622,28.0,0.0,0.0
44,Cell,52,52.0,119.59913560237707,59.59913560237709,27.599135602377075,0.5991356023770891,0.7208715109624934,69.13520025033871,27.605638001474148,0.7208715109624934,123.78534206633265
44,Cell,53,53.0,119.0,60.0,27.0,1.0,0.7208715109624735,69.85607176130118,27.018512172212592,0.7208715109624735,146.2146579336677
44,Cell,54,54.0,119.0,60.0,27.0,1.0,0.0,69.85607176130118,27.018512172212592,0.0,0.0
44,Cell,55,55.0,119.0,60.0,27.0,1.0,0.0,69.85607176130118,27.018512172212592,0.0,0.0
44,Cell,56,56.0,118.0,60.0,26.0,1.0,1.0,70.85607176130118,26.019223662515376,1.0,180.0
44,Cell,57,57.0,108.0,60.0,16.0,1.0,10.0,80.85607176130118,16.0312195418814,10.0,180.0
45,Cell,0,0.0,43.0,75.0,0.0,0.0,0.0,0.0,0.0,0.0,0.0
45,Cell,1,1.0,44.0,75.0,1.0,0.0,1.0,1.0,1.0,1.0,0.0
45,Cell,2,2.0,45.0,75.0,2.0,0.0,1.0,2.0,2.0,1.0,0.0
45,Cell,3,3.0,50.0,80.0,7.0,5.0,7.0710678118654755,9.071067811865476,8.602325267042627,7.0710678118654755,45.0
45,Cell,4,4.0,53.0,85.0,10.0,10.0,5.830951894845301,14.902019706710776,14.142135623730951,5.830951894845301,59.03624346792648
45,Cell,5,5.0,48.0,89.5,5.0,14.5,6.726812023536855,21.628831730247633,15.337861650177967,6.726812023536855,138.01278750418336
45,Cell,6,6.0,48.0,90.0,5.0,15.0,0.5,22.128831730247633,15.811388300841896,0.5,90.0
45,Cell,7,7.0,48.0,90.0,5.0,15.0,0.0,22.128831730247633,15.811388300841896,0.0,0.0
45,Cell,8,8.0,49.0,90.0,6.0,15.0,1.0,23.128831730247633,16.15549442140351,1.0,0.0
45,Cell,9,9.0,51.0,78.5,8.0,3.5,11.672617529928752,34.80144926017638,8.73212459828649,11.672617529928752,-80.13419305691563
45,Cell,10,10.0,52.0,80.0,9.0,5.0,1.8027756377319946,36.60422489790838,10.295630140987,1.8027756377319946,56.309932474020215
45,Cell,11,11.0,52.0,81.0,9.0,6.0,1.0,37.60422489790838,10.816653826391969,1.0,90.0
45,Cell,12,12.0,52.0,82.0,9.0,7.0,1.0,38.60422489790838,11.40175425099138,1.0,90.0
45,Cell,13,13.0,52.0,86.5,9.0,11.5,4.5,43.10422489790838,14.603081866510234,4.5,90.0
45,Cell,14,14.0,48.0,93.0,5.0,18.0,7.632168761236874,50.73639365914526,18.681541692269406,7.632168761236874,121.60750224624891
45,Cell,15,15.0,49.0,66.0,6.0,-9.0,27.018512172212592,77.75490583135785,10.816653826391969,27.018512172212592,-87.87890360333854
45,Cell,16,16.0,49.0,85.0,6.0,10.0,19.0,96.75490583135785,11.661903789690601,19.0,90.0
45,Cell,17,17.0,49.0,85.0,6.0,10.0,0.0,96.75490583135785,11.661903789690601,0.0,0.0
45,Cell,18,18.0,56.0,93.0,13.0,18.0,10.63014581273465,107.3850516440925,22.20360331117452,10.63014581273465,48.81407483429036
45,Cell,19,19.0,56.0,93.0,13.0,18.0,0.0,107.3850516440925,22.20360331117452,0.0,0.0
45,Cell,20,20.0,56.0,93.0,13.0,18.0,0.0,107.3850516440925,22.20360331117452,0.0,0.0
45,Cell,21,21.0,56.0,93.0,13.0,18.0,0.0,107.3850516440925,22.20360331117452,0.0,0.0
45,Cell,22,22.0,56.0,93.0,13.0,18.0,0.0,107.3850516440925,22.20360331117452,0.0,0.0
45,Cell,23,23.0,56.0,93.0,13.0,18.0,0.0,107.3850516440925,22.20360331117452,0.0,0.0
45,Cell,24,24.0,56.0,93.0,13.0,18.0,0.0,107.3850516440925,22.20360331117452,0.0,0.0
45,Cell,25,25.0,56.0,93.0,13.0,18.0,0.0,107.3850516440925,22.20360331117452,0.0,0.0
45,Cell,26,26.0,56.0,93.0,13.0,18.0,0.0,107.3850516440925,22.20360331117452,0.0,0.0
45,Cell,27,27.0,56.0,93.0,13.0,18.0,0.0,107.3850516440925,22.20360331117452,0.0,0.0
45,Cell,28,28.0,56.0,93.0,13.0,18.0,0.0,107.3850516440925,22.20360331117452,0.0,0.0
45,Cell,29,29.0,57.0,94.0,14.0,19.0,1.4142135623730951,108.79926520646559,23.600847442411894,1.4142135623730951,45.0
45,Cell,30,30.0,57.0,84.0,14.0,9.0,10.0,118.79926520646559,16.64331697709324,10.0,-90.0
45,Cell,31,31.0,57.0,84.0,14.0,9.0,0.0,118.79926520646559,16.64331697709324,0.0,0.0
45,Cell,32,32.0,61.0,87.0,18.0,12.0,5.0,123.79926520646559,21.633307652783937,5.0,36.86989764584402
45,Cell,33,33.0,61.0,87.0,18.0,12.0,0.0,123.79926520646559,21.633307652783937,0.0,0.0
45,Cell,34,34.0,59.0,84.0,16.0,9.0,3.605551275463989,127.40481648192959,18.35755975068582,3.605551275463989,-123.6900675259798
45,Cell,35,35.0,59.0,84.0,16.0,9.0,0.0,127.40481648192959,18.35755975068582,0.0,0.0
45,Cell,36,36.0,54.0,80.0,11.0,5.0,6.4031242374328485,133.80794071936242,12.083045973594572,6.4031242374328485,-141.34019174590992
45,Cell,37,37.0,54.0,80.0,11.0,5.0,0.0,133.80794071936242,12.083045973594572,0.0,0.0
45,Cell,38,38.0,54.0,80.0,11.0,5.0,0.0,133.80794071936242,12.083045973594572,0.0,0.0
45,Cell,39,39.0,54.0,80.0,11.0,5.0,0.0,133.80794071936242,12.083045973594572,0.0,0.0
45,Cell,40,40.0,54.0,80.0,11.0,5.0,0.0,133.80794071936242,12.083045973594572,0.0,0.0
45,Cell,41,41.0,55.0,80.0,12.0,5.0,1.0,134.80794071936242,13.0,1.0,0.0
45,Cell,42,42.0,57.0,82.0,14.0,7.0,2.8284271247461903,137.6363678441086,15.652475842498529,2.8284271247461903,45.0
45,Cell,43,43.0,57.0,82.0,14.0,7.0,0.0,137.6363678441086,15.652475842498529,0.0,0.0
45,Cell,44,44.0,57.0,82.0,14.0,7.0,0.0,137.6363678441086,15.652475842498529,0.0,0.0
45,Cell,45,45.0,59.0,98.0,16.0,23.0,16.1245154965971,153.7608833407057,28.0178514522438,16.1245154965971,82.87498365109819
45,Cell,46,46.0,59.0,98.0,16.0,23.0,0.0,153.7608833407057,28.0178514522438,0.0,0.0
45,Cell,47,47.0,59.0,98.0,16.0,23.0,0.0,153.7608833407057,28.0178514522438,0.0,0.0
45,Cell,48,48.0,59.0,97.0,16.0,22.0,1.0,154.7608833407057,27.202941017470888,1.0,-90.0
45,Cell,49,49.0,59.0,96.0,16.0,21.0,1.0,155.7608833407057,26.40075756488817,1.0,-90.0
45,Cell,50,50.0,59.0,95.5,16.0,20.5,0.5,156.2608833407057,26.004807247891687,0.5,-90.0
45,Cell,51,51.0,59.0,95.0,16.0,20.0,0.5,156.7608833407057,25.612496949731394,0.5,-90.0
45,Cell,52,52.0,59.0,95.0,16.0,20.0,0.0,156.7608833407057,25.612496949731394,0.0,0.0
45,Cell,53,53.0,59.0,95.0,16.0,20.0,0.0,156.7608833407057,25.612496949731394,0.0,0.0
45,Cell,54,54.0,57.0,94.0,14.0,19.0,2.23606797749979,158.9969513182055,23.600847442411894,2.23606797749979,-153.43494882292202
1,Cell,0,0.0,193.0,199.0,0.0,0.0,0.0,0.0,0.0,0.0,0.0
1,Cell,1,1.0,193.0,199.0,0.0,0.0,0.0,0.0,0.0,0.0,0.0
1,Cell,2,2.0,193.0,199.0,0.0,0.0,0.0,0.0,0.0,0.0,0.0
1,Cell,3,3.0,195.4008643976229,199.5991356023771,2.400864397622911,0.5991356023770891,2.474492539048962,2.474492539048962,2.474492539048962,2.474492539048962,14.01197202452225
1,Cell,4,4.0,201.4008643976229,212.5991356023771,8.400864397622911,13.599135602377089,14.317821063276353,16.792313602325315,15.984711813451257,14.317821063276353,65.22485943116808
1,Cell,5,5.0,202.0,213.0,9.0,14.0,0.7208715109624854,17.5131851132878,16.64331697709324,0.7208715109624854,33.7853420663317
1,Cell,6,6.0,204.0,215.0,11.0,16.0,2.8284271247461903,20.341612238033992,19.4164878389476,2.8284271247461903,45.0
1,Cell,7,7.0,204.0,215.0,11.0,16.0,0.0,20.341612238033992,19.4164878389476,0.0,0.0
1,Cell,8,8.0,204.5,204.0,11.5,5.0,11.01135777277262,31.35297001080661,12.539936203984453,11.01135777277262,-87.39743779750019
1,Cell,9,9.0,205.0,204.0,12.0,5.0,0.5,31.85297001080661,13.0,0.5,0.0
1,Cell,10,10.0,205.0,204.0,12.0,5.0,0.0,31.85297001080661,13.0,0.0,0.0
1,Cell,11,11.0,209.0,204.0,16.0,5.0,4.0,35.852970010806615,16.76305461424021,4.0,0.0
1,Cell,12,12.0,210.0,204.0,17.0,5.0,1.0,36.852970010806615,17.72004514666935,1.0,0.0
1,Cell,13,13.0,210.0,204.0,17.0,5.0,0.0,36.852970010806615,17.72004514666935,0.0,0.0
1,Cell,14,14.0,210.0,204.0,17.0,5.0,0.0,36.852970010806615,17.72004514666935,0.0,0.0
1,Cell,15,15.0,210.0,204.0,17.0,5.0,0.0,36.852970010806615,17.72004514666935,0.0,0.0
1,Cell,16,16.0,210.0,204.0,17.0,5.0,0.0,36.852970010806615,17.72004514666935,0.0,0.0
1,Cell,17,17.0,208.0,204.0,15.0,5.0,2.0,38.852970010806615,15.811388300841896,2.0,180.0
1,Cell,18,18.0,208.0,204.0,15.0,5.0,0.0,38.852970010806615,15.811388300841896,0.0,0.0
1,Cell,19,19.0,201.0,202.0,8.0,3.0,7.280109889280518,46.13307990008713,8.54400374531753,7.280109889280518,-164.05460409907712
1,Cell,20,20.0,183.0,202.0,-10.0,3.0,18.0,64.13307990008713,10.44030650891055,18.0,180.0
1,Cell,21,21.0,183.0,202.0,-10.0,3.0,0.0,64.13307990008713,10.44030650891055,0.0,0.0
1,Cell,22,22.0,188.0,207.0,-5.0,8.0,7.0710678118654755,71.2041477119526,9.433981132056603,7.0710678118654755,45.0
1,Cell,23,23.0,190.0,201.0,-3.0,2.0,6.324555320336759,77.52870303228936,3.605551275463989,6.324555320336759,-71.56505117707799
1,Cell,24,24.0,190.0,201.0,-3.0,2.0,0.0,77.52870303228936,3.605551275463989,0.0,0.0
1,Cell,25,25.0,189.0,200.0,-4.0,1.0,1.4142135623730951,78.94291659466245,4.123105625617661,1.4142135623730951,-135.0
1,Cell,26,26.0,189.0,200.0,-4.0,1.0,0.0,78.94291659466245,4.123105625617661,0.0,0.0
1,Cell,27,27.0,179.0,195.0,-14.0,-4.0,11.180339887498949,90.1232564821614,14.560219778561036,11.180339887498949,-153.43494882292202
1,Cell,28,28.0,179.0,195.0,-14.0,-4.0,0.0,90.1232564821614,14.560219778561036,0.0,0.0
1,Cell,29,29.0,179.0,195.0,-14.0,-4.0,0.0,90.1232564821614,14.560219778561036,0.0,0.0
1,Cell,30,30.0,179.0,195.0,-14.0,-4.0,0.0,90.1232564821614,14.560219778561036,0.0,0.0
1,Cell,31,31.0,179.0,195.0,-14.0,-4.0,0.0,90.1232564821614,14.560219778561036,0.0,0.0
1,Cell,32,32.0,179.0,195.0,-14.0,-4.0,0.0,90.1232564821614,14.560219778561036,0.0,0.0
1,Cell,33,33.0,179.0,195.0,-14.0,-4.0,0.0,90.1232564821614,14.560219778561036,0.0,0.0
1,Cell,34,34.0,179.0,195.0,-14.0,-4.0,0.0,90.1232564821614,14.560219778561036,0.0,0.0
1,Cell,35,35.0,179.0,195.0,-14.0,-4.0,0.0,90.1232564821614,14.560219778561036,0.0,0.0
1,Cell,36,36.0,179.0,195.0,-14.0,-4.0,0.0,90.1232564821614,14.560219778561036,0.0,0.0
1,Cell,37,37.0,177.0,195.0,-16.0,-4.0,2.0,92.1232564821614,16.492422502470642,2.0,180.0
1,Cell,38,38.0,177.0,195.0,-16.0,-4.0,0.0,92.1232564821614,16.492422502470642,0.0,0.0
1,Cell,39,39.0,177.0,195.0,-16.0,-4.0,0.0,92.1232564821614,16.492422502470642,0.0,0.0
1,Cell,40,40.0,177.0,195.0,-16.0,-4.0,0.0,92.1232564821614,16.492422502470642,0.0,0.0
1,Cell,41,41.0,168.0,183.0,-25.0,-16.0,15.0,107.1232564821614,29.68164415931166,15.0,-126.86989764584402
1,Cell,42,42.0,168.0,184.5,-25.0,-14.5,1.5,108.6232564821614,28.90069203323685,1.5,90.0
1,Cell,43,43.0,168.0,186.0,-25.0,-13.0,1.5,110.1232564821614,28.178005607210743,1.5,90.0
1,Cell,44,44.0,168.5991356023771,186.4008643976229,-24.40086439762291,-12.599135602377089,0.7208715109624854,110.84412799312388,27.461616872978677,0.7208715109624854,33.7853420663317
1,Cell,45,45.0,172.0,187.0,-21.0,-12.0,3.4532364704802365,114.29736446360411,24.186773244895647,3.4532364704802365,9.991363600058119
1,Cell,46,46.0,172.0,187.0,-21.0,-12.0,0.0,114.29736446360411,24.186773244895647,0.0,0.0
1,Cell,47,47.0,172.0,187.0,-21.0,-12.0,0.0,114.29736446360411,24.186773244895647,0.0,0.0
1,Cell,48,48.0,170.0,187.0,-23.0,-12.0,2.0,116.29736446360411,25.942243542145693,2.0,180.0
16,Cell,0,0.0,378.0,167.0,0.0,0.0,0.0,0.0,0.0,0.0,0.0
16,Cell,1,1.0,378.0,166.5,0.0,-0.5,0.5,0.5,0.5,0.5,-90.0
16,Cell,2,2.0,370.0,172.0,-8.0,5.0,9.7082439194738,10.2082439194738,9.433981132056603,9.7082439194738,145.49147701233161
16,Cell,3,3.0,370.0,172.0,-8.0,5.0,0.0,10.2082439194738,9.433981132056603,0.0,0.0
16,Cell,4,4.0,361.0,172.0,-17.0,5.0,9.0,19.2082439194738,17.72004514666935,9.0,180.0
16,Cell,5,5.0,361.0,172.0,-17.0,5.0,0.0,19.2082439194738,17.72004514666935,0.0,0.0
16,Cell,6,6.0,362.13466461853557,172.3568868407578,-15.865335381464433,5.356886840757795,1.1894671133169437,20.397711032790745,16.745300934621365,1.1894671133169437,17.459961603057227
16,Cell,7,7.0,363.0,173.0,-15.0,6.0,1.0781464919038999,21.475857524694646,16.15549442140351,1.0781464919038999,36.619556737232564
16,Cell,8,8.0,363.0,173.0,-15.0,6.0,0.0,21.475857524694646,16.15549442140351,0.0,0.0
16,Cell,9,9.0,363.0,173.0,-15.0,6.0,0.0,21.475857524694646,16.15549442140351,0.0,0.0
16,Cell,10,10.0,359.0,186.0,-19.0,19.0,13.601470508735444,35.07732803343009,26.870057685088806,13.601470508735444,107.10272896905236
16,Cell,11,11.0,363.0,192.0,-15.0,25.0,7.211102550927978,42.28843058435807,29.154759474226502,7.211102550927978,56.309932474020215
16,Cell,12,12.0,363.0,192.0,-15.0,25.0,0.0,42.28843058435807,29.154759474226502,0.0,0.0
16,Cell,13,13.0,366.0,182.0,-12.0,15.0,10.44030650891055,52.72873709326862,19.209372712298546,10.44030650891055,-73.30075576600638
16,Cell,14,14.0,365.0,187.0,-13.0,20.0,5.0990195135927845,57.827756606861406,23.853720883753127,5.0990195135927845,101.30993247402021
16,Cell,15,15.0,365.0,188.0,-13.0,21.0,1.0,58.827756606861406,24.698178070456937,1.0,90.0
16,Cell,16,16.0,374.0,173.0,-4.0,6.0,17.4928556845359,76.32061229139731,7.211102550927978,17.4928556845359,-59.03624346792648
16,Cell,17,17.0,374.0,173.0,-4.0,6.0,0.0,76.32061229139731,7.211102550927978,0.0,0.0
16,Cell,18,18.0,377.0,173.5,-1.0,6.5,3.0413812651491097,79.36199355654642,6.576473218982953,3.0413812651491097,9.462322208025617
16,Cell,19,19.0,377.0,174.0,-1.0,7.0,0.5,79.86199355654642,7.0710678118654755,0.5,90.0
16,Cell,20,20.0,380.0,172.0,2.0,5.0,3.605551275463989,83.46754483201042,5.385164807134504,3.605551275463989,-33.690067525979785
16,Cell,21,21.0,380.0,172.0,2.0,5.0,0.0,83.46754483201042,5.385164807134504,0.0,0.0
16,Cell,22,22.0,380.0,172.0,2.0,5.0,0.0,83.46754483201042,5.385164807134504,0.0,0.0
16,Cell,23,23.0,380.0,172.0,2.0,5.0,0.0,83.46754483201042,5.385164807134504,0.0,0.0
16,Cell,24,24.0,387.0,173.0,9.0,6.0,7.0710678118654755,90.5386126438759,10.816653826391969,7.0710678118654755,8.13010235415598
16,Cell,25,25.0,387.0,173.0,9.0,6.0,0.0,90.5386126438759,10.816653826391969,0.0,0.0
16,Cell,26,26.0,381.0,173.0,3.0,6.0,6.0,96.5386126438759,6.708203932499369,6.0,180.0
16,Cell,27,27.0,371.0,157.0,-7.0,-10.0,18.867962264113206,115.4065749079891,12.206555615733702,18.867962264113206,-122.0053832080835
16,Cell,28,28.0,371.0,157.0,-7.0,-10.0,0.0,115.4065749079891,12.206555615733702,0.0,0.0
16,Cell,29,29.0,371.0,146.0,-7.0,-21.0,11.0,126.4065749079891,22.135943621178654,11.0,-90.0
16,Cell,30,30.0,381.0,148.0,3.0,-19.0,10.198039027185569,136.60461393517465,19.235384061671343,10.198039027185569,11.309932474020213
16,Cell,31,31.0,392.0,150.0,14.0,-17.0,11.180339887498949,147.7849538226736,22.02271554554524,11.180339887498949,10.304846468766033
16,Cell,32,32.0,394.0,150.0,16.0,-17.0,2.0,149.7849538226736,23.345235059857504,2.0,0.0
16,Cell,33,33.0,395.0,150.0,17.0,-17.0,1.0,150.7849538226736,24.041630560342615,1.0,0.0
16,Cell,34,34.0,400.0,149.0,22.0,-18.0,5.0990195135927845,155.8839733362664,28.42534080710379,5.0990195135927845,-11.309932474020213
16,Cell,35,35.0,398.0,147.0,20.0,-20.0,2.8284271247461903,158.71240046101258,28.284271247461902,2.8284271247461903,-135.0
16,Cell,36,36.0,395.0,146.0,17.0,-21.0,3.1622776601683795,161.87467812118095,27.018512172212592,3.1622776601683795,-161.56505117707798
16,Cell,37,37.0,395.0,146.0,17.0,-21.0,0.0,161.87467812118095,27.018512172212592,0.0,0.0
4,Cell,0,0.0,215.0,185.0,0.0,0.0,0.0,0.0,0.0,0.0,0.0
4,Cell,1,1.0,215.0,185.0,0.0,0.0,0.0,0.0,0.0,0.0,0.0
4,Cell,2,2.0,202.0,192.5,-13.0,7.5,15.008331019803634,15.008331019803634,15.008331019803634,15.008331019803634,150.01836063115067
4,Cell,3,3.0,202.0,193.0,-13.0,8.0,0.5,15.508331019803634,15.264337522473747,0.5,90.0
4,Cell,4,4.0,202.0,193.0,-13.0,8.0,0.0,15.508331019803634,15.264337522473747,0.0,0.0
4,Cell,5,5.0,202.0,193.0,-13.0,8.0,0.0,15.508331019803634,15.264337522473747,0.0,0.0
4,Cell,6,6.0,202.0,193.0,-13.0,8.0,0.0,15.508331019803634,15.264337522473747,0.0,0.0
4,Cell,7,7.0,192.0,194.0,-23.0,9.0,10.04987562112089,25.558206640924524,24.698178070456937,10.04987562112089,174.28940686250036
4,Cell,8,8.0,189.0,198.0,-26.0,13.0,5.0,30.558206640924524,29.068883707497267,5.0,126.86989764584402
4,Cell,9,9.0,184.0,193.0,-31.0,8.0,7.0710678118654755,37.62927445279,32.01562118716424,7.0710678118654755,-135.0
4,Cell,10,10.0,186.0,182.0,-29.0,-3.0,11.180339887498949,48.809614340288945,29.154759474226502,11.180339887498949,-79.69515353123397
4,Cell,11,11.0,193.0,205.0,-22.0,20.0,24.041630560342615,72.85124490063156,29.732137494637012,24.041630560342615,73.07248693585296
4,Cell,12,12.0,193.0,205.0,-22.0,20.0,0.0,72.85124490063156,29.732137494637012,0.0,0.0
4,Cell,13,13.0,193.0,205.0,-22.0,20.0,0.0,72.85124490063156,29.732137494637012,0.0,0.0
4,Cell,14,14.0,193.0,205.0,-22.0,20.0,0.0,72.85124490063156,29.732137494637012,0.0,0.0
4,Cell,15,15.0,189.0,204.0,-26.0,19.0,4.123105625617661,76.97435052624921,32.202484376209235,4.123105625617661,-165.96375653207352
4,Cell,16,16.0,189.0,201.0,-26.0,16.0,3.0,79.97435052624921,30.528675044947494,3.0,-90.0
4,Cell,17,17.0,189.0,194.0,-26.0,9.0,7.0,86.97435052624921,27.51363298439521,7.0,-90.0
4,Cell,18,18.0,188.0,189.0,-27.0,4.0,5.0990195135927845,92.07337003984199,27.294688127912362,5.0990195135927845,-101.30993247402021
4,Cell,19,19.0,188.0,189.0,-27.0,4.0,0.0,92.07337003984199,27.294688127912362,0.0,0.0
4,Cell,20,20.0,173.0,190.0,-42.0,5.0,15.033296378372908,107.1066664182149,42.2965719651132,15.033296378372908,176.18592516570965
4,Cell,21,21.0,173.0,191.0,-42.0,6.0,1.0,108.1066664182149,42.42640687119285,1.0,90.0
4,Cell,22,22.0,173.0,191.0,-42.0,6.0,0.0,108.1066664182149,42.42640687119285,0.0,0.0
4,Cell,23,23.0,183.0,192.0,-32.0,7.0,10.04987562112089,118.15654203933579,32.7566787083184,10.04987562112089,5.710593137499642
4,Cell,24,24.0,184.0,192.0,-31.0,7.0,1.0,119.15654203933579,31.78049716414141,1.0,0.0
4,Cell,25,25.0,184.0,192.0,-31.0,7.0,0.0,119.15654203933579,31.78049716414141,0.0,0.0
4,Cell,26,26.0,184.0,192.0,-31.0,7.0,0.0,119.15654203933579,31.78049716414141,0.0,0.0
4,Cell,27,27.0,184.0,192.0,-31.0,7.0,0.0,119.15654203933579,31.78049716414141,0.0,0.0
4,Cell,28,28.0,188.0,193.0,-27.0,8.0,4.123105625617661,123.27964766495344,28.160255680657446,4.123105625617661,14.036243467926477
4,Cell,29,29.0,188.0,193.0,-27.0,8.0,0.0,123.27964766495344,28.160255680657446,0.0,0.0
4,Cell,30,30.0,188.0,193.0,-27.0,8.0,0.0,123.27964766495344,28.160255680657446,0.0,0.0
4,Cell,31,31.0,188.0,193.0,-27.0,8.0,0.0,123.27964766495344,28.160255680657446,0.0,0.0
4,Cell,32,32.0,188.0,193.0,-27.0,8.0,0.0,123.27964766495344,28.160255680657446,0.0,0.0
4,Cell,33,33.0,188.0,193.0,-27.0,8.0,0.0,123.27964766495344,28.160255680657446,0.0,0.0
4,Cell,34,34.0,188.0,193.0,-27.0,8.0,0.0,123.27964766495344,28.160255680657446,0.0,0.0
8,Cell,0,0.0,131.0,282.0,0.0,0.0,0.0,0.0,0.0,0.0,0.0
8,Cell,1,1.0,131.0,282.0,0.0,0.0,0.0,0.0,0.0,0.0,0.0
8,Cell,2,2.0,137.0,283.0,6.0,1.0,6.082762530298219,6.082762530298219,6.082762530298219,6.082762530298219,9.462322208025617
8,Cell,3,3.0,137.0,283.0,6.0,1.0,0.0,6.082762530298219,6.082762530298219,0.0,0.0
8,Cell,4,4.0,143.0,273.0,12.0,-9.0,11.661903789690601,17.74466631998882,15.0,11.661903789690601,-59.03624346792648
8,Cell,5,5.0,141.0,267.0,10.0,-15.0,6.324555320336759,24.06922164032558,18.027756377319946,6.324555320336759,-108.43494882292201
8,Cell,6,6.0,119.0,290.0,-12.0,8.0,31.827660925679098,55.89688256600468,14.422205101855956,31.827660925679098,133.7269699799433
8,Cell,7,7.0,117.0,292.0,-14.0,10.0,2.8284271247461903,58.72530969075087,17.204650534085253,2.8284271247461903,135.0
8,Cell,8,8.0,115.0,292.0,-16.0,10.0,2.0,60.72530969075087,18.867962264113206,2.0,180.0
8,Cell,9,9.0,89.5,283.0,-41.5,1.0,27.04163456597992,87.7669442567308,41.512046444375635,27.04163456597992,-160.55996517182382
8,Cell,10,10.0,89.0,283.0,-42.0,1.0,0.5,88.2669442567308,42.01190307520001,0.5,180.0
8,Cell,11,11.0,90.0,283.0,-41.0,1.0,1.0,89.2669442567308,41.012193308819754,1.0,0.0
8,Cell,12,12.0,91.0,283.0,-40.0,1.0,1.0,90.2669442567308,40.01249804748511,1.0,0.0
8,Cell,13,13.0,100.0,281.0,-31.0,-1.0,9.219544457292887,99.48648871402368,31.016124838541646,9.219544457292887,-12.528807709151511
8,Cell,14,14.0,100.0,281.0,-31.0,-1.0,0.0,99.48648871402368,31.016124838541646,0.0,0.0
8,Cell,15,15.0,100.0,284.0,-31.0,2.0,3.0,102.48648871402368,31.064449134018133,3.0,90.0
8,Cell,16,16.0,100.0,284.0,-31.0,2.0,0.0,102.48648871402368,31.064449134018133,0.0,0.0
8,Cell,17,17.0,111.0,271.0,-20.0,-11.0,17.029386365926403,119.51587507995008,22.825424421026653,17.029386365926403,-49.76364169072618
8,Cell,18,18.0,111.0,264.0,-20.0,-18.0,7.0,126.51587507995008,26.90724809414742,7.0,-90.0
8,Cell,19,19.0,111.0,264.0,-20.0,-18.0,0.0,126.51587507995008,26.90724809414742,0.0,0.0
8,Cell,20,20.0,105.0,283.0,-26.0,1.0,19.924858845171276,146.44073392512135,26.019223662515376,19.924858845171276,107.52556837372288
8,Cell,21,21.0,113.0,287.0,-18.0,5.0,8.94427190999916,155.38500583512052,18.681541692269406,8.94427190999916,26.56505117707799
8,Cell,22,22.0,114.0,289.5,-17.0,7.5,2.692582403567252,158.07758823868778,18.580904176062045,2.692582403567252,68.19859051364818
8,Cell,23,23.0,114.0,293.0,-17.0,11.0,3.5,161.57758823868778,20.248456731316587,3.5,90.0
8,Cell,24,24.0,125.52857142857142,307.95142857142855,-5.471428571428575,25.95142857142855,18.879967571746604,180.45755581043437,26.521937627371855,18.879967571746604,52.36532534203376
8,Cell,25,25.0,119.0,290.0,-12.0,8.0,19.10172852526861,199.55928433570298,14.422205101855956,19.10172852526861,-109.98530308098981
8,Cell,26,26.0,117.0,295.0,-14.0,13.0,5.385164807134504,204.9444491428375,19.1049731745428,5.385164807134504,111.80140948635182
8,Cell,27,27.0,122.5,297.0,-8.5,15.0,5.852349955359813,210.7967990981973,17.240939649566666,5.852349955359813,19.98310652189998
8,Cell,28,28.0,133.0,303.0,2.0,21.0,12.093386622447824,222.89018572064515,21.095023109728988,12.093386622447824,29.744881296942225
8,Cell,29,29.0,121.0,295.0,-10.0,13.0,14.422205101855956,237.3123908225011,16.401219466856727,14.422205101855956,-146.30993247402023
6,Cell,0,0.0,65.0,306.0,0.0,0.0,0.0,0.0,0.0,0.0,0.0
6,Cell,1,1.0,65.0,306.0,0.0,0.0,0.0,0.0,0.0,0.0,0.0
6,Cell,2,2.0,63.0,309.0,-2.0,3.0,3.605551275463989,3.605551275463989,3.605551275463989,3.605551275463989,123.6900675259798
6,Cell,3,3.0,63.0,309.0,-2.0,3.0,0.0,3.605551275463989,3.605551275463989,0.0,0.0
6,Cell,4,4.0,56.0,302.5,-9.0,-3.5,9.5524865872714,13.15803786273539,9.656603957913983,9.5524865872714,-137.12109639666144
6,Cell,5,5.0,61.0,288.0,-4.0,-18.0,15.337861650177967,28.495899512913354,18.439088914585774,15.337861650177967,-70.97439396243132
6,Cell,6,6.0,51.0,330.0,-14.0,24.0,43.174066289845804,71.66996580275915,27.784887978899608,43.174066289845804,103.3924977537511
6,Cell,7,7.0,54.0,336.0,-11.0,30.0,6.708203932499369,78.37816973525852,31.953090617340916,6.708203932499369,63.43494882292201
6,Cell,8,8.0,47.0,336.0,-18.0,30.0,7.0,85.37816973525852,34.9857113690718,7.0,180.0
6,Cell,9,9.0,45.0,281.0,-20.0,-25.0,55.036351623268054,140.41452135852657,32.01562118716424,55.036351623268054,-92.08256527973089
6,Cell,10,10.0,48.0,270.0,-17.0,-36.0,11.40175425099138,151.81627560951796,39.81205847478876,11.40175425099138,-74.74488129694222
6,Cell,11,11.0,47.0,289.0,-18.0,-17.0,19.026297590440446,170.8425731999584,24.758836806279895,19.026297590440446,93.01278750418335
6,Cell,12,12.0,46.0,296.0,-19.0,-10.0,7.0710678118654755,177.91364101182387,21.470910553583888,7.0710678118654755,98.130102354156
6,Cell,13,13.0,50.0,347.0,-15.0,41.0,51.15662224971465,229.0702632615385,43.657759905886145,51.15662224971465,85.51539399045538
6,Cell,14,14.0,50.0,352.0,-15.0,46.0,5.0,234.0702632615385,48.38388161361178,5.0,90.0
6,Cell,15,15.0,52.0,354.0,-13.0,48.0,2.8284271247461903,236.8986903862847,49.72926703662542,2.8284271247461903,45.0
6,Cell,16,16.0,56.0,354.0,-9.0,48.0,4.0,240.8986903862847,48.83646178829912,4.0,0.0
6,Cell,17,17.0,64.0,329.0,-1.0,23.0,26.248809496813376,267.1474998830981,23.021728866442675,26.248809496813376,-72.25532837494306
6,Cell,18,18.0,58.0,340.0,-7.0,34.0,12.529964086141668,279.67746396923974,34.713109915419565,12.529964086141668,118.61045966596521
6,Cell,19,19.0,56.0,340.0,-9.0,34.0,2.0,281.67746396923974,35.17101079013795,2.0,180.0
6,Cell,20,20.0,58.0,290.0,-7.0,-16.0,50.039984012787215,331.71744798202695,17.46424919657298,50.039984012787215,-87.70938995736147
6,Cell,21,21.0,52.0,290.0,-13.0,-16.0,6.0,337.71744798202695,20.615528128088304,6.0,180.0
6,Cell,22,22.0,49.0,318.0,-16.0,12.0,28.160255680657446,365.8777036626844,20.0,28.160255680657446,96.11550356628541
6,Cell,23,23.0,58.0,300.0,-7.0,-6.0,20.12461179749811,386.0023154601825,9.219544457292887,20.12461179749811,-63.43494882292201
6,Cell,24,24.0,51.0,293.0,-14.0,-13.0,9.899494936611665,395.9018103967942,19.1049731745428,9.899494936611665,-135.0
6,Cell,25,25.0,53.0,336.0,-12.0,30.0,43.04648650006177,438.94829689685594,32.31098884280702,43.04648650006177,87.33699923393286
6,Cell,26,26.0,51.0,327.0,-14.0,21.0,9.219544457292887,448.16784135414883,25.238858928247925,9.219544457292887,-102.52880770915151
6,Cell,27,27.0,60.0,317.0,-5.0,11.0,13.45362404707371,461.62146540122257,12.083045973594572,13.45362404707371,-48.012787504183336
6,Cell,28,28.0,53.0,326.0,-12.0,20.0,11.40175425099138,473.0232196522139,23.323807579381203,11.40175425099138,127.8749836510982
6,Cell,29,29.0,55.0,343.0,-10.0,37.0,17.11724276862369,490.1404624208376,38.3275357934736,17.11724276862369,83.29016319224307
28,Cell,0,0.0,76.0,70.0,0.0,0.0,0.0,0.0,0.0,0.0,0.0
28,Cell,1,1.0,76.0,70.0,0.0,0.0,0.0,0.0,0.0,0.0,0.0
28,Cell,2,2.0,76.0,70.0,0.0,0.0,0.0,0.0,0.0,0.0,0.0
28,Cell,3,3.0,76.0,70.0,0.0,0.0,0.0,0.0,0.0,0.0,0.0
28,Cell,4,4.0,76.0,70.0,0.0,0.0,0.0,0.0,0.0,0.0,0.0
28,Cell,5,5.0,76.0,70.0,0.0,0.0,0.0,0.0,0.0,0.0,0.0
28,Cell,6,6.0,76.0,70.0,0.0,0.0,0.0,0.0,0.0,0.0,0.0
28,Cell,7,7.0,74.0,70.0,-2.0,0.0,2.0,2.0,2.0,2.0,180.0
28,Cell,8,8.0,67.0,59.0,-9.0,-11.0,13.038404810405298,15.038404810405298,14.212670403551895,13.038404810405298,-122.47119229084849
28,Cell,9,9.0,67.0,59.0,-9.0,-11.0,0.0,15.038404810405298,14.212670403551895,0.0,0.0
28,Cell,10,10.0,67.0,59.0,-9.0,-11.0,0.0,15.038404810405298,14.212670403551895,0.0,0.0
28,Cell,11,11.0,67.0,59.0,-9.0,-11.0,0.0,15.038404810405298,14.212670403551895,0.0,0.0
28,Cell,12,12.0,67.0,59.0,-9.0,-11.0,0.0,15.038404810405298,14.212670403551895,0.0,0.0
28,Cell,13,13.0,67.0,59.0,-9.0,-11.0,0.0,15.038404810405298,14.212670403551895,0.0,0.0
28,Cell,14,14.0,67.0,59.0,-9.0,-11.0,0.0,15.038404810405298,14.212670403551895,0.0,0.0
28,Cell,15,15.0,67.0,59.0,-9.0,-11.0,0.0,15.038404810405298,14.212670403551895,0.0,0.0
28,Cell,16,16.0,67.0,59.0,-9.0,-11.0,0.0,15.038404810405298,14.212670403551895,0.0,0.0
28,Cell,17,17.0,67.0,59.0,-9.0,-11.0,0.0,15.038404810405298,14.212670403551895,0.0,0.0
28,Cell,18,18.0,67.0,59.0,-9.0,-11.0,0.0,15.038404810405298,14.212670403551895,0.0,0.0
28,Cell,19,19.0,67.0,59.0,-9.0,-11.0,0.0,15.038404810405298,14.212670403551895,0.0,0.0
28,Cell,20,20.0,81.0,53.0,5.0,-17.0,15.231546211727817,30.269951022133114,17.72004514666935,15.231546211727817,-23.19859051364819
28,Cell,21,21.0,81.0,53.0,5.0,-17.0,0.0,30.269951022133114,17.72004514666935,0.0,0.0
28,Cell,22,22.0,81.0,53.0,5.0,-17.0,0.0,30.269951022133114,17.72004514666935,0.0,0.0
28,Cell,23,23.0,96.0,53.0,20.0,-17.0,15.0,45.269951022133114,26.248809496813376,15.0,0.0
28,Cell,24,24.0,96.0,53.0,20.0,-17.0,0.0,45.269951022133114,26.248809496813376,0.0,0.0
28,Cell,25,25.0,87.0,71.0,11.0,1.0,20.12461179749811,65.39456281963122,11.045361017187261,20.12461179749811,116.56505117707799
32,Cell,0,0.0,167.0,51.0,0.0,0.0,0.0,0.0,0.0,0.0,0.0
32,Cell,1,1.0,160.5,52.0,-6.5,1.0,6.576473218982953,6.576473218982953,6.576473218982953,6.576473218982953,171.2538377374448
32,Cell,2,2.0,158.0,49.0,-9.0,-2.0,3.905124837953327,10.48159805693628,9.219544457292887,3.905124837953327,-129.8055710922652
32,Cell,3,3.0,158.0,49.0,-9.0,-2.0,0.0,10.48159805693628,9.219544457292887,0.0,0.0
32,Cell,4,4.0,158.0,49.0,-9.0,-2.0,0.0,10.48159805693628,9.219544457292887,0.0,0.0
32,Cell,5,5.0,169.0,53.0,2.0,2.0,11.704699910719626,22.186297967655904,2.8284271247461903,11.704699910719626,19.98310652189998
32,Cell,6,6.0,165.0,54.5,-2.0,3.5,4.272001872658765,26.45829984031467,4.031128874149275,4.272001872658765,159.44395478041653
32,Cell,7,7.0,155.0,52.5,-12.0,1.5,10.198039027185569,36.65633886750024,12.093386622447824,10.198039027185569,-168.6900675259798
32,Cell,8,8.0,151.0,54.0,-16.0,3.0,4.272001872658765,40.928340740159,16.278820596099706,4.272001872658765,159.44395478041653
32,Cell,9,9.0,152.0,56.0,-15.0,5.0,2.23606797749979,43.16440871765879,15.811388300841896,2.23606797749979,63.43494882292201
32,Cell,10,10.0,161.0,54.5,-6.0,3.5,9.12414379544733,52.28855251310612,6.946221994724902,9.12414379544733,-9.462322208025617
32,Cell,11,11.0,160.0,51.0,-7.0,0.0,3.640054944640259,55.92860745774638,7.0,3.640054944640259,-105.94539590092285
32,Cell,12,12.0,153.0,56.0,-14.0,5.0,8.602325267042627,64.53093272478901,14.866068747318506,8.602325267042627,144.46232220802563
32,Cell,13,13.0,153.0,54.5,-14.0,3.5,1.5,66.03093272478901,14.430869689661812,1.5,-90.0
32,Cell,14,14.0,155.0,53.0,-12.0,2.0,2.5,68.53093272478901,12.165525060596439,2.5,-36.86989764584402
32,Cell,15,15.0,149.0,56.5,-18.0,5.5,6.946221994724902,75.47715471951392,18.82153022471871,6.946221994724902,149.74356283647074
32,Cell,16,16.0,151.0,56.5,-16.0,5.5,2.0,77.47715471951392,16.91892431568863,2.0,0.0
32,Cell,17,17.0,151.0,56.0,-16.0,5.0,0.5,77.97715471951392,16.76305461424021,0.5,-90.0
32,Cell,18,18.0,145.0,55.0,-22.0,4.0,6.082762530298219,84.05991724981214,22.360679774997898,6.082762530298219,-170.5376777919744
32,Cell,19,19.0,158.0,57.0,-9.0,6.0,13.152946437965905,97.21286368777805,10.816653826391969,13.152946437965905,8.74616226255521
32,Cell,20,20.0,143.0,54.5,-24.0,3.5,15.20690632574555,112.4197700135236,24.253865671269807,15.20690632574555,-170.5376777919744
32,Cell,21,21.0,153.0,58.0,-14.0,7.0,10.594810050208546,123.01458006373215,15.652475842498529,10.594810050208546,19.290046219188735
32,Cell,22,22.0,143.0,56.0,-24.0,5.0,10.198039027185569,133.2126190909177,24.515301344262525,10.198039027185569,-168.6900675259798
32,Cell,23,23.0,156.0,55.0,-11.0,4.0,13.038404810405298,146.251023901323,11.704699910719626,13.038404810405298,-4.398705354995532
35,Cell,0,0.0,224.0,53.0,0.0,0.0,0.0,0.0,0.0,0.0,0.0
35,Cell,1,1.0,235.0,53.0,11.0,0.0,11.0,11.0,11.0,11.0,0.0
35,Cell,2,2.0,232.0,58.0,8.0,5.0,5.830951894845301,16.8309518948453,9.433981132056603,5.830951894845301,120.96375653207352
35,Cell,3,3.0,224.0,50.0,0.0,-3.0,11.313708498984761,28.14466039383006,3.0,11.313708498984761,-135.0
35,Cell,4,4.0,239.0,54.0,15.0,1.0,15.524174696260024,43.668835090090084,15.033296378372908,15.524174696260024,14.931417178137556
35,Cell,5,5.0,244.0,49.5,20.0,-3.5,6.726812023536855,50.395647113626936,20.303940504246953,6.726812023536855,-41.987212495816664
35,Cell,6,6.0,234.0,58.0,10.0,5.0,13.124404748406688,63.520051862033625,11.180339887498949,13.124404748406688,139.63546342690262
35,Cell,7,7.0,234.0,69.0,10.0,16.0,11.0,74.52005186203363,18.867962264113206,11.0,90.0
35,Cell,8,8.0,234.0,52.0,10.0,-1.0,17.0,91.52005186203363,10.04987562112089,17.0,-90.0
35,Cell,9,9.0,224.0,52.0,0.0,-1.0,10.0,101.52005186203363,1.0,10.0,180.0
35,Cell,10,10.0,223.0,59.0,-1.0,6.0,7.0710678118654755,108.5911196738991,6.082762530298219,7.0710678118654755,98.130102354156
35,Cell,11,11.0,223.0,59.0,-1.0,6.0,0.0,108.5911196738991,6.082762530298219,0.0,0.0
35,Cell,12,12.0,233.0,49.5,9.0,-3.5,13.793114224133722,122.38423389803282,9.656603957913983,13.793114224133722,-43.53119928561417
35,Cell,13,13.0,220.0,49.5,-4.0,-3.5,13.0,135.38423389803282,5.315072906367325,13.0,180.0
35,Cell,14,14.0,219.0,57.0,-5.0,4.0,7.566372975210778,142.9506068732436,6.4031242374328485,7.566372975210778,97.59464336859145
35,Cell,15,15.0,208.0,52.0,-16.0,-1.0,12.083045973594572,155.03365284683818,16.0312195418814,12.083045973594572,-155.55604521958347
35,Cell,16,16.0,230.0,53.0,6.0,0.0,22.02271554554524,177.05636839238343,6.0,22.02271554554524,2.6025622024998065
35,Cell,17,17.0,220.0,49.0,-4.0,-4.0,10.770329614269007,187.82669800665244,5.656854249492381,10.770329614269007,-158.19859051364818
35,Cell,18,18.0,226.0,48.0,2.0,-5.0,6.082762530298219,193.90946053695066,5.385164807134504,6.082762530298219,-9.462322208025617
25,Cell,0,0.0,329.5,417.0,0.0,0.0,0.0,0.0,0.0,0.0,0.0
25,Cell,1,1.0,340.0,429.0,10.5,12.0,15.945218719101975,15.945218719101975,15.945218719101975,15.945218719101975,48.81407483429036
25,Cell,2,2.0,348.0,437.0,18.5,20.0,11.313708498984761,27.258927218086736,27.244265451650556,11.313708498984761,45.0
25,Cell,3,3.0,348.0,437.0,18.5,20.0,0.0,27.258927218086736,27.244265451650556,0.0,0.0
25,Cell,4,4.0,348.0,437.0,18.5,20.0,0.0,27.258927218086736,27.244265451650556,0.0,0.0
25,Cell,5,5.0,347.0,440.5,17.5,23.5,3.640054944640259,30.898982162726995,29.300170647967224,3.640054944640259,105.94539590092285
25,Cell,6,6.0,347.0,441.0,17.5,24.0,0.5,31.398982162726995,29.702693480558292,0.5,90.0
25,Cell,7,7.0,347.0,441.0,17.5,24.0,0.0,31.398982162726995,29.702693480558292,0.0,0.0
25,Cell,8,8.0,347.0,441.0,17.5,24.0,0.0,31.398982162726995,29.702693480558292,0.0,0.0
25,Cell,9,9.0,347.0,441.0,17.5,24.0,0.0,31.398982162726995,29.702693480558292,0.0,0.0
25,Cell,10,10.0,335.0,442.0,5.5,25.0,12.041594578792296,43.440576741519294,25.59785147234041,12.041594578792296,175.23635830927384
25,Cell,11,11.0,336.0,442.0,6.5,25.0,1.0,44.440576741519294,25.83118270617898,1.0,0.0
25,Cell,12,12.0,345.0,441.0,15.5,24.0,9.055385138137417,53.49596187965671,28.570089254323307,9.055385138137417,-6.34019174590991
25,Cell,13,13.0,345.0,441.0,15.5,24.0,0.0,53.49596187965671,28.570089254323307,0.0,0.0
25,Cell,14,14.0,345.0,441.0,15.5,24.0,0.0,53.49596187965671,28.570089254323307,0.0,0.0
24,Cell,0,0.0,249.0,420.0,0.0,0.0,0.0,0.0,0.0,0.0,0.0
24,Cell,1,1.0,263.5,430.0,14.5,10.0,17.613914953808536,17.613914953808536,17.613914953808536,17.613914953808536,34.59228868750995
24,Cell,2,2.0,264.0,430.0,15.0,10.0,0.5,18.113914953808536,18.027756377319946,0.5,0.0
24,Cell,3,3.0,270.0,442.0,21.0,22.0,13.416407864998739,31.530322818807274,30.4138126514911,13.416407864998739,63.43494882292201
24,Cell,4,4.0,270.0,442.0,21.0,22.0,0.0,31.530322818807274,30.4138126514911,0.0,0.0
24,Cell,5,5.0,269.0,442.0,20.0,22.0,1.0,32.53032281880728,29.732137494637012,1.0,180.0
24,Cell,6,6.0,269.0,442.0,20.0,22.0,0.0,32.53032281880728,29.732137494637012,0.0,0.0
24,Cell,7,7.0,269.0,442.0,20.0,22.0,0.0,32.53032281880728,29.732137494637012,0.0,0.0
24,Cell,8,8.0,267.0,442.0,18.0,22.0,2.0,34.53032281880728,28.42534080710379,2.0,180.0
24,Cell,9,9.0,266.0,442.0,17.0,22.0,1.0,35.53032281880728,27.80287754891569,1.0,180.0
24,Cell,10,10.0,266.0,442.0,17.0,22.0,0.0,35.53032281880728,27.80287754891569,0.0,0.0
24,Cell,11,11.0,265.5,441.0,16.5,21.0,1.118033988749895,36.64835680755717,26.706740722147284,1.118033988749895,-116.56505117707799
24,Cell,12,12.0,253.0,441.0,4.0,21.0,12.5,49.14835680755717,21.37755832643195,12.5,180.0
24,Cell,13,13.0,253.0,449.5,4.0,29.5,8.5,57.64835680755717,29.769951293208393,8.5,90.0
24,Cell,14,14.0,253.0,450.0,4.0,30.0,0.5,58.14835680755717,30.265491900843113,0.5,90.0
20,Cell,0,0.0,451.0,114.0,0.0,0.0,0.0,0.0,0.0,0.0,0.0
20,Cell,1,1.0,453.0,100.5,2.0,-13.5,13.647344063956181,13.647344063956181,13.647344063956181,13.647344063956181,-81.57303097851933
20,Cell,2,2.0,458.0,97.0,7.0,-17.0,6.103277807866851,19.750621871823032,18.384776310850235,6.103277807866851,-34.99202019855867
20,Cell,3,3.0,460.0,89.0,9.0,-25.0,8.246211251235321,27.99683312305835,26.570660511172846,8.246211251235321,-75.96375653207353
20,Cell,4,4.0,457.0,79.0,6.0,-35.0,10.44030650891055,38.437139631968904,35.510561809129406,10.44030650891055,-106.69924423399362
20,Cell,5,5.0,450.0,76.0,-1.0,-38.0,7.615773105863909,46.05291273783281,38.01315561749642,7.615773105863909,-156.80140948635182
20,Cell,6,6.0,455.0,59.0,4.0,-55.0,17.72004514666935,63.77295788450216,55.14526271584895,17.72004514666935,-73.61045966596522
20,Cell,7,7.0,462.0,72.0,11.0,-42.0,14.7648230602334,78.53778094473556,43.41658669218482,14.7648230602334,61.69924423399363
20,Cell,8,8.0,462.0,62.0,11.0,-52.0,10.0,88.53778094473556,53.150729063673246,10.0,-90.0
20,Cell,9,9.0,451.0,61.0,0.0,-53.0,11.045361017187261,99.58314196192282,53.0,11.045361017187261,-174.80557109226518
20,Cell,10,10.0,451.0,59.0,0.0,-55.0,2.0,101.58314196192282,55.0,2.0,-90.0
20,Cell,11,11.0,452.0,60.0,1.0,-54.0,1.4142135623730951,102.99735552429591,54.00925846556311,1.4142135623730951,45.0
20,Cell,12,12.0,465.0,69.0,14.0,-45.0,15.811388300841896,118.80874382513781,47.12748667179272,15.811388300841896,34.69515353123397
11,Cell,0,0.0,205.0,401.0,0.0,0.0,0.0,0.0,0.0,0.0,0.0
11,Cell,1,1.0,205.0,375.0,0.0,-26.0,26.0,26.0,26.0,26.0,-90.0
11,Cell,2,2.0,201.0,369.0,-4.0,-32.0,7.211102550927978,33.211102550927976,32.2490309931942,7.211102550927978,-123.6900675259798
11,Cell,3,3.0,201.0,369.0,-4.0,-32.0,0.0,33.211102550927976,32.2490309931942,0.0,0.0
11,Cell,4,4.0,201.0,369.0,-4.0,-32.0,0.0,33.211102550927976,32.2490309931942,0.0,0.0
11,Cell,5,5.0,201.0,369.0,-4.0,-32.0,0.0,33.211102550927976,32.2490309931942,0.0,0.0
12,Cell,0,0.0,226.0,318.0,0.0,0.0,0.0,0.0,0.0,0.0,0.0
12,Cell,1,1.0,228.0,303.0,2.0,-15.0,15.132745950421556,15.132745950421556,15.132745950421556,15.132745950421556,-82.40535663140855
12,Cell,2,2.0,249.0,290.0,23.0,-28.0,24.698178070456937,39.83092402087849,36.235341863986875,24.698178070456937,-31.7594800848128
12,Cell,3,3.0,249.0,290.0,23.0,-28.0,0.0,39.83092402087849,36.235341863986875,0.0,0.0
12,Cell,4,4.0,274.0,277.0,48.0,-41.0,28.178005607210743,68.00892962808923,63.12685640834652,28.178005607210743,-27.474431626277134
12,Cell,5,5.0,294.0,263.0,68.0,-55.0,24.413111231467404,92.42204085955663,87.45856161634491,24.413111231467404,-34.99202019855867
42,Cell,0,0.0,166.0,49.0,0.0,0.0,0.0,0.0,0.0,0.0,0.0
42,Cell,1,1.0,166.0,46.0,0.0,-3.0,3.0,3.0,3.0,3.0,-90.0
42,Cell,2,2.0,147.0,53.5,-19.0,4.5,20.426698215815495,23.426698215815495,19.525624189766635,20.426698215815495,158.45902408146156
42,Cell,3,3.0,174.5,50.0,8.5,1.0,27.721832551258224,51.14853076707372,8.558621384311845,27.721832551258224,-7.253194612725333
42,Cell,4,4.0,169.0,48.0,3.0,-1.0,5.852349955359813,57.000880722433536,3.1622776601683795,5.852349955359813,-160.01689347810003
21,Cell,0,0.0,465.0,99.0,0.0,0.0,0.0,0.0,0.0,0.0,0.0
21,Cell,1,1.0,461.0,99.0,-4.0,0.0,4.0,4.0,4.0,4.0,180.0
21,Cell,2,2.0,461.0,99.0,-4.0,0.0,0.0,4.0,4.0,0.0,0.0
21,Cell,3,3.0,461.0,100.0,-4.0,1.0,1.0,5.0,4.123105625617661,1.0,90.0
27,Cell,0,0.0,110.0,461.0,0.0,0.0,0.0,0.0,0.0,0.0,0.0
27,Cell,1,1.0,110.0,461.0,0.0,0.0,0.0,0.0,0.0,0.0,0.0
27,Cell,2,2.0,118.0,458.0,8.0,-3.0,8.54400374531753,8.54400374531753,8.54400374531753,8.54400374531753,-20.556045219583464
27,Cell,3,3.0,118.0,458.0,8.0,-3.0,0.0,8.54400374531753,8.54400374531753,0.0,0.0
43,Cell,0,0.0,43.0,69.0,0.0,0.0,0.0,0.0,0.0,0.0,0.0
43,Cell,1,1.0,47.0,78.0,4.0,9.0,9.848857801796104,9.848857801796104,9.848857801796104,9.848857801796104,66.03751102542182
34,Cell,0,0.0,182.0,50.0,0.0,0.0,0.0,0.0,0.0,0.0,0.0
34,Cell,1,1.0,171.0,49.0,-11.0,-1.0,11.045361017187261,11.045361017187261,11.045361017187261,11.045361017187261,-174.80557109226518
41,Cell,0,0.0,453.0,211.0,0.0,0.0,0.0,0.0,0.0,0.0,0.0
41,Cell,1,1.0,458.0,197.0,5.0,-14.0,14.866068747318506,14.866068747318506,14.866068747318506,14.866068747318506,-70.3461759419467
23,Cell,0,0.0,350.0,422.0,0.0,0.0,0.0,0.0,0.0,0.0,0.0
23,Cell,1,1.0,350.0,422.0,0.0,0.0,0.0,0.0,0.0,0.0,0.0
23,Cell,2,2.0,350.0,421.5,0.0,-0.5,0.5,0.5,0.5,0.5,-90.0
23,Cell,3,3.0,349.0,420.0,-1.0,-2.0,1.8027756377319946,2.302775637731995,2.23606797749979,1.8027756377319946,-123.6900675259798
23,Cell,4,4.0,349.0,420.0,-1.0,-2.0,0.0,2.302775637731995,2.23606797749979,0.0,0.0
23,Cell,5,5.0,349.0,420.0,-1.0,-2.0,0.0,2.302775637731995,2.23606797749979,0.0,0.0
23,Cell,6,6.0,349.0,420.0,-1.0,-2.0,0.0,2.302775637731995,2.23606797749979,0.0,0.0
23,Cell,7,7.0,349.0,420.0,-1.0,-2.0,0.0,2.302775637731995,2.23606797749979,0.0,0.0
23,Cell,8,8.0,349.0,420.0,-1.0,-2.0,0.0,2.302775637731995,2.23606797749979,0.0,0.0
23,Cell,9,9.0,349.0,420.0,-1.0,-2.0,0.0,2.302775637731995,2.23606797749979,0.0,0.0
23,Cell,10,10.0,349.0,420.0,-1.0,-2.0,0.0,2.302775637731995,2.23606797749979,0.0,0.0
23,Cell,11,11.0,349.0,420.0,-1.0,-2.0,0.0,2.302775637731995,2.23606797749979,0.0,0.0
23,Cell,12,12.0,350.0,420.0,0.0,-2.0,1.0,3.302775637731995,2.0,1.0,0.0
23,Cell,13,13.0,350.5,420.0,0.5,-2.0,0.5,3.802775637731995,2.0615528128088303,0.5,0.0
23,Cell,14,14.0,351.0,420.0,1.0,-2.0,0.5,4.302775637731995,2.23606797749979,0.5,0.0
23,Cell,15,15.0,351.0,420.0,1.0,-2.0,0.0,4.302775637731995,2.23606797749979,0.0,0.0
23,Cell,16,16.0,351.0,420.0,1.0,-2.0,0.0,4.302775637731995,2.23606797749979,0.0,0.0
23,Cell,17,17.0,351.0,420.0,1.0,-2.0,0.0,4.302775637731995,2.23606797749979,0.0,0.0
23,Cell,18,18.0,351.0,420.0,1.0,-2.0,0.0,4.302775637731995,2.23606797749979,0.0,0.0
23,Cell,19,19.0,351.0,420.0,1.0,-2.0,0.0,4.302775637731995,2.23606797749979,0.0,0.0
23,Cell,20,20.0,351.0,420.0,1.0,-2.0,0.0,4.302775637731995,2.23606797749979,0.0,0.0
23,Cell,21,21.0,351.0,420.0,1.0,-2.0,0.0,4.302775637731995,2.23606797749979,0.0,0.0
23,Cell,22,22.0,351.0,420.0,1.0,-2.0,0.0,4.302775637731995,2.23606797749979,0.0,0.0
23,Cell,23,23.0,351.0,420.0,1.0,-2.0,0.0,4.302775637731995,2.23606797749979,0.0,0.0
23,Cell,24,24.0,351.0,420.0,1.0,-2.0,0.0,4.302775637731995,2.23606797749979,0.0,0.0
23,Cell,25,25.0,351.0,420.0,1.0,-2.0,0.0,4.302775637731995,2.23606797749979,0.0,0.0
23,Cell,26,26.0,351.0,420.0,1.0,-2.0,0.0,4.302775637731995,2.23606797749979,0.0,0.0
23,Cell,27,27.0,351.0,420.0,1.0,-2.0,0.0,4.302775637731995,2.23606797749979,0.0,0.0
23,Cell,28,28.0,351.0,420.0,1.0,-2.0,0.0,4.302775637731995,2.23606797749979,0.0,0.0
23,Cell,29,29.0,351.0,420.0,1.0,-2.0,0.0,4.302775637731995,2.23606797749979,0.0,0.0
23,Cell,30,30.0,351.0,420.0,1.0,-2.0,0.0,4.302775637731995,2.23606797749979,0.0,0.0
23,Cell,31,31.0,351.0,420.0,1.0,-2.0,0.0,4.302775637731995,2.23606797749979,0.0,0.0
23,Cell,32,32.0,351.0,420.0,1.0,-2.0,0.0,4.302775637731995,2.23606797749979,0.0,0.0
23,Cell,33,33.0,351.0,420.0,1.0,-2.0,0.0,4.302775637731995,2.23606797749979,0.0,0.0
23,Cell,34,34.0,351.0,420.0,1.0,-2.0,0.0,4.302775637731995,2.23606797749979,0.0,0.0
23,Cell,35,35.0,351.0,420.0,1.0,-2.0,0.0,4.302775637731995,2.23606797749979,0.0,0.0
23,Cell,36,36.0,351.0,420.0,1.0,-2.0,0.0,4.302775637731995,2.23606797749979,0.0,0.0
23,Cell,37,37.0,351.0,420.0,1.0,-2.0,0.0,4.302775637731995,2.23606797749979,0.0,0.0
23,Cell,38,38.0,351.0,420.0,1.0,-2.0,0.0,4.302775637731995,2.23606797749979,0.0,0.0
23,Cell,39,39.0,351.5,420.0,1.5,-2.0,0.5,4.802775637731995,2.5,0.5,0.0
23,Cell,40,40.0,352.0,420.0,2.0,-2.0,0.5,5.302775637731995,2.8284271247461903,0.5,0.0
23,Cell,41,41.0,352.0,420.0,2.0,-2.0,0.0,5.302775637731995,2.8284271247461903,0.0,0.0
23,Cell,42,42.0,352.0,421.0,2.0,-1.0,1.0,6.302775637731995,2.23606797749979,1.0,90.0
23,Cell,43,43.0,352.0,421.0,2.0,-1.0,0.0,6.302775637731995,2.23606797749979,0.0,0.0
23,Cell,44,44.0,346.0,421.5,-4.0,-0.5,6.020797289396148,12.323572927128144,4.031128874149275,6.020797289396148,175.23635830927384
23,Cell,45,45.0,346.0,421.5,-4.0,-0.5,0.0,12.323572927128144,4.031128874149275,0.0,0.0
23,Cell,46,46.0,345.0,421.0,-5.0,-1.0,1.118033988749895,13.441606915878038,5.0990195135927845,1.118033988749895,-153.43494882292202
23,Cell,47,47.0,345.0,421.0,-5.0,-1.0,0.0,13.441606915878038,5.0990195135927845,0.0,0.0
23,Cell,48,48.0,345.0,421.0,-5.0,-1.0,0.0,13.441606915878038,5.0990195135927845,0.0,0.0
23,Cell,49,49.0,345.0,421.0,-5.0,-1.0,0.0,13.441606915878038,5.0990195135927845,0.0,0.0
23,Cell,50,50.0,333.0,421.5,-17.0,-0.5,12.010412149464313,25.452019065342352,17.00735135169495,12.010412149464313,177.6140559696112
23,Cell,51,51.0,333.0,422.0,-17.0,0.0,0.5,25.952019065342352,17.0,0.5,90.0
23,Cell,52,52.0,321.0,430.0,-29.0,8.0,14.422205101855956,40.37422416719831,30.083217912982647,14.422205101855956,146.30993247402023
23,Cell,53,53.0,321.0,430.0,-29.0,8.0,0.0,40.37422416719831,30.083217912982647,0.0,0.0
23,Cell,54,54.0,321.0,430.0,-29.0,8.0,0.0,40.37422416719831,30.083217912982647,0.0,0.0
23,Cell,55,55.0,320.0,430.0,-30.0,8.0,1.0,41.37422416719831,31.04834939252005,1.0,180.0
23,Cell,56,56.0,320.0,430.0,-30.0,8.0,0.0,41.37422416719831,31.04834939252005,0.0,0.0
23,Cell,57,57.0,320.0,429.5,-30.0,7.5,0.5,41.87422416719831,30.923292192132454,0.5,-90.0
23,Cell,58,58.0,319.5,428.5,-30.5,6.5,1.118033988749895,42.9922581559482,31.184932259025352,1.118033988749895,-116.56505117707799
23,Cell,59,59.0,315.0,427.0,-35.0,5.0,4.743416490252569,47.73567464620077,35.35533905932738,4.743416490252569,-161.56505117707798
23,Cell,60,60.0,315.0,427.0,-35.0,5.0,0.0,47.73567464620077,35.35533905932738,0.0,0.0
23,Cell,61,61.0,295.0,444.0,-55.0,22.0,26.248809496813376,73.98448414301414,59.23681287847955,26.248809496813376,139.63546342690262
23,Cell,62,62.0,295.0,444.0,-55.0,22.0,0.0,73.98448414301414,59.23681287847955,0.0,0.0
23,Cell,63,63.0,295.0,445.0,-55.0,23.0,1.0,74.98448414301414,59.61543424315552,1.0,90.0
23,Cell,64,64.0,299.5991356023771,444.59913560237703,-50.40086439762291,22.599135602377032,4.616572381576411,79.60105652459055,55.235568812153986,4.616572381576411,-4.981357700425549
23,Cell,65,65.0,312.5,431.0,-37.5,9.0,18.744833723927584,98.34589024851813,38.56488039654732,18.744833723927584,-46.50938631927501
23,Cell,66,66.0,275.0,417.0,-75.0,-5.0,40.02811511925087,138.374005367769,75.16648189186454,40.02811511925087,-159.52772048025807
23,Cell,67,67.0,275.0,417.0,-75.0,-5.0,0.0,138.374005367769,75.16648189186454,0.0,0.0
23,Cell,68,68.0,276.0,413.0,-74.0,-9.0,4.123105625617661,142.49711099338666,74.54528824815154,4.123105625617661,-75.96375653207353
5,Cell,0,0.0,156.0,285.0,0.0,0.0,0.0,0.0,0.0,0.0,0.0
5,Cell,1,1.0,156.0,285.0,0.0,0.0,0.0,0.0,0.0,0.0,0.0
5,Cell,2,2.0,149.0,273.0,-7.0,-12.0,13.892443989449804,13.892443989449804,13.892443989449804,13.892443989449804,-120.25643716352927
5,Cell,3,3.0,149.0,273.0,-7.0,-12.0,0.0,13.892443989449804,13.892443989449804,0.0,0.0
5,Cell,4,4.0,146.0,273.0,-10.0,-12.0,3.0,16.892443989449802,15.620499351813308,3.0,180.0
5,Cell,5,5.0,146.0,273.0,-10.0,-12.0,0.0,16.892443989449802,15.620499351813308,0.0,0.0
5,Cell,6,6.0,146.0,273.0,-10.0,-12.0,0.0,16.892443989449802,15.620499351813308,0.0,0.0
5,Cell,7,7.0,146.0,273.0,-10.0,-12.0,0.0,16.892443989449802,15.620499351813308,0.0,0.0
5,Cell,8,8.0,146.0,273.0,-10.0,-12.0,0.0,16.892443989449802,15.620499351813308,0.0,0.0
5,Cell,9,9.0,156.0,269.0,0.0,-16.0,10.770329614269007,27.66277360371881,16.0,10.770329614269007,-21.80140948635181
5,Cell,10,10.0,156.0,269.0,0.0,-16.0,0.0,27.66277360371881,16.0,0.0,0.0
5,Cell,11,11.0,156.0,269.0,0.0,-16.0,0.0,27.66277360371881,16.0,0.0,0.0
5,Cell,12,12.0,156.0,269.0,0.0,-16.0,0.0,27.66277360371881,16.0,0.0,0.0
5,Cell,13,13.0,158.0,281.0,2.0,-4.0,12.165525060596439,39.82829866431525,4.47213595499958,12.165525060596439,80.53767779197439
5,Cell,14,14.0,158.0,281.0,2.0,-4.0,0.0,39.82829866431525,4.47213595499958,0.0,0.0
5,Cell,15,15.0,158.0,281.0,2.0,-4.0,0.0,39.82829866431525,4.47213595499958,0.0,0.0
5,Cell,16,16.0,158.0,281.0,2.0,-4.0,0.0,39.82829866431525,4.47213595499958,0.0,0.0
5,Cell,17,17.0,158.0,281.0,2.0,-4.0,0.0,39.82829866431525,4.47213595499958,0.0,0.0
5,Cell,18,18.0,150.0,271.0,-6.0,-14.0,12.806248474865697,52.634547139180945,15.231546211727817,12.806248474865697,-128.6598082540901
5,Cell,19,19.0,145.0,269.0,-11.0,-16.0,5.385164807134504,58.01971194631545,19.4164878389476,5.385164807134504,-158.19859051364818
5,Cell,20,20.0,145.0,269.0,-11.0,-16.0,0.0,58.01971194631545,19.4164878389476,0.0,0.0
5,Cell,21,21.0,145.0,269.0,-11.0,-16.0,0.0,58.01971194631545,19.4164878389476,0.0,0.0
5,Cell,22,22.0,102.0,284.0,-54.0,-1.0,45.5411901469428,103.56090209325825,54.00925846556311,45.5411901469428,160.76932762433873
5,Cell,23,23.0,110.0,282.0,-46.0,-3.0,8.246211251235321,111.80711334449357,46.09772228646444,8.246211251235321,-14.036243467926477
5,Cell,24,24.0,118.5,273.0,-37.5,-12.0,12.379418403139947,124.18653174763352,39.37321424522006,12.379418403139947,-46.636577041616725
5,Cell,25,25.0,119.0,273.0,-37.0,-12.0,0.5,124.68653174763352,38.897300677553446,0.5,0.0
5,Cell,26,26.0,119.0,273.0,-37.0,-12.0,0.0,124.68653174763352,38.897300677553446,0.0,0.0
5,Cell,27,27.0,130.5,275.5,-25.5,-9.5,11.76860229593982,136.45513404357334,27.212129648375555,11.76860229593982,12.264773727892402
5,Cell,28,28.0,133.0,276.0,-23.0,-9.0,2.5495097567963922,139.00464380036973,24.698178070456937,2.5495097567963922,11.309932474020213
5,Cell,29,29.0,133.0,276.0,-23.0,-9.0,0.0,139.00464380036973,24.698178070456937,0.0,0.0
5,Cell,30,30.0,133.0,276.0,-23.0,-9.0,0.0,139.00464380036973,24.698178070456937,0.0,0.0
5,Cell,31,31.0,129.5,264.0,-26.5,-21.0,12.5,151.50464380036973,33.811980125393426,12.5,-106.26020470831196
5,Cell,32,32.0,126.0,264.0,-30.0,-21.0,3.5,155.00464380036973,36.61966684720111,3.5,180.0
5,Cell,33,33.0,120.0,263.0,-36.0,-22.0,6.082762530298219,161.08740633066796,42.190046219457976,6.082762530298219,-170.5376777919744
5,Cell,34,34.0,120.0,263.0,-36.0,-22.0,0.0,161.08740633066796,42.190046219457976,0.0,0.0
5,Cell,35,35.0,120.0,263.0,-36.0,-22.0,0.0,161.08740633066796,42.190046219457976,0.0,0.0
5,Cell,36,36.0,120.0,263.0,-36.0,-22.0,0.0,161.08740633066796,42.190046219457976,0.0,0.0
5,Cell,37,37.0,120.0,263.0,-36.0,-22.0,0.0,161.08740633066796,42.190046219457976,0.0,0.0
5,Cell,38,38.0,120.0,263.0,-36.0,-22.0,0.0,161.08740633066796,42.190046219457976,0.0,0.0
5,Cell,39,39.0,120.0,263.0,-36.0,-22.0,0.0,161.08740633066796,42.190046219457976,0.0,0.0
5,Cell,40,40.0,112.0,263.0,-44.0,-22.0,8.0,169.08740633066796,49.193495504995376,8.0,180.0
5,Cell,41,41.0,112.0,263.0,-44.0,-22.0,0.0,169.08740633066796,49.193495504995376,0.0,0.0
5,Cell,42,42.0,90.5,269.0,-65.5,-16.0,22.321514285549714,191.40892061621767,67.4258852370512,22.321514285549714,164.40718906073369
5,Cell,43,43.0,94.0,270.0,-62.0,-15.0,3.640054944640259,195.04897556085794,63.788713735268246,3.640054944640259,15.945395900922856
5,Cell,44,44.0,94.0,270.0,-62.0,-15.0,0.0,195.04897556085794,63.788713735268246,0.0,0.0
5,Cell,45,45.0,95.0,265.0,-61.0,-20.0,5.0990195135927845,200.14799507445073,64.19501538281614,5.0990195135927845,-78.69006752597979
5,Cell,46,46.0,95.5,265.0,-60.5,-20.0,0.5,200.64799507445073,63.7200910231616,0.5,0.0
5,Cell,47,47.0,103.0,258.0,-53.0,-27.0,10.259142264341596,210.90713733879232,59.481089431852205,10.259142264341596,-43.02506598911803
5,Cell,48,48.0,103.0,258.0,-53.0,-27.0,0.0,210.90713733879232,59.481089431852205,0.0,0.0
5,Cell,49,49.0,110.0,252.0,-46.0,-33.0,9.219544457292887,220.12668179608522,56.61271941887264,9.219544457292887,-40.60129464500447
5,Cell,50,50.0,90.0,253.0,-66.0,-32.0,20.024984394500787,240.151666190586,73.348483283569,20.024984394500787,177.13759477388828
5,Cell,51,51.0,90.0,253.0,-66.0,-32.0,0.0,240.151666190586,73.348483283569,0.0,0.0
5,Cell,52,52.0,104.0,270.0,-52.0,-15.0,22.02271554554524,262.17438173613124,54.120236510939236,22.02271554554524,50.527540151656176
5,Cell,53,53.0,108.0,285.0,-48.0,0.0,15.524174696260024,277.6985564323913,48.0,15.524174696260024,75.06858282186246
13,Cell,0,0.0,321.0,235.0,0.0,0.0,0.0,0.0,0.0,0.0,0.0
13,Cell,1,1.0,321.0,235.0,0.0,0.0,0.0,0.0,0.0,0.0,0.0
13,Cell,2,2.0,324.0,235.0,3.0,0.0,3.0,3.0,3.0,3.0,0.0
13,Cell,3,3.0,324.0,235.0,3.0,0.0,0.0,3.0,3.0,0.0,0.0
13,Cell,4,4.0,324.0,235.0,3.0,0.0,0.0,3.0,3.0,0.0,0.0
13,Cell,5,5.0,324.0,235.0,3.0,0.0,0.0,3.0,3.0,0.0,0.0
13,Cell,6,6.0,324.0,235.0,3.0,0.0,0.0,3.0,3.0,0.0,0.0
13,Cell,7,7.0,324.0,235.0,3.0,0.0,0.0,3.0,3.0,0.0,0.0
13,Cell,8,8.0,324.0,235.0,3.0,0.0,0.0,3.0,3.0,0.0,0.0
13,Cell,9,9.0,324.0,235.0,3.0,0.0,0.0,3.0,3.0,0.0,0.0
13,Cell,10,10.0,324.0,235.0,3.0,0.0,0.0,3.0,3.0,0.0,0.0
13,Cell,11,11.0,324.0,235.0,3.0,0.0,0.0,3.0,3.0,0.0,0.0
13,Cell,12,12.0,324.0,235.0,3.0,0.0,0.0,3.0,3.0,0.0,0.0
13,Cell,13,13.0,324.0,235.0,3.0,0.0,0.0,3.0,3.0,0.0,0.0
13,Cell,14,14.0,324.0,235.0,3.0,0.0,0.0,3.0,3.0,0.0,0.0
13,Cell,15,15.0,327.0,233.0,6.0,-2.0,3.605551275463989,6.60555127546399,6.324555320336759,3.605551275463989,-33.690067525979785
13,Cell,16,16.0,329.0,226.0,8.0,-9.0,7.280109889280518,13.885661164744509,12.041594578792296,7.280109889280518,-74.05460409907715
13,Cell,17,17.0,329.0,226.0,8.0,-9.0,0.0,13.885661164744509,12.041594578792296,0.0,0.0
13,Cell,18,18.0,331.0,216.0,10.0,-19.0,10.198039027185569,24.083700191930077,21.470910553583888,10.198039027185569,-78.69006752597979
13,Cell,19,19.0,331.0,216.0,10.0,-19.0,0.0,24.083700191930077,21.470910553583888,0.0,0.0
13,Cell,20,20.0,331.0,216.0,10.0,-19.0,0.0,24.083700191930077,21.470910553583888,0.0,0.0
13,Cell,21,21.0,331.0,213.0,10.0,-22.0,3.0,27.083700191930077,24.166091947189145,3.0,-90.0
13,Cell,22,22.0,331.0,213.0,10.0,-22.0,0.0,27.083700191930077,24.166091947189145,0.0,0.0
13,Cell,23,23.0,331.0,213.0,10.0,-22.0,0.0,27.083700191930077,24.166091947189145,0.0,0.0
13,Cell,24,24.0,331.0,213.0,10.0,-22.0,0.0,27.083700191930077,24.166091947189145,0.0,0.0
13,Cell,25,25.0,331.0,213.0,10.0,-22.0,0.0,27.083700191930077,24.166091947189145,0.0,0.0
13,Cell,26,26.0,331.0,213.0,10.0,-22.0,0.0,27.083700191930077,24.166091947189145,0.0,0.0
13,Cell,27,27.0,331.0,213.0,10.0,-22.0,0.0,27.083700191930077,24.166091947189145,0.0,0.0
13,Cell,28,28.0,331.0,213.0,10.0,-22.0,0.0,27.083700191930077,24.166091947189145,0.0,0.0
13,Cell,29,29.0,331.0,213.0,10.0,-22.0,0.0,27.083700191930077,24.166091947189145,0.0,0.0
13,Cell,30,30.0,331.0,213.0,10.0,-22.0,0.0,27.083700191930077,24.166091947189145,0.0,0.0
13,Cell,31,31.0,331.0,213.0,10.0,-22.0,0.0,27.083700191930077,24.166091947189145,0.0,0.0
13,Cell,32,32.0,331.0,213.0,10.0,-22.0,0.0,27.083700191930077,24.166091947189145,0.0,0.0
13,Cell,33,33.0,331.0,213.0,10.0,-22.0,0.0,27.083700191930077,24.166091947189145,0.0,0.0
13,Cell,34,34.0,335.0,211.0,14.0,-24.0,4.47213595499958,31.555836146929657,27.784887978899608,4.47213595499958,-26.56505117707799
13,Cell,35,35.0,335.0,211.0,14.0,-24.0,0.0,31.555836146929657,27.784887978899608,0.0,0.0
13,Cell,36,36.0,335.0,211.0,14.0,-24.0,0.0,31.555836146929657,27.784887978899608,0.0,0.0
13,Cell,37,37.0,335.0,211.0,14.0,-24.0,0.0,31.555836146929657,27.784887978899608,0.0,0.0
13,Cell,38,38.0,335.0,211.0,14.0,-24.0,0.0,31.555836146929657,27.784887978899608,0.0,0.0
13,Cell,39,39.0,335.0,210.5,14.0,-24.5,0.5,32.05583614692966,28.217902119044926,0.5,-90.0
13,Cell,40,40.0,335.0,210.0,14.0,-25.0,0.5,32.55583614692966,28.653097563788805,0.5,-90.0
13,Cell,41,41.0,335.0,210.0,14.0,-25.0,0.0,32.55583614692966,28.653097563788805,0.0,0.0
13,Cell,42,42.0,335.0,210.0,14.0,-25.0,0.0,32.55583614692966,28.653097563788805,0.0,0.0
13,Cell,43,43.0,335.0,210.0,14.0,-25.0,0.0,32.55583614692966,28.653097563788805,0.0,0.0
13,Cell,44,44.0,364.0,182.0,43.0,-53.0,40.311288741492746,72.86712488842241,68.24954212300622,40.311288741492746,-43.99491399474582
13,Cell,45,45.0,364.0,182.0,43.0,-53.0,0.0,72.86712488842241,68.24954212300622,0.0,0.0
17,Cell,0,0.0,304.5,219.0,0.0,0.0,0.0,0.0,0.0,0.0,0.0
17,Cell,1,1.0,306.0,203.0,1.5,-16.0,16.070158679988197,16.070158679988197,16.070158679988197,16.070158679988197,-84.64417495714481
17,Cell,2,2.0,299.0,190.0,-5.5,-29.0,14.7648230602334,30.834981740221597,29.516944286290883,14.7648230602334,-118.30075576600639
17,Cell,3,3.0,299.0,190.0,-5.5,-29.0,0.0,30.834981740221597,29.516944286290883,0.0,0.0
17,Cell,4,4.0,285.0,201.0,-19.5,-18.0,17.804493814764857,48.639475554986454,26.537709019431198,17.804493814764857,141.84277341263095
17,Cell,5,5.0,299.0,204.0,-5.5,-15.0,14.317821063276353,62.95729661826281,15.976545308670458,14.317821063276353,12.094757077012103
17,Cell,6,6.0,312.0,199.0,7.5,-20.0,13.92838827718412,76.88568489544693,21.360009363293827,13.92838827718412,-21.037511025421818
17,Cell,7,7.0,307.0,200.5,2.5,-18.5,5.220153254455275,82.1058381499022,18.66815470259447,5.220153254455275,163.30075576600638
17,Cell,8,8.0,307.40086439762285,206.5991356023771,2.900864397622854,-12.400864397622911,6.112294770498661,88.21813292040086,12.735637088957397,6.112294770498661,86.2396553654253
17,Cell,9,9.0,309.0,207.0,4.5,-12.0,1.64861364184326,89.86674656224412,12.816005617976296,1.64861364184326,14.072673779032165
17,Cell,10,10.0,334.0,246.0,29.5,27.0,46.32493928760188,136.191685849846,39.99062390110962,46.32493928760188,57.33908727832619
17,Cell,11,11.0,334.0,238.0,29.5,19.0,8.0,144.191685849846,35.0891721190455,8.0,-90.0
17,Cell,12,12.0,331.5,228.0,27.0,9.0,10.307764064044152,154.49944991389017,28.460498941515414,10.307764064044152,-104.0362434679265
17,Cell,13,13.0,329.0,227.0,24.5,8.0,2.692582403567252,157.19203231745743,25.773047937719745,2.692582403567252,-158.19859051364818
17,Cell,14,14.0,329.0,222.0,24.5,3.0,5.0,162.19203231745743,24.682990094394967,5.0,-90.0
17,Cell,15,15.0,321.0,224.0,16.5,5.0,8.246211251235321,170.43824356869274,17.240939649566666,8.246211251235321,165.96375653207352
17,Cell,16,16.0,312.0,210.0,7.5,-9.0,16.64331697709324,187.08156054578598,11.715374513859981,16.64331697709324,-122.73522627210761
17,Cell,17,17.0,312.0,210.0,7.5,-9.0,0.0,187.08156054578598,11.715374513859981,0.0,0.0
17,Cell,18,18.0,318.0,210.0,13.5,-9.0,6.0,193.08156054578598,16.224980739587952,6.0,0.0
17,Cell,19,19.0,318.0,210.0,13.5,-9.0,0.0,193.08156054578598,16.224980739587952,0.0,0.0
17,Cell,20,20.0,321.0,210.0,16.5,-9.0,3.0,196.08156054578598,18.7949461292125,3.0,0.0
17,Cell,21,21.0,321.5991356023771,210.4008643976229,17.09913560237709,-8.599135602377089,0.7208715109624854,196.80243205674847,19.139633524614542,0.7208715109624854,33.7853420663317
17,Cell,22,22.0,322.0,211.0,17.5,-8.0,0.7208715109624854,197.52330356771097,19.241881404893856,0.7208715109624854,56.2146579336683
17,Cell,23,23.0,322.0,211.0,17.5,-8.0,0.0,197.52330356771097,19.241881404893856,0.0,0.0
17,Cell,24,24.0,322.0,210.5,17.5,-8.5,0.5,198.02330356771097,19.45507645834372,0.5,-90.0
17,Cell,25,25.0,322.0,210.0,17.5,-9.0,0.5,198.52330356771097,19.67866865415443,0.5,-90.0
17,Cell,26,26.0,322.0,210.0,17.5,-9.0,0.0,198.52330356771097,19.67866865415443,0.0,0.0
17,Cell,27,27.0,328.0,210.0,23.5,-9.0,6.0,204.52330356771097,25.16445906432324,6.0,0.0
17,Cell,28,28.0,352.0,210.0,47.5,-9.0,24.0,228.52330356771097,48.34511350695125,24.0,0.0
17,Cell,29,29.0,348.0,207.0,43.5,-12.0,5.0,233.52330356771097,45.12482686947397,5.0,-143.13010235415598
17,Cell,30,30.0,348.0,207.0,43.5,-12.0,0.0,233.52330356771097,45.12482686947397,0.0,0.0
17,Cell,31,31.0,337.0,208.0,32.5,-11.0,11.045361017187261,244.56866458489822,34.311076928595526,11.045361017187261,174.80557109226518
17,Cell,32,32.0,323.0,216.5,18.5,-2.5,16.3783393541592,260.9470039390574,18.66815470259447,16.3783393541592,148.73626830562256
17,Cell,33,33.0,323.0,218.0,18.5,-1.0,1.5,262.4470039390574,18.527007313648905,1.5,90.0
17,Cell,34,34.0,337.0,202.0,32.5,-17.0,21.2602916254693,283.7072955645267,36.67764987018661,21.2602916254693,-48.81407483429036
17,Cell,35,35.0,337.0,202.0,32.5,-17.0,0.0,283.7072955645267,36.67764987018661,0.0,0.0
17,Cell,36,36.0,344.0,213.0,39.5,-6.0,13.038404810405298,296.745700374932,39.953097501945955,13.038404810405298,57.528807709151515
17,Cell,37,37.0,344.0,213.0,39.5,-6.0,0.0,296.745700374932,39.953097501945955,0.0,0.0
2,Cell,0,0.0,135.0,171.0,0.0,0.0,0.0,0.0,0.0,0.0,0.0
2,Cell,1,1.0,135.0,171.0,0.0,0.0,0.0,0.0,0.0,0.0,0.0
2,Cell,2,2.0,129.0,170.0,-6.0,-1.0,6.082762530298219,6.082762530298219,6.082762530298219,6.082762530298219,-170.5376777919744
2,Cell,3,3.0,120.0,177.0,-15.0,6.0,11.40175425099138,17.4845167812896,16.15549442140351,11.40175425099138,142.12501634890182
2,Cell,4,4.0,124.0,182.0,-11.0,11.0,6.4031242374328485,23.887641018722448,15.556349186104045,6.4031242374328485,51.34019174590991
2,Cell,5,5.0,124.0,182.0,-11.0,11.0,0.0,23.887641018722448,15.556349186104045,0.0,0.0
2,Cell,6,6.0,124.0,182.0,-11.0,11.0,0.0,23.887641018722448,15.556349186104045,0.0,0.0
2,Cell,7,7.0,116.0,176.0,-19.0,5.0,10.0,33.88764101872245,19.6468827043885,10.0,-143.13010235415598
2,Cell,8,8.0,116.0,176.0,-19.0,5.0,0.0,33.88764101872245,19.6468827043885,0.0,0.0
2,Cell,9,9.0,114.0,174.0,-21.0,3.0,2.8284271247461903,36.71606814346864,21.213203435596427,2.8284271247461903,-135.0
2,Cell,10,10.0,114.0,174.0,-21.0,3.0,0.0,36.71606814346864,21.213203435596427,0.0,0.0
2,Cell,11,11.0,114.0,174.0,-21.0,3.0,0.0,36.71606814346864,21.213203435596427,0.0,0.0
2,Cell,12,12.0,114.0,179.0,-21.0,8.0,5.0,41.71606814346864,22.47220505424423,5.0,90.0
2,Cell,13,13.0,100.0,184.0,-35.0,13.0,14.866068747318506,56.58213689078715,37.33630940518894,14.866068747318506,160.34617594194668
2,Cell,14,14.0,73.5,179.0,-61.5,8.0,26.9675731203236,83.54971001111075,62.01814250685037,26.9675731203236,-169.3150875999973
2,Cell,15,15.0,74.0,179.0,-61.0,8.0,0.5,84.04971001111075,61.5223536610881,0.5,0.0
2,Cell,16,16.0,77.0,179.5,-58.0,8.5,3.0413812651491097,87.09109127625986,58.619535992704684,3.0413812651491097,9.462322208025617
2,Cell,17,17.0,81.5,180.0,-53.5,9.0,4.527692569068709,91.61878384532857,54.25172808307584,4.527692569068709,6.34019174590991
2,Cell,18,18.0,82.0,180.0,-53.0,9.0,0.5,92.11878384532857,53.75872022286245,0.5,0.0
2,Cell,19,19.0,82.0,180.0,-53.0,9.0,0.0,92.11878384532857,53.75872022286245,0.0,0.0
2,Cell,20,20.0,78.0,173.0,-57.0,2.0,8.06225774829855,100.18104159362711,57.0350769263968,8.06225774829855,-119.74488129694224
2,Cell,21,21.0,78.0,173.0,-57.0,2.0,0.0,100.18104159362711,57.0350769263968,0.0,0.0
2,Cell,22,22.0,89.0,166.0,-46.0,-5.0,13.038404810405298,113.21944640403241,46.2709412050371,13.038404810405298,-32.47119229084849
2,Cell,23,23.0,89.0,166.0,-46.0,-5.0,0.0,113.21944640403241,46.2709412050371,0.0,0.0
2,Cell,24,24.0,94.4008643976229,168.5991356023771,-40.5991356023771,-2.400864397622911,5.993733571076934,119.21317997510934,40.67006222660567,5.993733571076934,25.698924159851455
2,Cell,25,25.0,68.0,193.0,-67.0,22.0,35.9500740512847,155.16325402639404,70.51950084905593,35.9500740512847,137.25449832136894
2,Cell,26,26.0,69.5,194.0,-65.5,23.0,1.8027756377319946,156.96602966412604,69.42081820318744,1.8027756377319946,33.690067525979785
2,Cell,27,27.0,74.5,193.0,-60.5,22.0,5.0990195135927845,162.06504917771883,64.37584950895794,5.0990195135927845,-11.309932474020213
2,Cell,28,28.0,92.0,186.0,-43.0,15.0,18.848076824970764,180.9131260026896,45.5411901469428,18.848076824970764,-21.80140948635181
2,Cell,29,29.0,92.0,186.0,-43.0,15.0,0.0,180.9131260026896,45.5411901469428,0.0,0.0
2,Cell,30,30.0,92.0,185.5,-43.0,14.5,0.5,181.4131260026896,45.37895988230669,0.5,-90.0
2,Cell,31,31.0,92.0,185.0,-43.0,14.0,0.5,181.9131260026896,45.221676218380054,0.5,-90.0
2,Cell,32,32.0,91.5,185.0,-43.5,14.0,0.5,182.4131260026896,45.69737410398983,0.5,180.0
2,Cell,33,33.0,91.0,185.0,-44.0,14.0,0.5,182.9131260026896,46.17358552246078,0.5,180.0
2,Cell,34,34.0,91.0,185.0,-44.0,14.0,0.0,182.9131260026896,46.17358552246078,0.0,0.0
36,Cell,0,0.0,221.0,53.0,0.0,0.0,0.0,0.0,0.0,0.0,0.0
36,Cell,1,1.0,227.0,58.0,6.0,5.0,7.810249675906654,7.810249675906654,7.810249675906654,7.810249675906654,39.80557109226519
36,Cell,2,2.0,218.0,53.0,-3.0,0.0,10.295630140987,18.105879816893655,3.0,10.295630140987,-150.94539590092288
36,Cell,3,3.0,221.0,52.0,0.0,-1.0,3.1622776601683795,21.268157477062033,1.0,3.1622776601683795,-18.43494882292201
36,Cell,4,4.0,172.0,49.0,-49.0,-4.0,49.09175083453431,70.35990831159634,49.16299421312742,49.09175083453431,-176.49646835521557
36,Cell,5,5.0,187.0,53.0,-34.0,0.0,15.524174696260024,85.88408300785636,34.0,15.524174696260024,14.931417178137556
36,Cell,6,6.0,204.0,57.0,-17.0,4.0,17.46424919657298,103.34833220442934,17.46424919657298,17.46424919657298,13.240519915187205
36,Cell,7,7.0,204.0,57.0,-17.0,4.0,0.0,103.34833220442934,17.46424919657298,0.0,0.0
36,Cell,8,8.0,197.0,53.0,-24.0,0.0,8.06225774829855,111.41058995272789,24.0,8.06225774829855,-150.2551187030578
36,Cell,9,9.0,200.0,59.5,-21.0,6.5,7.158910531638177,118.56950048436606,21.982947936980608,7.158910531638177,65.22485943116808
36,Cell,10,10.0,204.0,51.0,-17.0,-2.0,9.394147114027968,127.96364759839403,17.11724276862369,9.394147114027968,-64.79887635452492
36,Cell,11,11.0,204.0,53.0,-17.0,0.0,2.0,129.96364759839403,17.0,2.0,90.0
36,Cell,12,12.0,212.0,54.0,-9.0,1.0,8.06225774829855,138.02590534669258,9.055385138137417,8.06225774829855,7.125016348901798
36,Cell,13,13.0,192.0,54.0,-29.0,1.0,20.0,158.02590534669258,29.017236257093817,20.0,180.0
36,Cell,14,14.0,197.0,55.0,-24.0,2.0,5.0990195135927845,163.12492486028538,24.08318915758459,5.0990195135927845,11.309932474020213
36,Cell,15,15.0,197.0,55.0,-24.0,2.0,0.0,163.12492486028538,24.08318915758459,0.0,0.0
36,Cell,16,16.0,193.0,57.0,-28.0,4.0,4.47213595499958,167.59706081528495,28.284271247461902,4.47213595499958,153.43494882292202
36,Cell,17,17.0,193.0,57.0,-28.0,4.0,0.0,167.59706081528495,28.284271247461902,0.0,0.0
36,Cell,18,18.0,201.0,60.0,-20.0,7.0,8.54400374531753,176.14106456060247,21.18962010041709,8.54400374531753,20.556045219583464
36,Cell,19,19.0,212.0,54.0,-9.0,1.0,12.529964086141668,188.67102864674413,9.055385138137417,12.529964086141668,-28.610459665965216
36,Cell,20,20.0,206.0,58.0,-15.0,5.0,7.211102550927978,195.88213119767212,15.811388300841896,7.211102550927978,146.30993247402023
36,Cell,21,21.0,206.0,58.0,-15.0,5.0,0.0,195.88213119767212,15.811388300841896,0.0,0.0
36,Cell,22,22.0,204.0,56.0,-17.0,3.0,2.8284271247461903,198.7105583224183,17.26267650163207,2.8284271247461903,-135.0
36,Cell,23,23.0,204.0,56.0,-17.0,3.0,0.0,198.7105583224183,17.26267650163207,0.0,0.0
36,Cell,24,24.0,217.0,54.0,-4.0,1.0,13.152946437965905,211.86350476038422,4.123105625617661,13.152946437965905,-8.74616226255521
36,Cell,25,25.0,211.0,53.0,-10.0,0.0,6.082762530298219,217.94626729068244,10.0,6.082762530298219,-170.5376777919744
36,Cell,26,26.0,213.0,56.0,-8.0,3.0,3.605551275463989,221.55181856614644,8.54400374531753,3.605551275463989,56.309932474020215
36,Cell,27,27.0,208.0,54.0,-13.0,1.0,5.385164807134504,226.93698337328095,13.038404810405298,5.385164807134504,-158.19859051364818
36,Cell,28,28.0,212.0,54.0,-9.0,1.0,4.0,230.93698337328095,9.055385138137417,4.0,0.0
36,Cell,29,29.0,213.0,50.0,-8.0,-3.0,4.123105625617661,235.0600889988986,8.54400374531753,4.123105625617661,-75.96375653207353
19,Cell,0,0.0,382.0,144.5,0.0,0.0,0.0,0.0,0.0,0.0,0.0
19,Cell,1,1.0,406.0,134.0,24.0,-10.5,26.196373794859472,26.196373794859472,26.196373794859472,26.196373794859472,-23.62937773065682
19,Cell,2,2.0,397.0,104.0,15.0,-40.5,31.32091952673165,57.517293321591126,43.188540146663904,31.32091952673165,-106.69924423399362
19,Cell,3,3.0,405.0,96.0,23.0,-48.5,11.313708498984761,68.83100182057589,53.67727638395972,11.313708498984761,-45.0
19,Cell,4,4.0,405.0,96.0,23.0,-48.5,0.0,68.83100182057589,53.67727638395972,0.0,0.0
19,Cell,5,5.0,405.0,96.0,23.0,-48.5,0.0,68.83100182057589,53.67727638395972,0.0,0.0
19,Cell,6,6.0,405.0,95.5,23.0,-49.0,0.5,69.33100182057589,54.12947441089743,0.5,-90.0
19,Cell,7,7.0,405.0,95.0,23.0,-49.5,0.5,69.83100182057589,54.582506355058484,0.5,-90.0
19,Cell,8,8.0,405.0,95.0,23.0,-49.5,0.0,69.83100182057589,54.582506355058484,0.0,0.0
19,Cell,9,9.0,405.0,94.5,23.0,-50.0,0.5,70.33100182057589,55.036351623268054,0.5,-90.0
19,Cell,10,10.0,405.0,94.0,23.0,-50.5,0.5,70.83100182057589,55.49099025968089,0.5,-90.0
19,Cell,11,11.0,407.0,92.0,25.0,-52.5,2.8284271247461903,73.65942894532208,58.148516748065035,2.8284271247461903,-45.0
19,Cell,12,12.0,407.0,89.0,25.0,-55.5,3.0,76.65942894532208,60.87076473973364,3.0,-90.0
19,Cell,13,13.0,416.0,93.5,34.0,-51.0,10.062305898749054,86.72173484407114,61.29437168288782,10.062305898749054,26.56505117707799
19,Cell,14,14.0,418.0,94.0,36.0,-50.5,2.0615528128088303,88.78328765687996,62.01814250685037,2.0615528128088303,14.036243467926477
19,Cell,15,15.0,419.0,93.0,37.0,-51.5,1.4142135623730951,90.19750121925306,63.413326675076746,1.4142135623730951,-45.0
19,Cell,16,16.0,429.0,81.0,47.0,-63.5,15.620499351813308,105.81800057106636,79.00158226263572,15.620499351813308,-50.19442890773481
19,Cell,17,17.0,420.0,78.0,38.0,-66.5,9.486832980505138,115.3048335515715,76.59144860883622,9.486832980505138,-161.56505117707798
19,Cell,18,18.0,418.0,78.0,36.0,-66.5,2.0,117.3048335515715,75.61911134098311,2.0,180.0
19,Cell,19,19.0,407.0,52.0,25.0,-92.5,28.231188426986208,145.5360219785577,95.818839483684,28.231188426986208,-112.9321004375898
19,Cell,20,20.0,409.5,59.0,27.5,-85.5,7.433034373659253,152.96905635221694,89.81369606023348,7.433034373659253,70.3461759419467
19,Cell,21,21.0,404.0,62.0,22.0,-82.5,6.264982043070834,159.23403839528777,85.38296082943013,6.264982043070834,151.3895403340348
19,Cell,22,22.0,404.0,62.0,22.0,-82.5,0.0,159.23403839528777,85.38296082943013,0.0,0.0
19,Cell,23,23.0,404.0,62.0,22.0,-82.5,0.0,159.23403839528777,85.38296082943013,0.0,0.0
