TrackID,Cell_Type,Frame,Time_min,X_um,Y_um,X_displacement_um,Y_displacement_um,Step_Distance_um,Cumulative_Distance_um,Displacement_um,Velocity_um_min,Step_Angle_deg
21,Cell,0,0.0,236.0,404.0,0.0,0.0,0.0,0.0,0.0,0.0,0.0
21,Cell,1,1.0,234.0,396.0,-2.0,-8.0,8.246211251235321,8.246211251235321,8.246211251235321,8.246211251235321,-104.0362434679265
21,Cell,2,2.0,231.0,391.0,-5.0,-13.0,5.830951894845301,14.077163146080622,13.92838827718412,5.830951894845301,-120.96375653207352
21,Cell,3,3.0,238.0,388.0,2.0,-16.0,7.615773105863909,21.69293625194453,16.1245154965971,7.615773105863909,-23.19859051364819
21,Cell,4,4.0,247.6101545253863,390.38984547461365,11.610154525386292,-13.61015452538635,9.902849660291425,31.595785912235954,17.889438065748248,9.902849660291425,13.964996279338013
21,Cell,5,5.0,252.02557544757033,393.4514066496164,16.025575447570333,-10.548593350383612,5.3729971848442935,36.96878309708025,19.18572099498808,5.3729971848442935,34.736635601614246
21,Cell,6,6.0,259.0,394.0,23.0,-10.0,6.995966873965234,43.96474997104548,25.079872407968907,6.995966873965234,4.497503547859952
21,Cell,7,7.0,259.0,394.0,23.0,-10.0,0.0,43.96474997104548,25.079872407968907,0.0,0.0
21,Cell,8,8.0,259.0,394.0,23.0,-10.0,0.0,43.96474997104548,25.079872407968907,0.0,0.0
21,Cell,9,9.0,259.0,394.0,23.0,-10.0,0.0,43.96474997104548,25.079872407968907,0.0,0.0
21,Cell,10,10.0,259.0,394.5,23.0,-9.5,0.5,44.46474997104548,24.88473427625861,0.5,90.0
21,Cell,11,11.0,259.0,396.0,23.0,-8.0,1.5,45.96474997104548,24.351591323771842,1.5,90.0
21,Cell,12,12.0,259.0,396.0,23.0,-8.0,0.0,45.96474997104548,24.351591323771842,0.0,0.0
21,Cell,13,13.0,261.5,399.5,25.5,-4.5,4.301162633521313,50.26591260456679,25.894014752448104,4.301162633521313,54.46232220802562
21,Cell,14,14.0,262.0,400.0,26.0,-4.0,0.7071067811865476,50.97301938575334,26.30589287593181,0.7071067811865476,45.0
21,Cell,15,15.0,262.0,400.0,26.0,-4.0,0.0,50.97301938575334,26.30589287593181,0.0,0.0
21,Cell,16,16.0,262.0,400.0,26.0,-4.0,0.0,50.97301938575334,26.30589287593181,0.0,0.0
21,Cell,17,17.0,262.0,400.0,26.0,-4.0,0.0,50.97301938575334,26.30589287593181,0.0,0.0
21,Cell,18,18.0,262.0,400.0,26.0,-4.0,0.0,50.97301938575334,26.30589287593181,0.0,0.0
21,Cell,19,19.0,262.5,400.0,26.5,-4.0,0.5,51.47301938575334,26.800186566514792,0.5,0.0
21,Cell,20,20.0,263.0,400.0,27.0,-4.0,0.5,51.97301938575334,27.294688127912362,0.5,0.0
21,Cell,21,21.0,283.0,400.0,47.0,-4.0,20.0,71.97301938575333,47.16990566028302,20.0,0.0
21,Cell,22,22.0,270.0,399.0,34.0,-5.0,13.038404810405298,85.01142419615863,34.36568055487916,13.038404810405298,-175.6012946450045
21,Cell,23,23.0,270.0,399.0,34.0,-5.0,0.0,85.01142419615863,34.36568055487916,0.0,0.0
21,Cell,24,24.0,265.0,403.0,29.0,-1.0,6.4031242374328485,91.41454843359148,29.017236257093817,6.4031242374328485,141.34019174590992
21,Cell,25,25.0,265.0,403.0,29.0,-1.0,0.0,91.41454843359148,29.017236257093817,0.0,0.0
21,Cell,26,26.0,265.0,403.0,29.0,-1.0,0.0,91.41454843359148,29.017236257093817,0.0,0.0
21,Cell,27,27.0,265.0,403.0,29.0,-1.0,0.0,91.41454843359148,29.017236257093817,0.0,0.0
21,Cell,28,28.0,278.0,412.0,42.0,8.0,15.811388300841896,107.22593673443338,42.7551166528639,15.811388300841896,34.69515353123397
21,Cell,29,29.0,278.0,412.0,42.0,8.0,0.0,107.22593673443338,42.7551166528639,0.0,0.0
21,Cell,30,30.0,276.0,409.0,40.0,5.0,3.605551275463989,110.83148800989737,40.311288741492746,3.605551275463989,-123.6900675259798
21,Cell,31,31.0,276.0,409.0,40.0,5.0,0.0,110.83148800989737,40.311288741492746,0.0,0.0
21,Cell,32,32.0,276.0,409.0,40.0,5.0,0.0,110.83148800989737,40.311288741492746,0.0,0.0
21,Cell,33,33.0,276.0,409.0,40.0,5.0,0.0,110.83148800989737,40.311288741492746,0.0,0.0
21,Cell,34,34.0,276.5,409.0,40.5,5.0,0.5,111.33148800989737,40.80747480548141,0.5,0.0
21,Cell,35,35.0,277.0,409.0,41.0,5.0,0.5,111.83148800989737,41.30375285612676,0.5,0.0
21,Cell,36,36.0,284.0,410.0,48.0,6.0,7.0710678118654755,118.90255582176285,48.373546489791295,7.0710678118654755,8.13010235415598
21,Cell,37,37.0,284.0,410.0,48.0,6.0,0.0,118.90255582176285,48.373546489791295,0.0,0.0
21,Cell,38,38.0,284.0,410.0,48.0,6.0,0.0,118.90255582176285,48.373546489791295,0.0,0.0
21,Cell,39,39.0,284.0,410.0,48.0,6.0,0.0,118.90255582176285,48.373546489791295,0.0,0.0
21,Cell,40,40.0,284.0,410.0,48.0,6.0,0.0,118.90255582176285,48.373546489791295,0.0,0.0
21,Cell,41,41.0,284.0,410.0,48.0,6.0,0.0,118.90255582176285,48.373546489791295,0.0,0.0
21,Cell,42,42.0,284.0,410.0,48.0,6.0,0.0,118.90255582176285,48.373546489791295,0.0,0.0
21,Cell,43,43.0,284.0,410.0,48.0,6.0,0.0,118.90255582176285,48.373546489791295,0.0,0.0
21,Cell,44,44.0,284.0,410.0,48.0,6.0,0.0,118.90255582176285,48.373546489791295,0.0,0.0
21,Cell,45,45.0,285.0,410.0,49.0,6.0,1.0,119.90255582176285,49.36598018878993,1.0,0.0
21,Cell,46,46.0,289.5,410.0,53.5,6.0,4.5,124.40255582176285,53.83539727725616,4.5,0.0
21,Cell,47,47.0,291.0,410.0,55.0,6.0,1.5,125.90255582176285,55.326304774492215,1.5,0.0
21,Cell,48,48.0,291.0,410.0,55.0,6.0,0.0,125.90255582176285,55.326304774492215,0.0,0.0
21,Cell,49,49.0,291.0,410.0,55.0,6.0,0.0,125.90255582176285,55.326304774492215,0.0,0.0
21,Cell,50,50.0,291.0,410.0,55.0,6.0,0.0,125.90255582176285,55.326304774492215,0.0,0.0
21,Cell,51,51.0,291.0,410.0,55.0,6.0,0.0,125.90255582176285,55.326304774492215,0.0,0.0
21,Cell,52,52.0,291.0,410.0,55.0,6.0,0.0,125.90255582176285,55.326304774492215,0.0,0.0
21,Cell,53,53.0,291.0,410.0,55.0,6.0,0.0,125.90255582176285,55.326304774492215,0.0,0.0
21,Cell,54,54.0,291.0,410.0,55.0,6.0,0.0,125.90255582176285,55.326304774492215,0.0,0.0
21,Cell,55,55.0,292.0,424.0,56.0,20.0,14.035668847618199,139.93822466938104,59.464274989274024,14.035668847618199,85.91438322002512
21,Cell,56,56.0,292.0,424.0,56.0,20.0,0.0,139.93822466938104,59.464274989274024,0.0,0.0
21,Cell,57,57.0,292.0,424.0,56.0,20.0,0.0,139.93822466938104,59.464274989274024,0.0,0.0
21,Cell,58,58.0,292.0,438.0,56.0,34.0,14.0,153.93822466938104,65.5133574166368,14.0,90.0
21,Cell,59,59.0,292.0,438.0,56.0,34.0,0.0,153.93822466938104,65.5133574166368,0.0,0.0
21,Cell,60,60.0,292.0,438.0,56.0,34.0,0.0,153.93822466938104,65.5133574166368,0.0,0.0
21,Cell,61,61.0,292.0,438.0,56.0,34.0,0.0,153.93822466938104,65.5133574166368,0.0,0.0
21,Cell,62,62.0,292.0,438.0,56.0,34.0,0.0,153.93822466938104,65.5133574166368,0.0,0.0
21,Cell,63,63.0,292.0,438.0,56.0,34.0,0.0,153.93822466938104,65.5133574166368,0.0,0.0
21,Cell,64,64.0,292.0,438.0,56.0,34.0,0.0,153.93822466938104,65.5133574166368,0.0,0.0
21,Cell,65,65.0,292.0,438.0,56.0,34.0,0.0,153.93822466938104,65.5133574166368,0.0,0.0
21,Cell,66,66.0,292.0,438.0,56.0,34.0,0.0,153.93822466938104,65.5133574166368,0.0,0.0
21,Cell,67,67.0,292.0,438.0,56.0,34.0,0.0,153.93822466938104,65.5133574166368,0.0,0.0
21,Cell,68,68.0,292.0,438.0,56.0,34.0,0.0,153.93822466938104,65.5133574166368,0.0,0.0
21,Cell,69,69.0,292.0,438.0,56.0,34.0,0.0,153.93822466938104,65.5133574166368,0.0,0.0
21,Cell,70,70.0,292.0,438.0,56.0,34.0,0.0,153.93822466938104,65.5133574166368,0.0,0.0
21,Cell,71,71.0,291.0,447.0,55.0,43.0,9.055385138137417,162.99360980751845,69.81403870282824,9.055385138137417,96.3401917459099
21,Cell,72,72.0,283.0,453.0,47.0,49.0,10.0,172.99360980751845,67.89698078707183,10.0,143.13010235415598
23,Cell,0,0.0,298.0,319.0,0.0,0.0,0.0,0.0,0.0,0.0,0.0
23,Cell,1,1.0,323.0,325.0,25.0,6.0,25.709920264364882,25.709920264364882,25.709920264364882,25.709920264364882,13.495733280795813
23,Cell,2,2.0,314.0,338.0,16.0,19.0,15.811388300841896,41.52130856520678,24.839484696748443,15.811388300841896,124.69515353123398
23,Cell,3,3.0,314.0,338.0,16.0,19.0,0.0,41.52130856520678,24.839484696748443,0.0,0.0
23,Cell,4,4.0,313.0,331.0,15.0,12.0,7.0710678118654755,48.592376377072256,19.209372712298546,7.0710678118654755,-98.130102354156
23,Cell,5,5.0,311.0,319.0,13.0,0.0,12.165525060596439,60.75790143766869,13.0,12.165525060596439,-99.46232220802563
23,Cell,6,6.0,307.0,315.0,9.0,-4.0,5.656854249492381,66.41475568716108,9.848857801796104,5.656854249492381,-135.0
23,Cell,7,7.0,305.3811676082862,316.3811676082862,7.381167608286205,-2.618832391713795,2.127966699608065,68.54272238676914,7.831980487558871,2.127966699608065,139.52960279586375
23,Cell,8,8.0,309.0,301.0,11.0,-18.0,15.801147580904045,84.34386996767319,21.095023109728988,15.801147580904045,-76.76041851248118
23,Cell,9,9.0,309.0,301.0,11.0,-18.0,0.0,84.34386996767319,21.095023109728988,0.0,0.0
23,Cell,10,10.0,306.0,313.0,8.0,-6.0,12.36931687685298,96.71318684452616,10.0,12.36931687685298,104.0362434679265
23,Cell,11,11.0,306.0,313.0,8.0,-6.0,0.0,96.71318684452616,10.0,0.0,0.0
23,Cell,12,12.0,306.0,304.0,8.0,-15.0,9.0,105.71318684452616,17.0,9.0,-90.0
23,Cell,13,13.0,322.0,299.0,24.0,-20.0,16.76305461424021,122.47624145876637,31.240998703626616,16.76305461424021,-17.354024636261325
23,Cell,14,14.0,322.0,299.0,24.0,-20.0,0.0,122.47624145876637,31.240998703626616,0.0,0.0
23,Cell,15,15.0,322.0,302.0,24.0,-17.0,3.0,125.47624145876637,29.410882339705484,3.0,90.0
23,Cell,16,16.0,298.5,283.0,0.5,-36.0,30.220026472523152,155.69626793128953,36.003472054789384,30.220026472523152,-141.0440921622411
23,Cell,17,17.0,298.0,283.0,0.0,-36.0,0.5,156.19626793128953,36.0,0.5,180.0
23,Cell,18,18.0,308.0,288.0,10.0,-31.0,11.180339887498949,167.37660781878847,32.57299494980466,11.180339887498949,26.56505117707799
23,Cell,19,19.0,300.0,306.0,2.0,-13.0,19.697715603592208,187.07432342238067,13.152946437965905,19.697715603592208,113.96248897457818
23,Cell,20,20.0,322.0,306.0,24.0,-13.0,22.0,209.07432342238067,27.294688127912362,22.0,0.0
23,Cell,21,21.0,314.0,291.0,16.0,-28.0,17.0,226.07432342238067,32.2490309931942,17.0,-118.07248693585296
23,Cell,22,22.0,314.0,291.0,16.0,-28.0,0.0,226.07432342238067,32.2490309931942,0.0,0.0
23,Cell,23,23.0,312.0,273.0,14.0,-46.0,18.110770276274835,244.18509369865552,48.08326112068523,18.110770276274835,-96.3401917459099
23,Cell,24,24.0,312.0,273.0,14.0,-46.0,0.0,244.18509369865552,48.08326112068523,0.0,0.0
23,Cell,25,25.0,312.0,283.0,14.0,-36.0,10.0,254.18509369865552,38.62641583165593,10.0,90.0
23,Cell,26,26.0,302.0,283.0,4.0,-36.0,10.0,264.1850936986555,36.22154055254967,10.0,180.0
23,Cell,27,27.0,299.0,277.0,1.0,-42.0,6.708203932499369,270.8932976311549,42.01190307520001,6.708203932499369,-116.56505117707799
23,Cell,28,28.0,296.0,273.0,-2.0,-46.0,5.0,275.8932976311549,46.04345773288535,5.0,-126.86989764584402
23,Cell,29,29.0,310.0,252.0,12.0,-67.0,25.238858928247925,301.1321565594028,68.06614430096654,25.238858928247925,-56.309932474020215
23,Cell,30,30.0,284.0,254.0,-14.0,-65.0,26.076809620810597,327.2089661802134,66.49060083951716,26.076809620810597,175.6012946450045
23,Cell,31,31.0,284.0,266.0,-14.0,-53.0,12.0,339.2089661802134,54.817880294662984,12.0,90.0
23,Cell,32,32.0,296.0,283.0,-2.0,-36.0,20.808652046684813,360.0176182268982,36.05551275463989,20.808652046684813,54.78240703180728
23,Cell,33,33.0,298.0,285.0,0.0,-34.0,2.8284271247461903,362.8460453516444,34.0,2.8284271247461903,45.0
23,Cell,34,34.0,297.0,272.0,-1.0,-47.0,13.038404810405298,375.88445016204975,47.01063709417264,13.038404810405298,-94.39870535499553
23,Cell,35,35.0,287.0,275.0,-11.0,-44.0,10.44030650891055,386.3247566709603,45.35416188179427,10.44030650891055,163.30075576600638
23,Cell,36,36.0,287.0,281.0,-11.0,-38.0,6.0,392.3247566709603,39.56008088970496,6.0,90.0
23,Cell,37,37.0,287.0,281.0,-11.0,-38.0,0.0,392.3247566709603,39.56008088970496,0.0,0.0
23,Cell,38,38.0,287.0,281.0,-11.0,-38.0,0.0,392.3247566709603,39.56008088970496,0.0,0.0
23,Cell,39,39.0,295.0,290.0,-3.0,-29.0,12.041594578792296,404.3663512497526,29.154759474226502,12.041594578792296,48.36646066342981
23,Cell,40,40.0,297.0,290.0,-1.0,-29.0,2.0,406.3663512497526,29.017236257093817,2.0,0.0
23,Cell,41,41.0,306.0,291.0,8.0,-28.0,9.055385138137417,415.42173638789,29.120439557122072,9.055385138137417,6.34019174590991
23,Cell,42,42.0,320.0,281.0,22.0,-38.0,17.204650534085253,432.62638692197527,43.9089968002003,17.204650534085253,-35.53767779197438
23,Cell,43,43.0,305.0,296.0,7.0,-23.0,21.213203435596427,453.8395903575717,24.041630560342615,21.213203435596427,135.0
23,Cell,44,44.0,305.0,296.0,7.0,-23.0,0.0,453.8395903575717,24.041630560342615,0.0,0.0
23,Cell,45,45.0,305.0,296.0,7.0,-23.0,0.0,453.8395903575717,24.041630560342615,0.0,0.0
23,Cell,46,46.0,314.0,287.0,16.0,-32.0,12.727922061357855,466.56751241892954,35.77708763999664,12.727922061357855,-45.0
23,Cell,47,47.0,316.0,280.0,18.0,-39.0,7.280109889280518,473.8476223082101,42.95346318982906,7.280109889280518,-74.05460409907715
23,Cell,48,48.0,311.0,283.0,13.0,-36.0,5.830951894845301,479.6785742030554,38.27531841800928,5.830951894845301,149.03624346792648
23,Cell,49,49.0,311.0,284.0,13.0,-35.0,1.0,480.6785742030554,37.33630940518894,1.0,90.0
23,Cell,50,50.0,311.0,284.0,13.0,-35.0,0.0,480.6785742030554,37.33630940518894,0.0,0.0
23,Cell,51,51.0,312.0,286.0,14.0,-33.0,2.23606797749979,482.9146421805552,35.84689665786984,2.23606797749979,63.43494882292201
23,Cell,52,52.0,312.0,286.0,14.0,-33.0,0.0,482.9146421805552,35.84689665786984,0.0,0.0
23,Cell,53,53.0,296.0,315.0,-2.0,-4.0,33.12099032335839,516.0356325039136,4.47213595499958,33.12099032335839,118.88658176691072
23,Cell,54,54.0,306.0,305.0,8.0,-14.0,14.142135623730951,530.1777681276445,16.1245154965971,14.142135623730951,-45.0
23,Cell,55,55.0,307.0,278.0,9.0,-41.0,27.018512172212592,557.1962802998571,41.97618372363071,27.018512172212592,-87.87890360333854
23,Cell,56,56.0,310.0,286.0,12.0,-33.0,8.54400374531753,565.7402840451747,35.11409973215888,8.54400374531753,69.44395478041653
23,Cell,57,57.0,331.0,319.0,33.0,0.0,39.11521443121589,604.8554984763906,33.0,39.11521443121589,57.528807709151515
23,Cell,58,58.0,324.0,306.0,26.0,-13.0,14.7648230602334,619.620321536624,29.068883707497267,14.7648230602334,-118.30075576600639
23,Cell,59,59.0,288.0,283.0,-10.0,-36.0,42.720018726587654,662.3403402632117,37.36308338453881,42.720018726587654,-147.4259428654275
23,Cell,60,60.0,299.0,292.0,1.0,-27.0,14.212670403551895,676.5530106667636,27.018512172212592,14.212670403551895,39.28940686250036
23,Cell,61,61.0,309.0,292.0,11.0,-27.0,10.0,686.5530106667636,29.154759474226502,10.0,0.0
23,Cell,62,62.0,324.0,285.0,26.0,-34.0,16.55294535724685,703.1059560240104,42.80186911806539,16.55294535724685,-25.016893478100023
23,Cell,63,63.0,324.0,285.0,26.0,-34.0,0.0,703.1059560240104,42.80186911806539,0.0,0.0
23,Cell,64,64.0,320.0,289.0,22.0,-30.0,5.656854249492381,708.7628102735029,37.20215047547655,5.656854249492381,135.0
23,Cell,65,65.0,310.0,311.0,12.0,-8.0,24.166091947189145,732.928902220692,14.422205101855956,24.166091947189145,114.44395478041653
32,Cell,0,0.0,284.0,54.0,0.0,0.0,0.0,0.0,0.0,0.0,0.0
32,Cell,1,1.0,284.0,54.0,0.0,0.0,0.0,0.0,0.0,0.0,0.0
32,Cell,2,2.0,279.0,52.0,-5.0,-2.0,5.385164807134504,5.385164807134504,5.385164807134504,5.385164807134504,-158.19859051364818
32,Cell,3,3.0,279.0,52.0,-5.0,-2.0,0.0,5.385164807134504,5.385164807134504,0.0,0.0
32,Cell,4,4.0,278.0,52.0,-6.0,-2.0,1.0,6.385164807134504,6.324555320336759,1.0,180.0
32,Cell,5,5.0,278.0,52.0,-6.0,-2.0,0.0,6.385164807134504,6.324555320336759,0.0,0.0
32,Cell,6,6.0,261.0,50.0,-23.0,-4.0,17.11724276862369,23.502407575758195,23.345235059857504,17.11724276862369,-173.29016319224309
32,Cell,7,7.0,261.0,50.0,-23.0,-4.0,0.0,23.502407575758195,23.345235059857504,0.0,0.0
32,Cell,8,8.0,261.0,50.0,-23.0,-4.0,0.0,23.502407575758195,23.345235059857504,0.0,0.0
32,Cell,9,9.0,261.0,50.0,-23.0,-4.0,0.0,23.502407575758195,23.345235059857504,0.0,0.0
32,Cell,10,10.0,270.0,51.0,-14.0,-3.0,9.055385138137417,32.55779271389561,14.317821063276353,9.055385138137417,6.34019174590991
32,Cell,11,11.0,270.0,51.0,-14.0,-3.0,0.0,32.55779271389561,14.317821063276353,0.0,0.0
32,Cell,12,12.0,270.0,51.0,-14.0,-3.0,0.0,32.55779271389561,14.317821063276353,0.0,0.0
32,Cell,13,13.0,270.0,51.0,-14.0,-3.0,0.0,32.55779271389561,14.317821063276353,0.0,0.0
32,Cell,14,14.0,270.0,51.0,-14.0,-3.0,0.0,32.55779271389561,14.317821063276353,0.0,0.0
32,Cell,15,15.0,276.0,51.0,-8.0,-3.0,6.0,38.55779271389561,8.54400374531753,6.0,0.0
32,Cell,16,16.0,276.0,51.0,-8.0,-3.0,0.0,38.55779271389561,8.54400374531753,0.0,0.0
32,Cell,17,17.0,276.0,51.0,-8.0,-3.0,0.0,38.55779271389561,8.54400374531753,0.0,0.0
32,Cell,18,18.0,276.0,51.0,-8.0,-3.0,0.0,38.55779271389561,8.54400374531753,0.0,0.0
32,Cell,19,19.0,276.0,51.0,-8.0,-3.0,0.0,38.55779271389561,8.54400374531753,0.0,0.0
32,Cell,20,20.0,276.0,51.0,-8.0,-3.0,0.0,38.55779271389561,8.54400374531753,0.0,0.0
32,Cell,21,21.0,276.0,51.0,-8.0,-3.0,0.0,38.55779271389561,8.54400374531753,0.0,0.0
32,Cell,22,22.0,276.0,51.0,-8.0,-3.0,0.0,38.55779271389561,8.54400374531753,0.0,0.0
32,Cell,23,23.0,276.0,51.0,-8.0,-3.0,0.0,38.55779271389561,8.54400374531753,0.0,0.0
32,Cell,24,24.0,276.0,51.0,-8.0,-3.0,0.0,38.55779271389561,8.54400374531753,0.0,0.0
32,Cell,25,25.0,266.0,49.0,-18.0,-5.0,10.198039027185569,48.75583174108118,18.681541692269406,10.198039027185569,-168.6900675259798
32,Cell,26,26.0,280.0,49.0,-4.0,-5.0,14.0,62.75583174108118,6.4031242374328485,14.0,0.0
32,Cell,27,27.0,280.0,49.0,-4.0,-5.0,0.0,62.75583174108118,6.4031242374328485,0.0,0.0
32,Cell,28,28.0,280.0,49.0,-4.0,-5.0,0.0,62.75583174108118,6.4031242374328485,0.0,0.0
32,Cell,29,29.0,280.0,49.0,-4.0,-5.0,0.0,62.75583174108118,6.4031242374328485,0.0,0.0
32,Cell,30,30.0,287.0,50.0,3.0,-4.0,7.0710678118654755,69.82689955294666,5.0,7.0710678118654755,8.13010235415598
32,Cell,31,31.0,287.0,50.0,3.0,-4.0,0.0,69.82689955294666,5.0,0.0,0.0
32,Cell,32,32.0,287.0,50.0,3.0,-4.0,0.0,69.82689955294666,5.0,0.0,0.0
32,Cell,33,33.0,293.0,51.0,9.0,-3.0,6.082762530298219,75.90966208324488,9.486832980505138,6.082762530298219,9.462322208025617
32,Cell,34,34.0,294.0,52.0,10.0,-2.0,1.4142135623730951,77.32387564561797,10.198039027185569,1.4142135623730951,45.0
32,Cell,35,35.0,299.0,52.0,15.0,-2.0,5.0,82.32387564561797,15.132745950421556,5.0,0.0
32,Cell,36,36.0,299.5,52.0,15.5,-2.0,0.5,82.82387564561797,15.628499608087784,0.5,0.0
32,Cell,37,37.0,300.0,52.0,16.0,-2.0,0.5,83.32387564561797,16.1245154965971,0.5,0.0
32,Cell,38,38.0,300.0,52.5,16.0,-1.5,0.5,83.82387564561797,16.070158679988197,0.5,90.0
32,Cell,39,39.0,300.0,53.0,16.0,-1.0,0.5,84.32387564561797,16.0312195418814,0.5,90.0
32,Cell,40,40.0,302.0,54.0,18.0,0.0,2.23606797749979,86.55994362311776,18.0,2.23606797749979,26.56505117707799
32,Cell,41,41.0,308.0,57.0,24.0,3.0,6.708203932499369,93.26814755561713,24.186773244895647,6.708203932499369,26.56505117707799
32,Cell,42,42.0,312.5,64.5,28.5,10.5,8.74642784226795,102.01457539788508,30.37268509697488,8.74642784226795,59.03624346792648
32,Cell,43,43.0,313.0,65.0,29.0,11.0,0.7071067811865476,102.72168217907164,31.016124838541646,0.7071067811865476,45.0
32,Cell,44,44.0,307.0,64.0,23.0,10.0,6.082762530298219,108.80444470936986,25.079872407968907,6.082762530298219,-170.5376777919744
32,Cell,45,45.0,307.0,64.0,23.0,10.0,0.0,108.80444470936986,25.079872407968907,0.0,0.0
32,Cell,46,46.0,307.0,64.0,23.0,10.0,0.0,108.80444470936986,25.079872407968907,0.0,0.0
32,Cell,47,47.0,307.0,64.0,23.0,10.0,0.0,108.80444470936986,25.079872407968907,0.0,0.0
32,Cell,48,48.0,307.0,64.0,23.0,10.0,0.0,108.80444470936986,25.079872407968907,0.0,0.0
32,Cell,49,49.0,309.0,62.0,25.0,8.0,2.8284271247461903,111.63287183411605,26.248809496813376,2.8284271247461903,-45.0
32,Cell,50,50.0,309.0,62.0,25.0,8.0,0.0,111.63287183411605,26.248809496813376,0.0,0.0
32,Cell,51,51.0,309.0,62.0,25.0,8.0,0.0,111.63287183411605,26.248809496813376,0.0,0.0
32,Cell,52,52.0,309.0,62.0,25.0,8.0,0.0,111.63287183411605,26.248809496813376,0.0,0.0
32,Cell,53,53.0,309.0,62.0,25.0,8.0,0.0,111.63287183411605,26.248809496813376,0.0,0.0
32,Cell,54,54.0,309.0,62.0,25.0,8.0,0.0,111.63287183411605,26.248809496813376,0.0,0.0
32,Cell,55,55.0,315.0,52.0,31.0,-2.0,11.661903789690601,123.29477562380664,31.064449134018133,11.661903789690601,-59.03624346792648
32,Cell,56,56.0,315.0,52.0,31.0,-2.0,0.0,123.29477562380664,31.064449134018133,0.0,0.0
32,Cell,57,57.0,315.0,52.0,31.0,-2.0,0.0,123.29477562380664,31.064449134018133,0.0,0.0
32,Cell,58,58.0,315.0,52.0,31.0,-2.0,0.0,123.29477562380664,31.064449134018133,0.0,0.0
32,Cell,59,59.0,291.0,59.0,7.0,5.0,25.0,148.29477562380663,8.602325267042627,25.0,163.73979529168807
32,Cell,60,60.0,310.0,58.0,26.0,4.0,19.026297590440446,167.32107321424706,26.30589287593181,19.026297590440446,-3.0127875041833403
32,Cell,61,61.0,304.0,58.0,20.0,4.0,6.0,173.32107321424706,20.396078054371138,6.0,180.0
32,Cell,62,62.0,304.0,58.0,20.0,4.0,0.0,173.32107321424706,20.396078054371138,0.0,0.0
32,Cell,63,63.0,304.0,58.0,20.0,4.0,0.0,173.32107321424706,20.396078054371138,0.0,0.0
16,Cell,0,0.0,73.0,354.0,0.0,0.0,0.0,0.0,0.0,0.0,0.0
16,Cell,1,1.0,72.0,349.0,-1.0,-5.0,5.0990195135927845,5.0990195135927845,5.0990195135927845,5.0990195135927845,-101.30993247402021
16,Cell,2,2.0,68.0,344.0,-5.0,-10.0,6.4031242374328485,11.502143751025633,11.180339887498949,6.4031242374328485,-128.6598082540901
16,Cell,3,3.0,57.0,333.0,-16.0,-21.0,15.556349186104045,27.058492937129678,26.40075756488817,15.556349186104045,-135.0
16,Cell,4,4.0,55.0,333.0,-18.0,-21.0,2.0,29.058492937129678,27.65863337187866,2.0,180.0
16,Cell,5,5.0,49.0,338.0,-24.0,-16.0,7.810249675906654,36.86874261303633,28.844410203711913,7.810249675906654,140.19442890773482
16,Cell,6,6.0,49.0,338.0,-24.0,-16.0,0.0,36.86874261303633,28.844410203711913,0.0,0.0
16,Cell,7,7.0,49.0,338.0,-24.0,-16.0,0.0,36.86874261303633,28.844410203711913,0.0,0.0
16,Cell,8,8.0,49.0,338.0,-24.0,-16.0,0.0,36.86874261303633,28.844410203711913,0.0,0.0
16,Cell,9,9.0,49.0,338.0,-24.0,-16.0,0.0,36.86874261303633,28.844410203711913,0.0,0.0
16,Cell,10,10.0,49.0,338.0,-24.0,-16.0,0.0,36.86874261303633,28.844410203711913,0.0,0.0
16,Cell,11,11.0,49.0,338.0,-24.0,-16.0,0.0,36.86874261303633,28.844410203711913,0.0,0.0
16,Cell,12,12.0,49.0,338.0,-24.0,-16.0,0.0,36.86874261303633,28.844410203711913,0.0,0.0
16,Cell,13,13.0,49.0,338.0,-24.0,-16.0,0.0,36.86874261303633,28.844410203711913,0.0,0.0
16,Cell,14,14.0,54.0,339.0,-19.0,-15.0,5.0990195135927845,41.96776212662912,24.20743687382041,5.0990195135927845,11.309932474020213
16,Cell,15,15.0,54.0,339.0,-19.0,-15.0,0.0,41.96776212662912,24.20743687382041,0.0,0.0
16,Cell,16,16.0,54.0,339.0,-19.0,-15.0,0.0,41.96776212662912,24.20743687382041,0.0,0.0
16,Cell,17,17.0,54.0,339.0,-19.0,-15.0,0.0,41.96776212662912,24.20743687382041,0.0,0.0
16,Cell,18,18.0,54.0,339.0,-19.0,-15.0,0.0,41.96776212662912,24.20743687382041,0.0,0.0
16,Cell,19,19.0,54.0,339.0,-19.0,-15.0,0.0,41.96776212662912,24.20743687382041,0.0,0.0
16,Cell,20,20.0,57.0,351.0,-16.0,-3.0,12.36931687685298,54.3370790034821,16.278820596099706,12.36931687685298,75.96375653207353
16,Cell,21,21.0,56.0,351.0,-17.0,-3.0,1.0,55.3370790034821,17.26267650163207,1.0,180.0
16,Cell,22,22.0,55.0,351.0,-18.0,-3.0,1.0,56.3370790034821,18.24828759089466,1.0,180.0
16,Cell,23,23.0,55.0,351.0,-18.0,-3.0,0.0,56.3370790034821,18.24828759089466,0.0,0.0
16,Cell,24,24.0,55.0,351.0,-18.0,-3.0,0.0,56.3370790034821,18.24828759089466,0.0,0.0
16,Cell,25,25.0,55.0,351.0,-18.0,-3.0,0.0,56.3370790034821,18.24828759089466,0.0,0.0
16,Cell,26,26.0,53.0,349.0,-20.0,-5.0,2.8284271247461903,59.165506128228294,20.615528128088304,2.8284271247461903,-135.0
16,Cell,27,27.0,53.0,349.0,-20.0,-5.0,0.0,59.165506128228294,20.615528128088304,0.0,0.0
16,Cell,28,28.0,53.0,349.0,-20.0,-5.0,0.0,59.165506128228294,20.615528128088304,0.0,0.0
16,Cell,29,29.0,53.0,349.0,-20.0,-5.0,0.0,59.165506128228294,20.615528128088304,0.0,0.0
16,Cell,30,30.0,53.0,349.0,-20.0,-5.0,0.0,59.165506128228294,20.615528128088304,0.0,0.0
16,Cell,31,31.0,53.0,349.0,-20.0,-5.0,0.0,59.165506128228294,20.615528128088304,0.0,0.0
16,Cell,32,32.0,53.0,349.0,-20.0,-5.0,0.0,59.165506128228294,20.615528128088304,0.0,0.0
16,Cell,33,33.0,53.0,349.0,-20.0,-5.0,0.0,59.165506128228294,20.615528128088304,0.0,0.0
16,Cell,34,34.0,53.0,349.0,-20.0,-5.0,0.0,59.165506128228294,20.615528128088304,0.0,0.0
16,Cell,35,35.0,53.0,349.0,-20.0,-5.0,0.0,59.165506128228294,20.615528128088304,0.0,0.0
16,Cell,36,36.0,53.0,349.0,-20.0,-5.0,0.0,59.165506128228294,20.615528128088304,0.0,0.0
16,Cell,37,37.0,53.0,349.0,-20.0,-5.0,0.0,59.165506128228294,20.615528128088304,0.0,0.0
16,Cell,38,38.0,53.0,349.0,-20.0,-5.0,0.0,59.165506128228294,20.615528128088304,0.0,0.0
16,Cell,39,39.0,53.0,349.0,-20.0,-5.0,0.0,59.165506128228294,20.615528128088304,0.0,0.0
16,Cell,40,40.0,53.0,349.0,-20.0,-5.0,0.0,59.165506128228294,20.615528128088304,0.0,0.0
16,Cell,41,41.0,53.0,349.0,-20.0,-5.0,0.0,59.165506128228294,20.615528128088304,0.0,0.0
16,Cell,42,42.0,53.0,349.0,-20.0,-5.0,0.0,59.165506128228294,20.615528128088304,0.0,0.0
16,Cell,43,43.0,53.0,349.0,-20.0,-5.0,0.0,59.165506128228294,20.615528128088304,0.0,0.0
16,Cell,44,44.0,41.0,340.0,-32.0,-14.0,15.0,74.16550612822829,34.92849839314596,15.0,-143.13010235415598
16,Cell,45,45.0,41.0,340.0,-32.0,-14.0,0.0,74.16550612822829,34.92849839314596,0.0,0.0
16,Cell,46,46.0,41.0,340.0,-32.0,-14.0,0.0,74.16550612822829,34.92849839314596,0.0,0.0
16,Cell,47,47.0,46.0,340.0,-27.0,-14.0,5.0,79.16550612822829,30.4138126514911,5.0,0.0
16,Cell,48,48.0,46.0,340.0,-27.0,-14.0,0.0,79.16550612822829,30.4138126514911,0.0,0.0
16,Cell,49,49.0,46.0,340.0,-27.0,-14.0,0.0,79.16550612822829,30.4138126514911,0.0,0.0
16,Cell,50,50.0,46.0,340.0,-27.0,-14.0,0.0,79.16550612822829,30.4138126514911,0.0,0.0
16,Cell,51,51.0,46.0,340.0,-27.0,-14.0,0.0,79.16550612822829,30.4138126514911,0.0,0.0
16,Cell,52,52.0,46.0,340.0,-27.0,-14.0,0.0,79.16550612822829,30.4138126514911,0.0,0.0
16,Cell,53,53.0,46.0,340.0,-27.0,-14.0,0.0,79.16550612822829,30.4138126514911,0.0,0.0
16,Cell,54,54.0,46.0,340.0,-27.0,-14.0,0.0,79.16550612822829,30.4138126514911,0.0,0.0
16,Cell,55,55.0,46.0,340.0,-27.0,-14.0,0.0,79.16550612822829,30.4138126514911,0.0,0.0
16,Cell,56,56.0,46.0,340.0,-27.0,-14.0,0.0,79.16550612822829,30.4138126514911,0.0,0.0
16,Cell,57,57.0,46.0,340.0,-27.0,-14.0,0.0,79.16550612822829,30.4138126514911,0.0,0.0
16,Cell,58,58.0,46.0,340.0,-27.0,-14.0,0.0,79.16550612822829,30.4138126514911,0.0,0.0
16,Cell,59,59.0,44.0,357.0,-29.0,3.0,17.11724276862369,96.28274889685198,29.154759474226502,17.11724276862369,96.70983680775693
16,Cell,60,60.0,44.0,357.0,-29.0,3.0,0.0,96.28274889685198,29.154759474226502,0.0,0.0
16,Cell,61,61.0,44.0,357.0,-29.0,3.0,0.0,96.28274889685198,29.154759474226502,0.0,0.0
18,Cell,0,0.0,103.0,420.0,0.0,0.0,0.0,0.0,0.0,0.0,0.0
18,Cell,1,1.0,90.0,408.0,-13.0,-12.0,17.69180601295413,17.69180601295413,17.69180601295413,17.69180601295413,-137.29061004263855
18,Cell,2,2.0,92.0,417.0,-11.0,-3.0,9.219544457292887,26.91135047024702,11.40175425099138,9.219544457292887,77.47119229084849
18,Cell,3,3.0,97.0,417.0,-6.0,-3.0,5.0,31.91135047024702,6.708203932499369,5.0,0.0
18,Cell,4,4.0,99.5,420.0,-3.5,0.0,3.905124837953327,35.816475308200346,3.5,3.905124837953327,50.19442890773481
18,Cell,5,5.0,104.0,421.0,1.0,1.0,4.6097722286464435,40.42624753684679,1.4142135623730951,4.6097722286464435,12.528807709151511
18,Cell,6,6.0,104.0,421.0,1.0,1.0,0.0,40.42624753684679,1.4142135623730951,0.0,0.0
18,Cell,7,7.0,104.0,421.0,1.0,1.0,0.0,40.42624753684679,1.4142135623730951,0.0,0.0
18,Cell,8,8.0,104.0,421.0,1.0,1.0,0.0,40.42624753684679,1.4142135623730951,0.0,0.0
18,Cell,9,9.0,107.0,421.0,4.0,1.0,3.0,43.42624753684679,4.123105625617661,3.0,0.0
18,Cell,10,10.0,107.0,421.0,4.0,1.0,0.0,43.42624753684679,4.123105625617661,0.0,0.0
18,Cell,11,11.0,111.0,413.0,8.0,-7.0,8.94427190999916,52.37051944684595,10.63014581273465,8.94427190999916,-63.43494882292201
18,Cell,12,12.0,111.0,413.0,8.0,-7.0,0.0,52.37051944684595,10.63014581273465,0.0,0.0
18,Cell,13,13.0,111.0,413.0,8.0,-7.0,0.0,52.37051944684595,10.63014581273465,0.0,0.0
18,Cell,14,14.0,111.0,413.0,8.0,-7.0,0.0,52.37051944684595,10.63014581273465,0.0,0.0
18,Cell,15,15.0,111.0,413.0,8.0,-7.0,0.0,52.37051944684595,10.63014581273465,0.0,0.0
18,Cell,16,16.0,111.0,413.0,8.0,-7.0,0.0,52.37051944684595,10.63014581273465,0.0,0.0
18,Cell,17,17.0,111.0,413.0,8.0,-7.0,0.0,52.37051944684595,10.63014581273465,0.0,0.0
18,Cell,18,18.0,111.0,413.0,8.0,-7.0,0.0,52.37051944684595,10.63014581273465,0.0,0.0
18,Cell,19,19.0,111.0,413.0,8.0,-7.0,0.0,52.37051944684595,10.63014581273465,0.0,0.0
18,Cell,20,20.0,121.0,414.0,18.0,-6.0,10.04987562112089,62.42039506796684,18.973665961010276,10.04987562112089,5.710593137499642
18,Cell,21,21.0,121.0,414.0,18.0,-6.0,0.0,62.42039506796684,18.973665961010276,0.0,0.0
18,Cell,22,22.0,122.0,424.0,19.0,4.0,10.04987562112089,72.47027068908773,19.4164878389476,10.04987562112089,84.28940686250037
18,Cell,23,23.0,122.0,425.0,19.0,5.0,1.0,73.47027068908773,19.6468827043885,1.0,90.0
18,Cell,24,24.0,123.5,425.0,20.5,5.0,1.5,74.97027068908773,21.10094784600919,1.5,0.0
18,Cell,25,25.0,124.0,425.0,21.0,5.0,0.5,75.47027068908773,21.587033144922902,0.5,0.0
18,Cell,26,26.0,124.0,425.0,21.0,5.0,0.0,75.47027068908773,21.587033144922902,0.0,0.0
18,Cell,27,27.0,127.0,427.0,24.0,7.0,3.605551275463989,79.07582196455172,25.0,3.605551275463989,33.690067525979785
18,Cell,28,28.0,127.0,427.0,24.0,7.0,0.0,79.07582196455172,25.0,0.0,0.0
18,Cell,29,29.0,127.0,427.0,24.0,7.0,0.0,79.07582196455172,25.0,0.0,0.0
18,Cell,30,30.0,127.0,427.0,24.0,7.0,0.0,79.07582196455172,25.0,0.0,0.0
18,Cell,31,31.0,127.0,427.0,24.0,7.0,0.0,79.07582196455172,25.0,0.0,0.0
18,Cell,32,32.0,127.0,427.0,24.0,7.0,0.0,79.07582196455172,25.0,0.0,0.0
18,Cell,33,33.0,127.0,427.0,24.0,7.0,0.0,79.07582196455172,25.0,0.0,0.0
18,Cell,34,34.0,127.0,427.0,24.0,7.0,0.0,79.07582196455172,25.0,0.0,0.0
18,Cell,35,35.0,127.0,427.0,24.0,7.0,0.0,79.07582196455172,25.0,0.0,0.0
18,Cell,36,36.0,127.0,427.0,24.0,7.0,0.0,79.07582196455172,25.0,0.0,0.0
18,Cell,37,37.0,127.0,427.0,24.0,7.0,0.0,79.07582196455172,25.0,0.0,0.0
18,Cell,38,38.0,127.0,427.0,24.0,7.0,0.0,79.07582196455172,25.0,0.0,0.0
18,Cell,39,39.0,127.0,427.0,24.0,7.0,0.0,79.07582196455172,25.0,0.0,0.0
18,Cell,40,40.0,127.0,427.0,24.0,7.0,0.0,79.07582196455172,25.0,0.0,0.0
18,Cell,41,41.0,127.0,427.0,24.0,7.0,0.0,79.07582196455172,25.0,0.0,0.0
18,Cell,42,42.0,127.0,427.0,24.0,7.0,0.0,79.07582196455172,25.0,0.0,0.0
18,Cell,43,43.0,127.0,427.0,24.0,7.0,0.0,79.07582196455172,25.0,0.0,0.0
18,Cell,44,44.0,127.0,427.0,24.0,7.0,0.0,79.07582196455172,25.0,0.0,0.0
18,Cell,45,45.0,127.0,427.0,24.0,7.0,0.0,79.07582196455172,25.0,0.0,0.0
18,Cell,46,46.0,127.0,427.0,24.0,7.0,0.0,79.07582196455172,25.0,0.0,0.0
18,Cell,47,47.0,130.0,445.0,27.0,25.0,18.24828759089466,97.32410955544638,36.796738985948195,18.24828759089466,80.53767779197439
18,Cell,48,48.0,130.0,445.0,27.0,25.0,0.0,97.32410955544638,36.796738985948195,0.0,0.0
18,Cell,49,49.0,130.0,445.0,27.0,25.0,0.0,97.32410955544638,36.796738985948195,0.0,0.0
18,Cell,50,50.0,130.0,445.0,27.0,25.0,0.0,97.32410955544638,36.796738985948195,0.0,0.0
18,Cell,51,51.0,130.0,445.0,27.0,25.0,0.0,97.32410955544638,36.796738985948195,0.0,0.0
18,Cell,52,52.0,130.0,445.0,27.0,25.0,0.0,97.32410955544638,36.796738985948195,0.0,0.0
18,Cell,53,53.0,130.0,445.0,27.0,25.0,0.0,97.32410955544638,36.796738985948195,0.0,0.0
18,Cell,54,54.0,130.0,445.0,27.0,25.0,0.0,97.32410955544638,36.796738985948195,0.0,0.0
18,Cell,55,55.0,130.0,445.0,27.0,25.0,0.0,97.32410955544638,36.796738985948195,0.0,0.0
18,Cell,56,56.0,130.0,445.0,27.0,25.0,0.0,97.32410955544638,36.796738985948195,0.0,0.0
18,Cell,57,57.0,130.0,445.0,27.0,25.0,0.0,97.32410955544638,36.796738985948195,0.0,0.0
18,Cell,58,58.0,130.0,445.0,27.0,25.0,0.0,97.32410955544638,36.796738985948195,0.0,0.0
18,Cell,59,59.0,130.0,445.0,27.0,25.0,0.0,97.32410955544638,36.796738985948195,0.0,0.0
18,Cell,60,60.0,130.0,445.0,27.0,25.0,0.0,97.32410955544638,36.796738985948195,0.0,0.0
18,Cell,61,61.0,130.0,445.0,27.0,25.0,0.0,97.32410955544638,36.796738985948195,0.0,0.0
11,Cell,0,0.0,315.0,213.0,0.0,0.0,0.0,0.0,0.0,0.0,0.0
11,Cell,1,1.0,318.0,182.0,3.0,-31.0,31.144823004794873,31.144823004794873,31.144823004794873,31.144823004794873,-84.47245984834383
11,Cell,2,2.0,319.0,194.0,4.0,-19.0,12.041594578792296,43.18641758358717,19.4164878389476,12.041594578792296,85.23635830927383
11,Cell,3,3.0,313.0,198.0,-2.0,-15.0,7.211102550927978,50.39752013451515,15.132745950421556,7.211102550927978,146.30993247402023
11,Cell,4,4.0,313.0,198.0,-2.0,-15.0,0.0,50.39752013451515,15.132745950421556,0.0,0.0
11,Cell,5,5.0,313.0,198.0,-2.0,-15.0,0.0,50.39752013451515,15.132745950421556,0.0,0.0
11,Cell,6,6.0,313.0,198.0,-2.0,-15.0,0.0,50.39752013451515,15.132745950421556,0.0,0.0
11,Cell,7,7.0,313.0,198.0,-2.0,-15.0,0.0,50.39752013451515,15.132745950421556,0.0,0.0
11,Cell,8,8.0,313.0,198.0,-2.0,-15.0,0.0,50.39752013451515,15.132745950421556,0.0,0.0
11,Cell,9,9.0,335.0,198.0,20.0,-15.0,22.0,72.39752013451515,25.0,22.0,0.0
11,Cell,10,10.0,335.0,198.0,20.0,-15.0,0.0,72.39752013451515,25.0,0.0,0.0
11,Cell,11,11.0,335.0,198.0,20.0,-15.0,0.0,72.39752013451515,25.0,0.0,0.0
11,Cell,12,12.0,347.0,180.0,32.0,-33.0,21.633307652783937,94.03082778729909,45.967379738244816,21.633307652783937,-56.309932474020215
11,Cell,13,13.0,347.0,180.0,32.0,-33.0,0.0,94.03082778729909,45.967379738244816,0.0,0.0
11,Cell,14,14.0,347.0,180.0,32.0,-33.0,0.0,94.03082778729909,45.967379738244816,0.0,0.0
11,Cell,15,15.0,352.0,189.0,37.0,-24.0,10.295630140987,104.32645792828609,44.10215414239989,10.295630140987,60.94539590092286
11,Cell,16,16.0,352.0,189.0,37.0,-24.0,0.0,104.32645792828609,44.10215414239989,0.0,0.0
11,Cell,17,17.0,352.0,189.0,37.0,-24.0,0.0,104.32645792828609,44.10215414239989,0.0,0.0
11,Cell,18,18.0,352.0,189.0,37.0,-24.0,0.0,104.32645792828609,44.10215414239989,0.0,0.0
11,Cell,19,19.0,334.0,190.0,19.0,-23.0,18.027756377319946,122.35421430560604,29.832867780352597,18.027756377319946,176.82016988013578
11,Cell,20,20.0,328.0,192.0,13.0,-21.0,6.324555320336759,128.6787696259428,24.698178070456937,6.324555320336759,161.56505117707798
11,Cell,21,21.0,309.0,180.0,-6.0,-33.0,22.47220505424423,151.15097468018703,33.54101966249684,22.47220505424423,-147.72435568542238
11,Cell,22,22.0,309.0,175.0,-6.0,-38.0,5.0,156.15097468018703,38.47076812334269,5.0,-90.0
11,Cell,23,23.0,309.0,171.0,-6.0,-42.0,4.0,160.15097468018703,42.42640687119285,4.0,-90.0
11,Cell,24,24.0,314.0,165.0,-1.0,-48.0,7.810249675906654,167.96122435609368,48.010415536631214,7.810249675906654,-50.19442890773481
11,Cell,25,25.0,314.0,165.0,-1.0,-48.0,0.0,167.96122435609368,48.010415536631214,0.0,0.0
11,Cell,26,26.0,303.0,170.0,-12.0,-43.0,12.083045973594572,180.04427032968826,44.64302857109943,12.083045973594572,155.55604521958347
11,Cell,27,27.0,297.0,172.0,-18.0,-41.0,6.324555320336759,186.36882565002503,44.77722635447622,6.324555320336759,161.56505117707798
11,Cell,28,28.0,297.0,172.0,-18.0,-41.0,0.0,186.36882565002503,44.77722635447622,0.0,0.0
11,Cell,29,29.0,282.0,168.0,-33.0,-45.0,15.524174696260024,201.89300034628505,55.80322571321482,15.524174696260024,-165.06858282186246
11,Cell,30,30.0,274.0,165.0,-41.0,-48.0,8.54400374531753,210.43700409160257,63.12685640834652,8.54400374531753,-159.44395478041653
11,Cell,31,31.0,290.0,181.0,-25.0,-32.0,22.627416997969522,233.0644210895721,40.607881008493905,22.627416997969522,45.0
11,Cell,32,32.0,278.0,180.0,-37.0,-33.0,12.041594578792296,245.1060156683644,49.57822102496216,12.041594578792296,-175.23635830927384
11,Cell,33,33.0,300.0,183.0,-15.0,-30.0,22.20360331117452,267.3096189795389,33.54101966249684,22.20360331117452,7.765166018425334
11,Cell,34,34.0,300.0,183.0,-15.0,-30.0,0.0,267.3096189795389,33.54101966249684,0.0,0.0
11,Cell,35,35.0,304.5,180.0,-10.5,-33.0,5.408326913195984,272.7179458927349,34.630189141845584,5.408326913195984,-33.690067525979785
11,Cell,36,36.0,305.0,180.0,-10.0,-33.0,0.5,273.2179458927349,34.48187929913333,0.5,0.0
11,Cell,37,37.0,305.0,180.0,-10.0,-33.0,0.0,273.2179458927349,34.48187929913333,0.0,0.0
11,Cell,38,38.0,290.0,179.0,-25.0,-34.0,15.033296378372908,288.2512422711078,42.20189569201838,15.033296378372908,-176.18592516570965
11,Cell,39,39.0,290.0,179.0,-25.0,-34.0,0.0,288.2512422711078,42.20189569201838,0.0,0.0
11,Cell,40,40.0,290.0,179.0,-25.0,-34.0,0.0,288.2512422711078,42.20189569201838,0.0,0.0
11,Cell,41,41.0,289.0,188.5,-26.0,-24.5,9.5524865872714,297.8037288583792,35.7246413557925,9.5524865872714,96.00900595749454
11,Cell,42,42.0,289.0,189.0,-26.0,-24.0,0.5,298.3037288583792,35.38361202590826,0.5,90.0
11,Cell,43,43.0,300.0,164.0,-15.0,-49.0,27.313000567495326,325.61672942587455,51.24451190127583,27.313000567495326,-66.25050550713323
11,Cell,44,44.0,315.5,165.0,0.5,-48.0,15.532224567009067,341.1489539928836,48.00260409602796,15.532224567009067,3.6913859864512752
11,Cell,45,45.0,317.96654275092936,165.56133828996283,2.9665427509293636,-47.43866171003717,2.5296113966260885,343.6785653895097,47.531326519806264,2.5296113966260885,12.821060684908149
11,Cell,46,46.0,315.5,157.0,0.5,-56.0,8.909564885972037,352.5881302754817,56.00223209837265,8.909564885972037,-106.07182207763006
11,Cell,47,47.0,320.0,151.0,5.0,-62.0,7.5,360.0881302754817,62.20128616033595,7.5,-53.13010235415598
11,Cell,48,48.0,343.0,170.0,28.0,-43.0,29.832867780352597,389.92099805583433,51.31276644267,29.832867780352597,39.559667968994496
11,Cell,49,49.0,342.0,175.0,27.0,-38.0,5.0990195135927845,395.0200175694271,46.61544808322666,5.0990195135927845,101.30993247402021
11,Cell,50,50.0,342.0,175.0,27.0,-38.0,0.0,395.0200175694271,46.61544808322666,0.0,0.0
11,Cell,51,51.0,341.0,152.0,26.0,-61.0,23.021728866442675,418.0417464358698,66.30987860040162,23.021728866442675,-92.48955292199915
11,Cell,52,52.0,318.0,165.0,3.0,-48.0,26.419689627245813,444.4614360631156,48.093658625644196,26.419689627245813,150.52411099675425
11,Cell,53,53.0,328.0,176.0,13.0,-37.0,14.866068747318506,459.3275048104341,39.21734310225516,14.866068747318506,47.72631099390627
11,Cell,54,54.0,333.0,176.0,18.0,-37.0,5.0,464.3275048104341,41.14608122288197,5.0,0.0
11,Cell,55,55.0,333.0,176.0,18.0,-37.0,0.0,464.3275048104341,41.14608122288197,0.0,0.0
11,Cell,56,56.0,323.0,167.0,8.0,-46.0,13.45362404707371,477.78112885750784,46.69047011971501,13.45362404707371,-138.01278750418336
11,Cell,57,57.0,323.0,167.0,8.0,-46.0,0.0,477.78112885750784,46.69047011971501,0.0,0.0
11,Cell,58,58.0,296.0,167.0,-19.0,-46.0,27.0,504.78112885750784,49.76946855251722,27.0,180.0
11,Cell,59,59.0,302.0,181.0,-13.0,-32.0,15.231546211727817,520.0126750692357,34.539832078341085,15.231546211727817,66.80140948635182
11,Cell,60,60.0,322.0,175.0,7.0,-38.0,20.8806130178211,540.8932880870568,38.63935817272331,20.8806130178211,-16.69924423399362
11,Cell,61,61.0,336.0,175.0,21.0,-38.0,14.0,554.8932880870568,43.41658669218482,14.0,0.0
27,Cell,0,0.0,419.0,297.0,0.0,0.0,0.0,0.0,0.0,0.0,0.0
27,Cell,1,1.0,423.0,297.0,4.0,0.0,4.0,4.0,4.0,4.0,0.0
27,Cell,2,2.0,423.0,297.0,4.0,0.0,0.0,4.0,4.0,0.0,0.0
27,Cell,3,3.0,423.0,297.0,4.0,0.0,0.0,4.0,4.0,0.0,0.0
27,Cell,4,4.0,424.0,297.0,5.0,0.0,1.0,5.0,5.0,1.0,0.0
27,Cell,5,5.0,424.5,297.5,5.5,0.5,0.7071067811865476,5.707106781186548,5.522680508593631,0.7071067811865476,45.0
27,Cell,6,6.0,432.0,294.0,13.0,-3.0,8.276472678623424,13.983579459809972,13.341664064126334,8.276472678623424,-25.016893478100023
27,Cell,7,7.0,432.0,294.0,13.0,-3.0,0.0,13.983579459809972,13.341664064126334,0.0,0.0
27,Cell,8,8.0,432.0,286.0,13.0,-11.0,8.0,21.983579459809974,17.029386365926403,8.0,-90.0
27,Cell,9,9.0,432.0,286.0,13.0,-11.0,0.0,21.983579459809974,17.029386365926403,0.0,0.0
27,Cell,10,10.0,432.0,286.0,13.0,-11.0,0.0,21.983579459809974,17.029386365926403,0.0,0.0
27,Cell,11,11.0,432.0,286.0,13.0,-11.0,0.0,21.983579459809974,17.029386365926403,0.0,0.0
27,Cell,12,12.0,426.0,286.0,7.0,-11.0,6.0,27.983579459809974,13.038404810405298,6.0,180.0
27,Cell,13,13.0,421.0,293.0,2.0,-4.0,8.602325267042627,36.585904726852604,4.47213595499958,8.602325267042627,125.53767779197439
27,Cell,14,14.0,421.0,293.0,2.0,-4.0,0.0,36.585904726852604,4.47213595499958,0.0,0.0
27,Cell,15,15.0,421.0,293.0,2.0,-4.0,0.0,36.585904726852604,4.47213595499958,0.0,0.0
27,Cell,16,16.0,447.0,303.0,28.0,6.0,27.85677655436824,64.44268128122084,28.635642126552707,27.85677655436824,21.037511025421818
27,Cell,17,17.0,449.0,295.0,30.0,-2.0,8.246211251235321,72.68889253245617,30.066592756745816,8.246211251235321,-75.96375653207353
27,Cell,18,18.0,425.0,280.0,6.0,-17.0,28.30194339616981,100.99083592862598,18.027756377319946,28.30194339616981,-147.99461679191648
27,Cell,19,19.0,430.0,292.0,11.0,-5.0,13.0,113.99083592862598,12.083045973594572,13.0,67.38013505195957
27,Cell,20,20.0,430.0,292.0,11.0,-5.0,0.0,113.99083592862598,12.083045973594572,0.0,0.0
27,Cell,21,21.0,430.0,293.0,11.0,-4.0,1.0,114.99083592862598,11.704699910719626,1.0,90.0
27,Cell,22,22.0,430.0,293.0,11.0,-4.0,0.0,114.99083592862598,11.704699910719626,0.0,0.0
27,Cell,23,23.0,430.0,293.0,11.0,-4.0,0.0,114.99083592862598,11.704699910719626,0.0,0.0
27,Cell,24,24.0,421.0,298.0,2.0,1.0,10.295630140987,125.28646606961298,2.23606797749979,10.295630140987,150.94539590092288
27,Cell,25,25.0,421.0,298.0,2.0,1.0,0.0,125.28646606961298,2.23606797749979,0.0,0.0
27,Cell,26,26.0,417.0,289.0,-2.0,-8.0,9.848857801796104,135.1353238714091,8.246211251235321,9.848857801796104,-113.96248897457818
27,Cell,27,27.0,417.0,289.0,-2.0,-8.0,0.0,135.1353238714091,8.246211251235321,0.0,0.0
27,Cell,28,28.0,417.0,289.0,-2.0,-8.0,0.0,135.1353238714091,8.246211251235321,0.0,0.0
27,Cell,29,29.0,428.0,289.0,9.0,-8.0,11.0,146.1353238714091,12.041594578792296,11.0,0.0
27,Cell,30,30.0,435.0,289.0,16.0,-8.0,7.0,153.1353238714091,17.88854381999832,7.0,0.0
27,Cell,31,31.0,435.0,289.0,16.0,-8.0,0.0,153.1353238714091,17.88854381999832,0.0,0.0
27,Cell,32,32.0,435.0,288.0,16.0,-9.0,1.0,154.1353238714091,18.35755975068582,1.0,-90.0
27,Cell,33,33.0,440.0,302.0,21.0,5.0,14.866068747318506,169.0013926187276,21.587033144922902,14.866068747318506,70.3461759419467
27,Cell,34,34.0,439.0,305.0,20.0,8.0,3.1622776601683795,172.16367027889598,21.540659228538015,3.1622776601683795,108.43494882292201
27,Cell,35,35.0,439.0,305.0,20.0,8.0,0.0,172.16367027889598,21.540659228538015,0.0,0.0
27,Cell,36,36.0,438.0,305.0,19.0,8.0,1.0,173.16367027889598,20.615528128088304,1.0,180.0
27,Cell,37,37.0,438.0,305.0,19.0,8.0,0.0,173.16367027889598,20.615528128088304,0.0,0.0
27,Cell,38,38.0,448.0,286.0,29.0,-11.0,21.470910553583888,194.63458083247986,31.016124838541646,21.470910553583888,-62.24145939893998
27,Cell,39,39.0,437.0,287.0,18.0,-10.0,11.045361017187261,205.6799418496671,20.591260281974,11.045361017187261,174.80557109226518
27,Cell,40,40.0,438.0,293.0,19.0,-4.0,6.082762530298219,211.76270437996533,19.4164878389476,6.082762530298219,80.53767779197439
27,Cell,41,41.0,438.0,293.0,19.0,-4.0,0.0,211.76270437996533,19.4164878389476,0.0,0.0
27,Cell,42,42.0,442.0,295.0,23.0,-2.0,4.47213595499958,216.2348403349649,23.08679276123039,4.47213595499958,26.56505117707799
27,Cell,43,43.0,442.0,295.0,23.0,-2.0,0.0,216.2348403349649,23.08679276123039,0.0,0.0
27,Cell,44,44.0,442.0,295.0,23.0,-2.0,0.0,216.2348403349649,23.08679276123039,0.0,0.0
27,Cell,45,45.0,442.0,295.0,23.0,-2.0,0.0,216.2348403349649,23.08679276123039,0.0,0.0
27,Cell,46,46.0,442.0,295.0,23.0,-2.0,0.0,216.2348403349649,23.08679276123039,0.0,0.0
27,Cell,47,47.0,452.0,291.0,33.0,-6.0,10.770329614269007,227.0051699492339,33.54101966249684,10.770329614269007,-21.80140948635181
27,Cell,48,48.0,440.0,283.0,21.0,-14.0,14.422205101855956,241.42737505108985,25.238858928247925,14.422205101855956,-146.30993247402023
27,Cell,49,49.0,442.5,266.5,23.5,-30.5,16.688319268278637,258.1156943193685,38.50324661635691,16.688319268278637,-81.3843518158359
27,Cell,50,50.0,444.0,283.0,25.0,-14.0,16.56804152578089,274.6837358451494,28.653097563788805,16.56804152578089,84.8055710922652
27,Cell,51,51.0,444.0,283.0,25.0,-14.0,0.0,274.6837358451494,28.653097563788805,0.0,0.0
27,Cell,52,52.0,444.0,283.0,25.0,-14.0,0.0,274.6837358451494,28.653097563788805,0.0,0.0
27,Cell,53,53.0,444.0,283.0,25.0,-14.0,0.0,274.6837358451494,28.653097563788805,0.0,0.0
27,Cell,54,54.0,444.0,283.0,25.0,-14.0,0.0,274.6837358451494,28.653097563788805,0.0,0.0
27,Cell,55,55.0,444.0,283.0,25.0,-14.0,0.0,274.6837358451494,28.653097563788805,0.0,0.0
27,Cell,56,56.0,444.0,283.0,25.0,-14.0,0.0,274.6837358451494,28.653097563788805,0.0,0.0
27,Cell,57,57.0,443.0,276.0,24.0,-21.0,7.0710678118654755,281.75480365701486,31.89043743820395,7.0710678118654755,-98.130102354156
27,Cell,58,58.0,443.0,276.0,24.0,-21.0,0.0,281.75480365701486,31.89043743820395,0.0,0.0
27,Cell,59,59.0,439.0,293.0,20.0,-4.0,17.46424919657298,299.21905285358787,20.396078054371138,17.46424919657298,103.2405199151872
4,Cell,0,0.0,124.0,195.0,0.0,0.0,0.0,0.0,0.0,0.0,0.0
4,Cell,1,1.0,124.0,195.0,0.0,0.0,0.0,0.0,0.0,0.0,0.0
4,Cell,2,2.0,116.0,198.0,-8.0,3.0,8.54400374531753,8.54400374531753,8.54400374531753,8.54400374531753,159.44395478041653
4,Cell,3,3.0,106.0,210.0,-18.0,15.0,15.620499351813308,24.16450309713084,23.430749027719962,15.620499351813308,129.8055710922652
4,Cell,4,4.0,90.0,218.0,-34.0,23.0,17.88854381999832,42.05304691712916,41.048751503547585,17.88854381999832,153.43494882292202
4,Cell,5,5.0,83.0,226.0,-41.0,31.0,10.63014581273465,52.683192729863805,51.40038910358559,10.63014581273465,131.18592516570965
4,Cell,6,6.0,87.0,218.0,-37.0,23.0,8.94427190999916,61.627464639862964,43.56604182158393,8.94427190999916,-63.43494882292201
4,Cell,7,7.0,87.0,218.0,-37.0,23.0,0.0,61.627464639862964,43.56604182158393,0.0,0.0
4,Cell,8,8.0,87.0,218.0,-37.0,23.0,0.0,61.627464639862964,43.56604182158393,0.0,0.0
4,Cell,9,9.0,83.0,218.0,-41.0,23.0,4.0,65.62746463986296,47.01063709417264,4.0,180.0
4,Cell,10,10.0,82.0,217.0,-42.0,22.0,1.4142135623730951,67.04167820223606,47.41307836451879,1.4142135623730951,-135.0
4,Cell,11,11.0,73.0,214.0,-51.0,19.0,9.486832980505138,76.5285111827412,54.42425929675111,9.486832980505138,-161.56505117707798
4,Cell,12,12.0,73.0,214.0,-51.0,19.0,0.0,76.5285111827412,54.42425929675111,0.0,0.0
4,Cell,13,13.0,73.0,214.0,-51.0,19.0,0.0,76.5285111827412,54.42425929675111,0.0,0.0
4,Cell,14,14.0,73.0,214.0,-51.0,19.0,0.0,76.5285111827412,54.42425929675111,0.0,0.0
4,Cell,15,15.0,73.0,214.0,-51.0,19.0,0.0,76.5285111827412,54.42425929675111,0.0,0.0
4,Cell,16,16.0,73.0,214.0,-51.0,19.0,0.0,76.5285111827412,54.42425929675111,0.0,0.0
4,Cell,17,17.0,73.0,214.0,-51.0,19.0,0.0,76.5285111827412,54.42425929675111,0.0,0.0
4,Cell,18,18.0,73.0,214.0,-51.0,19.0,0.0,76.5285111827412,54.42425929675111,0.0,0.0
4,Cell,19,19.0,73.0,214.0,-51.0,19.0,0.0,76.5285111827412,54.42425929675111,0.0,0.0
4,Cell,20,20.0,73.0,214.0,-51.0,19.0,0.0,76.5285111827412,54.42425929675111,0.0,0.0
4,Cell,21,21.0,73.0,214.0,-51.0,19.0,0.0,76.5285111827412,54.42425929675111,0.0,0.0
4,Cell,22,22.0,67.0,212.0,-57.0,17.0,6.324555320336759,82.85306650307795,59.481089431852205,6.324555320336759,-161.56505117707798
4,Cell,23,23.0,67.0,212.0,-57.0,17.0,0.0,82.85306650307795,59.481089431852205,0.0,0.0
4,Cell,24,24.0,65.0,211.0,-59.0,16.0,2.23606797749979,85.08913448057774,61.1310068623117,2.23606797749979,-153.43494882292202
4,Cell,25,25.0,65.0,211.0,-59.0,16.0,0.0,85.08913448057774,61.1310068623117,0.0,0.0
4,Cell,26,26.0,64.0,210.0,-60.0,15.0,1.4142135623730951,86.50334804295083,61.84658438426491,1.4142135623730951,-135.0
4,Cell,27,27.0,64.0,210.0,-60.0,15.0,0.0,86.50334804295083,61.84658438426491,0.0,0.0
4,Cell,28,28.0,64.0,210.0,-60.0,15.0,0.0,86.50334804295083,61.84658438426491,0.0,0.0
4,Cell,29,29.0,64.0,210.0,-60.0,15.0,0.0,86.50334804295083,61.84658438426491,0.0,0.0
4,Cell,30,30.0,66.0,213.0,-58.0,18.0,3.605551275463989,90.10889931841483,60.728905802755904,3.605551275463989,56.309932474020215
4,Cell,31,31.0,64.0,212.0,-60.0,17.0,2.23606797749979,92.34496729591461,62.36184731067546,2.23606797749979,-153.43494882292202
4,Cell,32,32.0,62.0,209.0,-62.0,14.0,3.605551275463989,95.95051857137861,63.56099432828282,3.605551275463989,-123.6900675259798
4,Cell,33,33.0,62.0,209.0,-62.0,14.0,0.0,95.95051857137861,63.56099432828282,0.0,0.0
4,Cell,34,34.0,62.0,209.0,-62.0,14.0,0.0,95.95051857137861,63.56099432828282,0.0,0.0
4,Cell,35,35.0,62.0,209.0,-62.0,14.0,0.0,95.95051857137861,63.56099432828282,0.0,0.0
4,Cell,36,36.0,62.0,209.0,-62.0,14.0,0.0,95.95051857137861,63.56099432828282,0.0,0.0
4,Cell,37,37.0,62.0,209.0,-62.0,14.0,0.0,95.95051857137861,63.56099432828282,0.0,0.0
4,Cell,38,38.0,62.0,209.0,-62.0,14.0,0.0,95.95051857137861,63.56099432828282,0.0,0.0
4,Cell,39,39.0,62.0,209.0,-62.0,14.0,0.0,95.95051857137861,63.56099432828282,0.0,0.0
4,Cell,40,40.0,56.0,205.0,-68.0,10.0,7.211102550927978,103.16162112230658,68.73136110975832,7.211102550927978,-146.30993247402023
4,Cell,41,41.0,56.0,205.0,-68.0,10.0,0.0,103.16162112230658,68.73136110975832,0.0,0.0
4,Cell,42,42.0,56.0,205.0,-68.0,10.0,0.0,103.16162112230658,68.73136110975832,0.0,0.0
4,Cell,43,43.0,55.0,199.0,-69.0,4.0,6.082762530298219,109.24438365260481,69.1158447825099,6.082762530298219,-99.46232220802563
4,Cell,44,44.0,55.0,199.0,-69.0,4.0,0.0,109.24438365260481,69.1158447825099,0.0,0.0
4,Cell,45,45.0,55.0,199.0,-69.0,4.0,0.0,109.24438365260481,69.1158447825099,0.0,0.0
4,Cell,46,46.0,55.0,199.0,-69.0,4.0,0.0,109.24438365260481,69.1158447825099,0.0,0.0
4,Cell,47,47.0,55.0,199.0,-69.0,4.0,0.0,109.24438365260481,69.1158447825099,0.0,0.0
4,Cell,48,48.0,55.0,199.0,-69.0,4.0,0.0,109.24438365260481,69.1158447825099,0.0,0.0
4,Cell,49,49.0,52.0,196.0,-72.0,1.0,4.242640687119285,113.4870243397241,72.00694410957877,4.242640687119285,-135.0
4,Cell,50,50.0,60.0,188.0,-64.0,-7.0,11.313708498984761,124.80073283870887,64.38167441127949,11.313708498984761,-45.0
4,Cell,51,51.0,60.0,188.0,-64.0,-7.0,0.0,124.80073283870887,64.38167441127949,0.0,0.0
4,Cell,52,52.0,51.0,184.0,-73.0,-11.0,9.848857801796104,134.64959064050498,73.824115301167,9.848857801796104,-156.03751102542182
4,Cell,53,53.0,50.0,184.0,-74.0,-11.0,1.0,135.64959064050498,74.81310045707235,1.0,180.0
3,Cell,0,0.0,200.0,200.0,0.0,0.0,0.0,0.0,0.0,0.0,0.0
3,Cell,1,1.0,197.0,183.0,-3.0,-17.0,17.26267650163207,17.26267650163207,17.26267650163207,17.26267650163207,-100.00797980144135
3,Cell,2,2.0,197.0,183.0,-3.0,-17.0,0.0,17.26267650163207,17.26267650163207,0.0,0.0
3,Cell,3,3.0,206.0,163.0,6.0,-37.0,21.93171219946131,39.194388701093374,37.48332962798263,21.93171219946131,-65.77225468204583
3,Cell,4,4.0,206.0,163.0,6.0,-37.0,0.0,39.194388701093374,37.48332962798263,0.0,0.0
3,Cell,5,5.0,195.0,178.0,-5.0,-22.0,18.601075237738275,57.795463938831645,22.561028345356956,18.601075237738275,126.2538377374448
3,Cell,6,6.0,195.0,178.0,-5.0,-22.0,0.0,57.795463938831645,22.561028345356956,0.0,0.0
3,Cell,7,7.0,195.0,178.0,-5.0,-22.0,0.0,57.795463938831645,22.561028345356956,0.0,0.0
3,Cell,8,8.0,195.0,178.0,-5.0,-22.0,0.0,57.795463938831645,22.561028345356956,0.0,0.0
3,Cell,9,9.0,184.0,183.0,-16.0,-17.0,12.083045973594572,69.87850991242621,23.345235059857504,12.083045973594572,155.55604521958347
3,Cell,10,10.0,184.0,183.0,-16.0,-17.0,0.0,69.87850991242621,23.345235059857504,0.0,0.0
3,Cell,11,11.0,193.0,163.0,-7.0,-37.0,21.93171219946131,91.81022211188753,37.656340767525464,21.93171219946131,-65.77225468204583
3,Cell,12,12.0,193.0,163.0,-7.0,-37.0,0.0,91.81022211188753,37.656340767525464,0.0,0.0
3,Cell,13,13.0,193.0,163.0,-7.0,-37.0,0.0,91.81022211188753,37.656340767525464,0.0,0.0
3,Cell,14,14.0,193.0,163.0,-7.0,-37.0,0.0,91.81022211188753,37.656340767525464,0.0,0.0
3,Cell,15,15.0,193.0,163.0,-7.0,-37.0,0.0,91.81022211188753,37.656340767525464,0.0,0.0
3,Cell,16,16.0,193.5,168.5,-6.5,-31.5,5.522680508593631,97.33290262048115,32.16364407215078,5.522680508593631,84.8055710922652
3,Cell,17,17.0,192.0,175.0,-8.0,-25.0,6.670832032063167,104.00373465254432,26.248809496813376,6.670832032063167,102.9946167919165
3,Cell,18,18.0,192.0,175.0,-8.0,-25.0,0.0,104.00373465254432,26.248809496813376,0.0,0.0
3,Cell,19,19.0,192.5,175.0,-7.5,-25.0,0.5,104.50373465254432,26.100766272276374,0.5,0.0
3,Cell,20,20.0,196.0,176.0,-4.0,-24.0,3.640054944640259,108.14378959718458,24.331050121192877,3.640054944640259,15.945395900922856
3,Cell,21,21.0,196.0,176.0,-4.0,-24.0,0.0,108.14378959718458,24.331050121192877,0.0,0.0
3,Cell,22,22.0,196.0,176.0,-4.0,-24.0,0.0,108.14378959718458,24.331050121192877,0.0,0.0
3,Cell,23,23.0,196.0,176.0,-4.0,-24.0,0.0,108.14378959718458,24.331050121192877,0.0,0.0
3,Cell,24,24.0,196.0,176.0,-4.0,-24.0,0.0,108.14378959718458,24.331050121192877,0.0,0.0
3,Cell,25,25.0,196.0,176.0,-4.0,-24.0,0.0,108.14378959718458,24.331050121192877,0.0,0.0
3,Cell,26,26.0,196.0,176.0,-4.0,-24.0,0.0,108.14378959718458,24.331050121192877,0.0,0.0
3,Cell,27,27.0,196.0,176.0,-4.0,-24.0,0.0,108.14378959718458,24.331050121192877,0.0,0.0
3,Cell,28,28.0,196.0,176.0,-4.0,-24.0,0.0,108.14378959718458,24.331050121192877,0.0,0.0
3,Cell,29,29.0,196.0,176.0,-4.0,-24.0,0.0,108.14378959718458,24.331050121192877,0.0,0.0
3,Cell,30,30.0,196.0,176.0,-4.0,-24.0,0.0,108.14378959718458,24.331050121192877,0.0,0.0
3,Cell,31,31.0,196.0,176.0,-4.0,-24.0,0.0,108.14378959718458,24.331050121192877,0.0,0.0
3,Cell,32,32.0,196.0,176.0,-4.0,-24.0,0.0,108.14378959718458,24.331050121192877,0.0,0.0
3,Cell,33,33.0,196.0,176.0,-4.0,-24.0,0.0,108.14378959718458,24.331050121192877,0.0,0.0
3,Cell,34,34.0,196.0,176.0,-4.0,-24.0,0.0,108.14378959718458,24.331050121192877,0.0,0.0
3,Cell,35,35.0,196.0,176.0,-4.0,-24.0,0.0,108.14378959718458,24.331050121192877,0.0,0.0
3,Cell,36,36.0,196.0,176.0,-4.0,-24.0,0.0,108.14378959718458,24.331050121192877,0.0,0.0
3,Cell,37,37.0,196.0,176.0,-4.0,-24.0,0.0,108.14378959718458,24.331050121192877,0.0,0.0
3,Cell,38,38.0,196.0,176.0,-4.0,-24.0,0.0,108.14378959718458,24.331050121192877,0.0,0.0
3,Cell,39,39.0,196.0,176.0,-4.0,-24.0,0.0,108.14378959718458,24.331050121192877,0.0,0.0
3,Cell,40,40.0,196.0,176.0,-4.0,-24.0,0.0,108.14378959718458,24.331050121192877,0.0,0.0
3,Cell,41,41.0,196.0,176.0,-4.0,-24.0,0.0,108.14378959718458,24.331050121192877,0.0,0.0
3,Cell,42,42.0,196.0,176.0,-4.0,-24.0,0.0,108.14378959718458,24.331050121192877,0.0,0.0
3,Cell,43,43.0,196.0,176.0,-4.0,-24.0,0.0,108.14378959718458,24.331050121192877,0.0,0.0
3,Cell,44,44.0,196.0,176.0,-4.0,-24.0,0.0,108.14378959718458,24.331050121192877,0.0,0.0
3,Cell,45,45.0,196.0,176.0,-4.0,-24.0,0.0,108.14378959718458,24.331050121192877,0.0,0.0
3,Cell,46,46.0,196.0,176.0,-4.0,-24.0,0.0,108.14378959718458,24.331050121192877,0.0,0.0
3,Cell,47,47.0,196.0,176.0,-4.0,-24.0,0.0,108.14378959718458,24.331050121192877,0.0,0.0
3,Cell,48,48.0,196.0,176.0,-4.0,-24.0,0.0,108.14378959718458,24.331050121192877,0.0,0.0
3,Cell,49,49.0,196.0,176.0,-4.0,-24.0,0.0,108.14378959718458,24.331050121192877,0.0,0.0
3,Cell,50,50.0,196.0,176.0,-4.0,-24.0,0.0,108.14378959718458,24.331050121192877,0.0,0.0
3,Cell,51,51.0,196.0,176.0,-4.0,-24.0,0.0,108.14378959718458,24.331050121192877,0.0,0.0
3,Cell,52,52.0,196.0,176.0,-4.0,-24.0,0.0,108.14378959718458,24.331050121192877,0.0,0.0
3,Cell,53,53.0,196.0,176.0,-4.0,-24.0,0.0,108.14378959718458,24.331050121192877,0.0,0.0
8,Cell,0,0.0,130.0,331.0,0.0,0.0,0.0,0.0,0.0,0.0,0.0
8,Cell,1,1.0,118.0,315.0,-12.0,-16.0,20.0,20.0,20.0,20.0,-126.86989764584402
8,Cell,2,2.0,113.0,303.0,-17.0,-28.0,13.0,33.0,32.7566787083184,13.0,-112.61986494804043
8,Cell,3,3.0,116.0,301.0,-14.0,-30.0,3.605551275463989,36.60555127546399,33.1058907144937,3.605551275463989,-33.690067525979785
8,Cell,4,4.0,120.0,295.0,-10.0,-36.0,7.211102550927978,43.81665382639196,37.36308338453881,7.211102550927978,-56.309932474020215
8,Cell,5,5.0,120.0,295.0,-10.0,-36.0,0.0,43.81665382639196,37.36308338453881,0.0,0.0
8,Cell,6,6.0,120.0,295.0,-10.0,-36.0,0.0,43.81665382639196,37.36308338453881,0.0,0.0
8,Cell,7,7.0,120.0,295.0,-10.0,-36.0,0.0,43.81665382639196,37.36308338453881,0.0,0.0
8,Cell,8,8.0,115.0,308.0,-15.0,-23.0,13.92838827718412,57.74504210357608,27.459060435491963,13.92838827718412,111.03751102542182
8,Cell,9,9.0,115.0,308.0,-15.0,-23.0,0.0,57.74504210357608,27.459060435491963,0.0,0.0
8,Cell,10,10.0,115.0,308.0,-15.0,-23.0,0.0,57.74504210357608,27.459060435491963,0.0,0.0
8,Cell,11,11.0,115.0,308.0,-15.0,-23.0,0.0,57.74504210357608,27.459060435491963,0.0,0.0
8,Cell,12,12.0,115.0,308.0,-15.0,-23.0,0.0,57.74504210357608,27.459060435491963,0.0,0.0
8,Cell,13,13.0,115.0,308.0,-15.0,-23.0,0.0,57.74504210357608,27.459060435491963,0.0,0.0
8,Cell,14,14.0,115.0,308.0,-15.0,-23.0,0.0,57.74504210357608,27.459060435491963,0.0,0.0
8,Cell,15,15.0,115.0,308.0,-15.0,-23.0,0.0,57.74504210357608,27.459060435491963,0.0,0.0
8,Cell,16,16.0,115.0,308.0,-15.0,-23.0,0.0,57.74504210357608,27.459060435491963,0.0,0.0
8,Cell,17,17.0,115.0,308.0,-15.0,-23.0,0.0,57.74504210357608,27.459060435491963,0.0,0.0
8,Cell,18,18.0,115.0,308.0,-15.0,-23.0,0.0,57.74504210357608,27.459060435491963,0.0,0.0
8,Cell,19,19.0,115.0,308.0,-15.0,-23.0,0.0,57.74504210357608,27.459060435491963,0.0,0.0
8,Cell,20,20.0,115.0,308.0,-15.0,-23.0,0.0,57.74504210357608,27.459060435491963,0.0,0.0
8,Cell,21,21.0,115.0,308.0,-15.0,-23.0,0.0,57.74504210357608,27.459060435491963,0.0,0.0
8,Cell,22,22.0,115.0,308.0,-15.0,-23.0,0.0,57.74504210357608,27.459060435491963,0.0,0.0
8,Cell,23,23.0,115.0,308.0,-15.0,-23.0,0.0,57.74504210357608,27.459060435491963,0.0,0.0
8,Cell,24,24.0,115.0,308.0,-15.0,-23.0,0.0,57.74504210357608,27.459060435491963,0.0,0.0
8,Cell,25,25.0,115.0,308.0,-15.0,-23.0,0.0,57.74504210357608,27.459060435491963,0.0,0.0
8,Cell,26,26.0,115.0,308.0,-15.0,-23.0,0.0,57.74504210357608,27.459060435491963,0.0,0.0
8,Cell,27,27.0,115.0,308.0,-15.0,-23.0,0.0,57.74504210357608,27.459060435491963,0.0,0.0
8,Cell,28,28.0,115.0,308.0,-15.0,-23.0,0.0,57.74504210357608,27.459060435491963,0.0,0.0
8,Cell,29,29.0,115.0,308.0,-15.0,-23.0,0.0,57.74504210357608,27.459060435491963,0.0,0.0
8,Cell,30,30.0,115.0,308.0,-15.0,-23.0,0.0,57.74504210357608,27.459060435491963,0.0,0.0
8,Cell,31,31.0,115.0,308.0,-15.0,-23.0,0.0,57.74504210357608,27.459060435491963,0.0,0.0
8,Cell,32,32.0,115.0,308.0,-15.0,-23.0,0.0,57.74504210357608,27.459060435491963,0.0,0.0
8,Cell,33,33.0,115.0,308.0,-15.0,-23.0,0.0,57.74504210357608,27.459060435491963,0.0,0.0
8,Cell,34,34.0,106.0,325.0,-24.0,-6.0,19.235384061671343,76.98042616524742,24.73863375370596,19.235384061671343,117.89727103094764
8,Cell,35,35.0,106.0,325.0,-24.0,-6.0,0.0,76.98042616524742,24.73863375370596,0.0,0.0
8,Cell,36,36.0,101.0,329.0,-29.0,-2.0,6.4031242374328485,83.38355040268027,29.068883707497267,6.4031242374328485,141.34019174590992
8,Cell,37,37.0,99.0,329.0,-31.0,-2.0,2.0,85.38355040268027,31.064449134018133,2.0,180.0
8,Cell,38,38.0,99.0,329.0,-31.0,-2.0,0.0,85.38355040268027,31.064449134018133,0.0,0.0
8,Cell,39,39.0,99.0,329.0,-31.0,-2.0,0.0,85.38355040268027,31.064449134018133,0.0,0.0
8,Cell,40,40.0,99.0,329.0,-31.0,-2.0,0.0,85.38355040268027,31.064449134018133,0.0,0.0
8,Cell,41,41.0,102.5,329.0,-27.5,-2.0,3.5,88.88355040268027,27.572631357924475,3.5,0.0
8,Cell,42,42.0,103.0,329.0,-27.0,-2.0,0.5,89.38355040268027,27.073972741361768,0.5,0.0
8,Cell,43,43.0,103.0,329.0,-27.0,-2.0,0.0,89.38355040268027,27.073972741361768,0.0,0.0
8,Cell,44,44.0,103.0,329.0,-27.0,-2.0,0.0,89.38355040268027,27.073972741361768,0.0,0.0
8,Cell,45,45.0,94.0,323.0,-36.0,-8.0,10.816653826391969,100.20020422907224,36.87817782917155,10.816653826391969,-146.30993247402023
8,Cell,46,46.0,94.0,323.0,-36.0,-8.0,0.0,100.20020422907224,36.87817782917155,0.0,0.0
8,Cell,47,47.0,94.0,323.0,-36.0,-8.0,0.0,100.20020422907224,36.87817782917155,0.0,0.0
10,Cell,0,0.0,194.0,274.0,0.0,0.0,0.0,0.0,0.0,0.0,0.0
10,Cell,1,1.0,177.5,287.0,-16.5,13.0,21.005951537600005,21.005951537600005,21.005951537600005,21.005951537600005,141.76617482255307
10,Cell,2,2.0,184.5,300.0,-9.5,26.0,14.7648230602334,35.77077459783341,27.681221071332818,14.7648230602334,61.69924423399363
10,Cell,3,3.0,208.0,317.0,14.0,43.0,29.004310024546353,64.77508462237977,45.221676218380054,29.004310024546353,35.882137246204216
10,Cell,4,4.0,210.0,321.0,16.0,47.0,4.47213595499958,69.24722057737935,49.64876634922564,4.47213595499958,63.43494882292201
10,Cell,5,5.0,210.0,321.0,16.0,47.0,0.0,69.24722057737935,49.64876634922564,0.0,0.0
10,Cell,6,6.0,210.0,321.0,16.0,47.0,0.0,69.24722057737935,49.64876634922564,0.0,0.0
10,Cell,7,7.0,210.0,321.0,16.0,47.0,0.0,69.24722057737935,49.64876634922564,0.0,0.0
10,Cell,8,8.0,210.0,321.0,16.0,47.0,0.0,69.24722057737935,49.64876634922564,0.0,0.0
10,Cell,9,9.0,209.0,321.0,15.0,47.0,1.0,70.24722057737935,49.33558553417604,1.0,180.0
10,Cell,10,10.0,208.0,321.0,14.0,47.0,1.0,71.24722057737935,49.040799340956916,1.0,180.0
10,Cell,11,11.0,207.0,321.0,13.0,47.0,1.0,72.24722057737935,48.76474136094644,1.0,180.0
10,Cell,12,12.0,205.0,320.0,11.0,46.0,2.23606797749979,74.48328855487914,47.29693436154187,2.23606797749979,-153.43494882292202
10,Cell,13,13.0,205.0,320.0,11.0,46.0,0.0,74.48328855487914,47.29693436154187,0.0,0.0
10,Cell,14,14.0,205.0,320.0,11.0,46.0,0.0,74.48328855487914,47.29693436154187,0.0,0.0
10,Cell,15,15.0,205.0,320.0,11.0,46.0,0.0,74.48328855487914,47.29693436154187,0.0,0.0
10,Cell,16,16.0,205.0,320.0,11.0,46.0,0.0,74.48328855487914,47.29693436154187,0.0,0.0
10,Cell,17,17.0,205.0,320.0,11.0,46.0,0.0,74.48328855487914,47.29693436154187,0.0,0.0
10,Cell,18,18.0,205.0,320.0,11.0,46.0,0.0,74.48328855487914,47.29693436154187,0.0,0.0
10,Cell,19,19.0,205.0,320.0,11.0,46.0,0.0,74.48328855487914,47.29693436154187,0.0,0.0
10,Cell,20,20.0,205.0,320.0,11.0,46.0,0.0,74.48328855487914,47.29693436154187,0.0,0.0
10,Cell,21,21.0,205.0,320.0,11.0,46.0,0.0,74.48328855487914,47.29693436154187,0.0,0.0
10,Cell,22,22.0,205.0,320.0,11.0,46.0,0.0,74.48328855487914,47.29693436154187,0.0,0.0
10,Cell,23,23.0,205.0,320.0,11.0,46.0,0.0,74.48328855487914,47.29693436154187,0.0,0.0
10,Cell,24,24.0,205.0,320.0,11.0,46.0,0.0,74.48328855487914,47.29693436154187,0.0,0.0
10,Cell,25,25.0,205.0,320.0,11.0,46.0,0.0,74.48328855487914,47.29693436154187,0.0,0.0
10,Cell,26,26.0,205.0,320.0,11.0,46.0,0.0,74.48328855487914,47.29693436154187,0.0,0.0
10,Cell,27,27.0,205.0,320.0,11.0,46.0,0.0,74.48328855487914,47.29693436154187,0.0,0.0
10,Cell,28,28.0,205.0,320.0,11.0,46.0,0.0,74.48328855487914,47.29693436154187,0.0,0.0
10,Cell,29,29.0,205.0,320.0,11.0,46.0,0.0,74.48328855487914,47.29693436154187,0.0,0.0
10,Cell,30,30.0,205.0,320.0,11.0,46.0,0.0,74.48328855487914,47.29693436154187,0.0,0.0
10,Cell,31,31.0,205.0,320.0,11.0,46.0,0.0,74.48328855487914,47.29693436154187,0.0,0.0
10,Cell,32,32.0,205.0,320.0,11.0,46.0,0.0,74.48328855487914,47.29693436154187,0.0,0.0
10,Cell,33,33.0,205.0,320.0,11.0,46.0,0.0,74.48328855487914,47.29693436154187,0.0,0.0
10,Cell,34,34.0,205.0,320.0,11.0,46.0,0.0,74.48328855487914,47.29693436154187,0.0,0.0
10,Cell,35,35.0,205.0,320.0,11.0,46.0,0.0,74.48328855487914,47.29693436154187,0.0,0.0
10,Cell,36,36.0,202.0,320.0,8.0,46.0,3.0,77.48328855487914,46.69047011971501,3.0,180.0
10,Cell,37,37.0,198.0,319.0,4.0,45.0,4.123105625617661,81.60639418049679,45.17742799230607,4.123105625617661,-165.96375653207352
10,Cell,38,38.0,198.0,319.0,4.0,45.0,0.0,81.60639418049679,45.17742799230607,0.0,0.0
10,Cell,39,39.0,197.0,318.0,3.0,44.0,1.4142135623730951,83.02060774286988,44.10215414239989,1.4142135623730951,-135.0
10,Cell,40,40.0,193.0,312.0,-1.0,38.0,7.211102550927978,90.23171029379786,38.01315561749642,7.211102550927978,-123.6900675259798
10,Cell,41,41.0,193.0,312.0,-1.0,38.0,0.0,90.23171029379786,38.01315561749642,0.0,0.0
10,Cell,42,42.0,193.0,312.0,-1.0,38.0,0.0,90.23171029379786,38.01315561749642,0.0,0.0
10,Cell,43,43.0,193.0,312.0,-1.0,38.0,0.0,90.23171029379786,38.01315561749642,0.0,0.0
10,Cell,44,44.0,193.0,312.0,-1.0,38.0,0.0,90.23171029379786,38.01315561749642,0.0,0.0
10,Cell,45,45.0,193.0,312.0,-1.0,38.0,0.0,90.23171029379786,38.01315561749642,0.0,0.0
10,Cell,46,46.0,193.0,312.0,-1.0,38.0,0.0,90.23171029379786,38.01315561749642,0.0,0.0
10,Cell,47,47.0,193.0,312.0,-1.0,38.0,0.0,90.23171029379786,38.01315561749642,0.0,0.0
22,Cell,0,0.0,172.0,429.0,0.0,0.0,0.0,0.0,0.0,0.0,0.0
22,Cell,1,1.0,172.0,429.0,0.0,0.0,0.0,0.0,0.0,0.0,0.0
22,Cell,2,2.0,171.0,432.5,-1.0,3.5,3.640054944640259,3.640054944640259,3.640054944640259,3.640054944640259,105.94539590092285
22,Cell,3,3.0,167.5,448.0,-4.5,19.0,15.890248582070704,19.530303526710963,19.525624189766635,15.890248582070704,102.72435568542237
22,Cell,4,4.0,166.0,459.0,-6.0,30.0,11.10180165558726,30.632105182298222,30.59411708155671,11.10180165558726,97.76516601842533
22,Cell,5,5.0,165.0,461.0,-7.0,32.0,2.23606797749979,32.86817315979801,32.7566787083184,2.23606797749979,116.56505117707799
22,Cell,6,6.0,165.0,461.5,-7.0,32.5,0.5,33.36817315979801,33.24530041975858,0.5,90.0
22,Cell,7,7.0,165.0,460.0,-7.0,31.0,1.5,34.86817315979801,31.78049716414141,1.5,-90.0
22,Cell,8,8.0,158.0,457.0,-14.0,28.0,7.615773105863909,42.48394626566192,31.304951684997057,7.615773105863909,-156.80140948635182
22,Cell,9,9.0,158.0,457.0,-14.0,28.0,0.0,42.48394626566192,31.304951684997057,0.0,0.0
22,Cell,10,10.0,158.0,457.0,-14.0,28.0,0.0,42.48394626566192,31.304951684997057,0.0,0.0
22,Cell,11,11.0,158.0,456.5,-14.0,27.5,0.5,42.98394626566192,30.858548248418945,0.5,-90.0
22,Cell,12,12.0,158.0,456.0,-14.0,27.0,0.5,43.48394626566192,30.4138126514911,0.5,-90.0
22,Cell,13,13.0,158.0,456.0,-14.0,27.0,0.0,43.48394626566192,30.4138126514911,0.0,0.0
22,Cell,14,14.0,168.0,458.0,-4.0,29.0,10.198039027185569,53.681985292847486,29.274562336608895,10.198039027185569,11.309932474020213
22,Cell,15,15.0,177.0,458.0,5.0,29.0,9.0,62.681985292847486,29.427877939124322,9.0,0.0
22,Cell,16,16.0,177.0,458.0,5.0,29.0,0.0,62.681985292847486,29.427877939124322,0.0,0.0
22,Cell,17,17.0,177.0,458.0,5.0,29.0,0.0,62.681985292847486,29.427877939124322,0.0,0.0
22,Cell,18,18.0,177.0,458.0,5.0,29.0,0.0,62.681985292847486,29.427877939124322,0.0,0.0
22,Cell,19,19.0,184.5,459.0,12.5,30.0,7.566372975210778,70.24835826805827,32.5,7.566372975210778,7.594643368591445
22,Cell,20,20.0,190.0,460.0,18.0,31.0,5.5901699437494745,75.83852821180774,35.84689665786984,5.5901699437494745,10.304846468766033
22,Cell,21,21.0,190.0,460.0,18.0,31.0,0.0,75.83852821180774,35.84689665786984,0.0,0.0
22,Cell,22,22.0,190.0,460.0,18.0,31.0,0.0,75.83852821180774,35.84689665786984,0.0,0.0
22,Cell,23,23.0,190.0,460.0,18.0,31.0,0.0,75.83852821180774,35.84689665786984,0.0,0.0
22,Cell,24,24.0,190.0,460.0,18.0,31.0,0.0,75.83852821180774,35.84689665786984,0.0,0.0
22,Cell,25,25.0,190.0,460.0,18.0,31.0,0.0,75.83852821180774,35.84689665786984,0.0,0.0
22,Cell,26,26.0,190.0,460.0,18.0,31.0,0.0,75.83852821180774,35.84689665786984,0.0,0.0
22,Cell,27,27.0,190.0,460.0,18.0,31.0,0.0,75.83852821180774,35.84689665786984,0.0,0.0
22,Cell,28,28.0,190.0,460.0,18.0,31.0,0.0,75.83852821180774,35.84689665786984,0.0,0.0
22,Cell,29,29.0,190.0,461.0,18.0,32.0,1.0,76.83852821180774,36.71511950137164,1.0,90.0
22,Cell,30,30.0,184.0,461.0,12.0,32.0,6.0,82.83852821180774,34.17601498127012,6.0,180.0
22,Cell,31,31.0,194.0,460.0,22.0,31.0,10.04987562112089,92.88840383292863,38.01315561749642,10.04987562112089,-5.710593137499642
22,Cell,32,32.0,188.0,459.0,16.0,30.0,6.082762530298219,98.97116636322686,34.0,6.082762530298219,-170.5376777919744
22,Cell,33,33.0,195.0,463.0,23.0,34.0,8.06225774829855,107.0334241115254,41.048751503547585,8.06225774829855,29.744881296942225
22,Cell,34,34.0,201.0,457.0,29.0,28.0,8.48528137423857,115.51870548576397,40.311288741492746,8.48528137423857,-45.0
22,Cell,35,35.0,195.5,465.0,23.5,36.0,9.7082439194738,125.22694940523778,42.99127818523194,9.7082439194738,124.50852298766841
22,Cell,36,36.0,196.0,464.0,24.0,35.0,1.118033988749895,126.34498339398768,42.43819034784589,1.118033988749895,-63.43494882292201
22,Cell,37,37.0,204.0,465.0,32.0,36.0,8.06225774829855,134.40724114228624,48.16637831516918,8.06225774829855,7.125016348901798
22,Cell,38,38.0,208.0,466.0,36.0,37.0,4.123105625617661,138.5303467679039,51.62363799656123,4.123105625617661,14.036243467926477
22,Cell,39,39.0,201.0,460.0,29.0,31.0,9.219544457292887,147.7498912251968,42.44997055358225,9.219544457292887,-139.3987053549955
22,Cell,40,40.0,204.0,461.0,32.0,32.0,3.1622776601683795,150.91216888536516,45.254833995939045,3.1622776601683795,18.43494882292201
22,Cell,41,41.0,202.0,460.0,30.0,31.0,2.23606797749979,153.14823686286496,43.139309220245984,2.23606797749979,-153.43494882292202
22,Cell,42,42.0,198.0,458.0,26.0,29.0,4.47213595499958,157.62037281786453,38.948684188300895,4.47213595499958,-153.43494882292202
22,Cell,43,43.0,208.0,459.0,36.0,30.0,10.04987562112089,167.67024843898542,46.861498055439924,10.04987562112089,5.710593137499642
22,Cell,44,44.0,216.0,462.0,44.0,33.0,8.54400374531753,176.21425218430295,55.0,8.54400374531753,20.556045219583464
22,Cell,45,45.0,211.0,461.0,39.0,32.0,5.0990195135927845,181.31327169789574,50.44799302251776,5.0990195135927845,-168.6900675259798
7,Cell,0,0.0,159.0,295.0,0.0,0.0,0.0,0.0,0.0,0.0,0.0
7,Cell,1,1.0,159.0,295.0,0.0,0.0,0.0,0.0,0.0,0.0,0.0
7,Cell,2,2.0,159.0,295.0,0.0,0.0,0.0,0.0,0.0,0.0,0.0
7,Cell,3,3.0,161.0,295.0,2.0,0.0,2.0,2.0,2.0,2.0,0.0
7,Cell,4,4.0,161.0,295.0,2.0,0.0,0.0,2.0,2.0,0.0,0.0
7,Cell,5,5.0,161.0,295.0,2.0,0.0,0.0,2.0,2.0,0.0,0.0
7,Cell,6,6.0,161.0,295.0,2.0,0.0,0.0,2.0,2.0,0.0,0.0
7,Cell,7,7.0,161.0,295.0,2.0,0.0,0.0,2.0,2.0,0.0,0.0
7,Cell,8,8.0,161.0,295.0,2.0,0.0,0.0,2.0,2.0,0.0,0.0
7,Cell,9,9.0,161.0,295.0,2.0,0.0,0.0,2.0,2.0,0.0,0.0
7,Cell,10,10.0,161.0,295.0,2.0,0.0,0.0,2.0,2.0,0.0,0.0
7,Cell,11,11.0,161.0,295.0,2.0,0.0,0.0,2.0,2.0,0.0,0.0
7,Cell,12,12.0,161.0,295.0,2.0,0.0,0.0,2.0,2.0,0.0,0.0
7,Cell,13,13.0,161.0,295.0,2.0,0.0,0.0,2.0,2.0,0.0,0.0
7,Cell,14,14.0,161.0,295.0,2.0,0.0,0.0,2.0,2.0,0.0,0.0
7,Cell,15,15.0,161.0,295.0,2.0,0.0,0.0,2.0,2.0,0.0,0.0
7,Cell,16,16.0,161.0,295.0,2.0,0.0,0.0,2.0,2.0,0.0,0.0
7,Cell,17,17.0,161.0,295.0,2.0,0.0,0.0,2.0,2.0,0.0,0.0
7,Cell,18,18.0,161.0,295.0,2.0,0.0,0.0,2.0,2.0,0.0,0.0
7,Cell,19,19.0,161.0,295.0,2.0,0.0,0.0,2.0,2.0,0.0,0.0
7,Cell,20,20.0,161.0,295.0,2.0,0.0,0.0,2.0,2.0,0.0,0.0
7,Cell,21,21.0,161.0,295.0,2.0,0.0,0.0,2.0,2.0,0.0,0.0
7,Cell,22,22.0,161.0,295.0,2.0,0.0,0.0,2.0,2.0,0.0,0.0
7,Cell,23,23.0,161.0,295.0,2.0,0.0,0.0,2.0,2.0,0.0,0.0
7,Cell,24,24.0,161.0,295.0,2.0,0.0,0.0,2.0,2.0,0.0,0.0
7,Cell,25,25.0,164.0,304.0,5.0,9.0,9.486832980505138,11.486832980505138,10.295630140987,9.486832980505138,71.56505117707799
7,Cell,26,26.0,164.0,304.0,5.0,9.0,0.0,11.486832980505138,10.295630140987,0.0,0.0
7,Cell,27,27.0,164.0,304.0,5.0,9.0,0.0,11.486832980505138,10.295630140987,0.0,0.0
7,Cell,28,28.0,164.0,304.0,5.0,9.0,0.0,11.486832980505138,10.295630140987,0.0,0.0
7,Cell,29,29.0,164.0,304.0,5.0,9.0,0.0,11.486832980505138,10.295630140987,0.0,0.0
7,Cell,30,30.0,164.0,304.0,5.0,9.0,0.0,11.486832980505138,10.295630140987,0.0,0.0
7,Cell,31,31.0,164.0,304.0,5.0,9.0,0.0,11.486832980505138,10.295630140987,0.0,0.0
7,Cell,32,32.0,164.0,304.0,5.0,9.0,0.0,11.486832980505138,10.295630140987,0.0,0.0
7,Cell,33,33.0,164.0,304.0,5.0,9.0,0.0,11.486832980505138,10.295630140987,0.0,0.0
7,Cell,34,34.0,164.0,304.0,5.0,9.0,0.0,11.486832980505138,10.295630140987,0.0,0.0
7,Cell,35,35.0,164.0,304.0,5.0,9.0,0.0,11.486832980505138,10.295630140987,0.0,0.0
34,Cell,0,0.0,454.0,58.0,0.0,0.0,0.0,0.0,0.0,0.0,0.0
34,Cell,1,1.0,454.0,58.0,0.0,0.0,0.0,0.0,0.0,0.0,0.0
34,Cell,2,2.0,455.0,58.0,1.0,0.0,1.0,1.0,1.0,1.0,0.0
34,Cell,3,3.0,455.0,58.0,1.0,0.0,0.0,1.0,1.0,0.0,0.0
34,Cell,4,4.0,458.0,61.0,4.0,3.0,4.242640687119285,5.242640687119285,5.0,4.242640687119285,45.0
34,Cell,5,5.0,461.0,61.0,7.0,3.0,3.0,8.242640687119284,7.615773105863909,3.0,0.0
34,Cell,6,6.0,461.0,61.0,7.0,3.0,0.0,8.242640687119284,7.615773105863909,0.0,0.0
34,Cell,7,7.0,461.0,61.0,7.0,3.0,0.0,8.242640687119284,7.615773105863909,0.0,0.0
34,Cell,8,8.0,461.0,61.0,7.0,3.0,0.0,8.242640687119284,7.615773105863909,0.0,0.0
34,Cell,9,9.0,468.0,64.0,14.0,6.0,7.615773105863909,15.858413792983193,15.231546211727817,7.615773105863909,23.19859051364819
34,Cell,10,10.0,464.0,59.0,10.0,1.0,6.4031242374328485,22.26153803041604,10.04987562112089,6.4031242374328485,-128.6598082540901
34,Cell,11,11.0,461.0,59.0,7.0,1.0,3.0,25.26153803041604,7.0710678118654755,3.0,180.0
34,Cell,12,12.0,466.0,61.0,12.0,3.0,5.385164807134504,30.646702837550546,12.36931687685298,5.385164807134504,21.80140948635181
34,Cell,13,13.0,464.0,62.0,10.0,4.0,2.23606797749979,32.882770815050336,10.770329614269007,2.23606797749979,153.43494882292202
34,Cell,14,14.0,460.0,64.0,6.0,6.0,4.47213595499958,37.354906770049915,8.48528137423857,4.47213595499958,153.43494882292202
34,Cell,15,15.0,463.0,65.0,9.0,7.0,3.1622776601683795,40.51718443021829,11.40175425099138,3.1622776601683795,18.43494882292201
34,Cell,16,16.0,465.0,64.0,11.0,6.0,2.23606797749979,42.75325240771808,12.529964086141668,2.23606797749979,-26.56505117707799
34,Cell,17,17.0,459.0,61.0,5.0,3.0,6.708203932499369,49.46145634021745,5.830951894845301,6.708203932499369,-153.43494882292202
34,Cell,18,18.0,461.0,61.0,7.0,3.0,2.0,51.46145634021745,7.615773105863909,2.0,0.0
34,Cell,19,19.0,465.0,62.0,11.0,4.0,4.123105625617661,55.584561965835114,11.704699910719626,4.123105625617661,14.036243467926477
34,Cell,20,20.0,460.0,57.0,6.0,-1.0,7.0710678118654755,62.65562977770059,6.082762530298219,7.0710678118654755,-135.0
34,Cell,21,21.0,462.0,63.0,8.0,5.0,6.324555320336759,68.98018509803735,9.433981132056603,6.324555320336759,71.56505117707799
34,Cell,22,22.0,458.0,55.0,4.0,-3.0,8.94427190999916,77.92445700803651,5.0,8.94427190999916,-116.56505117707799
34,Cell,23,23.0,461.0,59.0,7.0,1.0,5.0,82.92445700803651,7.0710678118654755,5.0,53.13010235415598
34,Cell,24,24.0,463.0,68.0,9.0,10.0,9.219544457292887,92.1440014653294,13.45362404707371,9.219544457292887,77.47119229084849
34,Cell,25,25.0,457.0,55.0,3.0,-3.0,14.317821063276353,106.46182252860575,4.242640687119285,14.317821063276353,-114.77514056883193
34,Cell,26,26.0,460.5,58.0,6.5,0.0,4.6097722286464435,111.0715947572522,6.5,4.6097722286464435,40.60129464500447
34,Cell,27,27.0,457.0,66.0,3.0,8.0,8.73212459828649,119.80371935553869,8.54400374531753,8.73212459828649,113.62937773065683
34,Cell,28,28.0,461.0,69.0,7.0,11.0,5.0,124.80371935553869,13.038404810405298,5.0,36.86989764584402
34,Cell,29,29.0,464.0,71.0,10.0,13.0,3.605551275463989,128.40927063100267,16.401219466856727,3.605551275463989,33.690067525979785
34,Cell,30,30.0,457.0,54.0,3.0,-4.0,18.384776310850235,146.7940469418529,5.0,18.384776310850235,-112.38013505195958
34,Cell,31,31.0,463.0,73.0,9.0,15.0,19.924858845171276,166.7189057870242,17.4928556845359,19.924858845171276,72.47443162627714
34,Cell,32,32.0,460.0,61.0,6.0,3.0,12.36931687685298,179.0882226638772,6.708203932499369,12.36931687685298,-104.0362434679265
34,Cell,33,33.0,457.0,61.0,3.0,3.0,3.0,182.0882226638772,4.242640687119285,3.0,180.0
1,Cell,0,0.0,154.0,195.0,0.0,0.0,0.0,0.0,0.0,0.0,0.0
1,Cell,1,1.0,154.0,195.0,0.0,0.0,0.0,0.0,0.0,0.0,0.0
1,Cell,2,2.0,154.0,196.0,0.0,1.0,1.0,1.0,1.0,1.0,90.0
1,Cell,3,3.0,155.0,197.0,1.0,2.0,1.4142135623730951,2.414213562373095,2.23606797749979,1.4142135623730951,45.0
1,Cell,4,4.0,155.0,197.0,1.0,2.0,0.0,2.414213562373095,2.23606797749979,0.0,0.0
1,Cell,5,5.0,156.0,197.0,2.0,2.0,1.0,3.414213562373095,2.8284271247461903,1.0,0.0
1,Cell,6,6.0,156.0,199.0,2.0,4.0,2.0,5.414213562373095,4.47213595499958,2.0,90.0
1,Cell,7,7.0,156.0,199.0,2.0,4.0,0.0,5.414213562373095,4.47213595499958,0.0,0.0
1,Cell,8,8.0,156.0,199.0,2.0,4.0,0.0,5.414213562373095,4.47213595499958,0.0,0.0
1,Cell,9,9.0,156.0,199.0,2.0,4.0,0.0,5.414213562373095,4.47213595499958,0.0,0.0
1,Cell,10,10.0,156.0,199.0,2.0,4.0,0.0,5.414213562373095,4.47213595499958,0.0,0.0
1,Cell,11,11.0,156.0,199.0,2.0,4.0,0.0,5.414213562373095,4.47213595499958,0.0,0.0
1,Cell,12,12.0,156.0,199.0,2.0,4.0,0.0,5.414213562373095,4.47213595499958,0.0,0.0
1,Cell,13,13.0,156.0,199.0,2.0,4.0,0.0,5.414213562373095,4.47213595499958,0.0,0.0
1,Cell,14,14.0,156.0,199.0,2.0,4.0,0.0,5.414213562373095,4.47213595499958,0.0,0.0
1,Cell,15,15.0,159.0,201.0,5.0,6.0,3.605551275463989,9.019764837837084,7.810249675906654,3.605551275463989,33.690067525979785
1,Cell,16,16.0,159.0,201.0,5.0,6.0,0.0,9.019764837837084,7.810249675906654,0.0,0.0
1,Cell,17,17.0,159.0,201.0,5.0,6.0,0.0,9.019764837837084,7.810249675906654,0.0,0.0
1,Cell,18,18.0,159.0,201.0,5.0,6.0,0.0,9.019764837837084,7.810249675906654,0.0,0.0
1,Cell,19,19.0,159.0,201.0,5.0,6.0,0.0,9.019764837837084,7.810249675906654,0.0,0.0
1,Cell,20,20.0,159.0,201.0,5.0,6.0,0.0,9.019764837837084,7.810249675906654,0.0,0.0
1,Cell,21,21.0,159.0,201.0,5.0,6.0,0.0,9.019764837837084,7.810249675906654,0.0,0.0
1,Cell,22,22.0,159.0,201.0,5.0,6.0,0.0,9.019764837837084,7.810249675906654,0.0,0.0
1,Cell,23,23.0,159.0,201.0,5.0,6.0,0.0,9.019764837837084,7.810249675906654,0.0,0.0
1,Cell,24,24.0,159.0,201.0,5.0,6.0,0.0,9.019764837837084,7.810249675906654,0.0,0.0
1,Cell,25,25.0,159.0,201.0,5.0,6.0,0.0,9.019764837837084,7.810249675906654,0.0,0.0
1,Cell,26,26.0,159.0,201.0,5.0,6.0,0.0,9.019764837837084,7.810249675906654,0.0,0.0
1,Cell,27,27.0,159.0,201.0,5.0,6.0,0.0,9.019764837837084,7.810249675906654,0.0,0.0
1,Cell,28,28.0,159.0,201.0,5.0,6.0,0.0,9.019764837837084,7.810249675906654,0.0,0.0
1,Cell,29,29.0,159.0,201.0,5.0,6.0,0.0,9.019764837837084,7.810249675906654,0.0,0.0
28,Cell,0,0.0,434.0,352.0,0.0,0.0,0.0,0.0,0.0,0.0,0.0
28,Cell,1,1.0,434.0,352.0,0.0,0.0,0.0,0.0,0.0,0.0,0.0
28,Cell,2,2.0,434.0,352.0,0.0,0.0,0.0,0.0,0.0,0.0,0.0
28,Cell,3,3.0,434.0,352.0,0.0,0.0,0.0,0.0,0.0,0.0,0.0
28,Cell,4,4.0,430.0,362.0,-4.0,10.0,10.770329614269007,10.770329614269007,10.770329614269007,10.770329614269007,111.80140948635182
28,Cell,5,5.0,429.0,364.0,-5.0,12.0,2.23606797749979,13.006397591768797,13.0,2.23606797749979,116.56505117707799
28,Cell,6,6.0,429.0,364.0,-5.0,12.0,0.0,13.006397591768797,13.0,0.0,0.0
28,Cell,7,7.0,431.0,365.0,-3.0,13.0,2.23606797749979,15.242465569268587,13.341664064126334,2.23606797749979,26.56505117707799
28,Cell,8,8.0,431.0,365.0,-3.0,13.0,0.0,15.242465569268587,13.341664064126334,0.0,0.0
28,Cell,9,9.0,428.0,375.0,-6.0,23.0,10.44030650891055,25.682772078179138,23.769728648009426,10.44030650891055,106.69924423399362
28,Cell,10,10.0,428.0,375.0,-6.0,23.0,0.0,25.682772078179138,23.769728648009426,0.0,0.0
28,Cell,11,11.0,428.0,375.0,-6.0,23.0,0.0,25.682772078179138,23.769728648009426,0.0,0.0
28,Cell,12,12.0,442.0,364.0,8.0,12.0,17.804493814764857,43.487265892943995,14.422205101855956,17.804493814764857,-38.15722658736906
28,Cell,13,13.0,442.0,364.0,8.0,12.0,0.0,43.487265892943995,14.422205101855956,0.0,0.0
28,Cell,14,14.0,441.0,366.0,7.0,14.0,2.23606797749979,45.72333387044378,15.652475842498529,2.23606797749979,116.56505117707799
28,Cell,15,15.0,429.0,380.0,-5.0,28.0,18.439088914585774,64.16242278502955,28.442925306655784,18.439088914585774,130.6012946450045
28,Cell,16,16.0,429.0,380.0,-5.0,28.0,0.0,64.16242278502955,28.442925306655784,0.0,0.0
28,Cell,17,17.0,429.0,380.0,-5.0,28.0,0.0,64.16242278502955,28.442925306655784,0.0,0.0
28,Cell,18,18.0,430.0,375.0,-4.0,23.0,5.0990195135927845,69.26144229862233,23.345235059857504,5.0990195135927845,-78.69006752597979
28,Cell,19,19.0,430.0,375.0,-4.0,23.0,0.0,69.26144229862233,23.345235059857504,0.0,0.0
28,Cell,20,20.0,436.0,376.0,2.0,24.0,6.082762530298219,75.34420482892055,24.08318915758459,6.082762530298219,9.462322208025617
28,Cell,21,21.0,436.0,376.0,2.0,24.0,0.0,75.34420482892055,24.08318915758459,0.0,0.0
28,Cell,22,22.0,419.0,384.0,-15.0,32.0,18.788294228055936,94.13249905697649,35.34119409414458,18.788294228055936,154.79887635452494
28,Cell,23,23.0,419.0,384.0,-15.0,32.0,0.0,94.13249905697649,35.34119409414458,0.0,0.0
30,Cell,0,0.0,441.0,280.0,0.0,0.0,0.0,0.0,0.0,0.0,0.0
30,Cell,1,1.0,449.0,272.0,8.0,-8.0,11.313708498984761,11.313708498984761,11.313708498984761,11.313708498984761,-45.0
30,Cell,2,2.0,449.0,272.0,8.0,-8.0,0.0,11.313708498984761,11.313708498984761,0.0,0.0
30,Cell,3,3.0,441.0,261.0,0.0,-19.0,13.601470508735444,24.915179007720205,19.0,13.601470508735444,-126.02737338510362
30,Cell,4,4.0,441.0,261.0,0.0,-19.0,0.0,24.915179007720205,19.0,0.0,0.0
30,Cell,5,5.0,450.0,263.0,9.0,-17.0,9.219544457292887,34.134723465013096,19.235384061671343,9.219544457292887,12.528807709151511
30,Cell,6,6.0,450.0,263.0,9.0,-17.0,0.0,34.134723465013096,19.235384061671343,0.0,0.0
30,Cell,7,7.0,450.0,263.0,9.0,-17.0,0.0,34.134723465013096,19.235384061671343,0.0,0.0
30,Cell,8,8.0,450.0,263.0,9.0,-17.0,0.0,34.134723465013096,19.235384061671343,0.0,0.0
30,Cell,9,9.0,454.0,286.0,13.0,6.0,23.345235059857504,57.4799585248706,14.317821063276353,23.345235059857504,80.13419305691563
30,Cell,10,10.0,453.0,268.0,12.0,-12.0,18.027756377319946,75.50771490219054,16.97056274847714,18.027756377319946,-93.17983011986425
30,Cell,11,11.0,453.0,267.0,12.0,-13.0,1.0,76.50771490219054,17.69180601295413,1.0,-90.0
30,Cell,12,12.0,429.0,259.0,-12.0,-21.0,25.298221281347036,101.80593618353758,24.186773244895647,25.298221281347036,-161.56505117707798
30,Cell,13,13.0,438.54375,267.4770833333333,-2.4562500000000114,-12.522916666666674,12.764956165329258,114.57089234886683,12.761528352935553,12.764956165329258,41.612572068875316
30,Cell,14,14.0,444.5,276.0,3.5,-4.0,10.39793357208271,124.96882592094954,5.315072906367325,10.39793357208271,55.052181516768535
30,Cell,15,15.0,457.0,280.0,16.0,0.0,13.124404748406688,138.09323066935622,16.0,13.124404748406688,17.744671625056935
30,Cell,16,16.0,457.0,280.0,16.0,0.0,0.0,138.09323066935622,16.0,0.0,0.0
30,Cell,17,17.0,453.0,268.0,12.0,-12.0,12.649110640673518,150.74234131002973,16.97056274847714,12.649110640673518,-108.43494882292201
30,Cell,18,18.0,453.0,268.0,12.0,-12.0,0.0,150.74234131002973,16.97056274847714,0.0,0.0
30,Cell,19,19.0,453.0,268.0,12.0,-12.0,0.0,150.74234131002973,16.97056274847714,0.0,0.0
30,Cell,20,20.0,453.0,268.0,12.0,-12.0,0.0,150.74234131002973,16.97056274847714,0.0,0.0
30,Cell,21,21.0,455.0,275.0,14.0,-5.0,7.280109889280518,158.02245119931024,14.866068747318506,7.280109889280518,74.05460409907715
30,Cell,22,22.0,455.0,275.0,14.0,-5.0,0.0,158.02245119931024,14.866068747318506,0.0,0.0
30,Cell,23,23.0,455.0,276.0,14.0,-4.0,1.0,159.02245119931024,14.560219778561036,1.0,90.0
15,Cell,0,0.0,71.0,375.0,0.0,0.0,0.0,0.0,0.0,0.0,0.0
15,Cell,1,1.0,71.0,375.0,0.0,0.0,0.0,0.0,0.0,0.0,0.0
15,Cell,2,2.0,71.0,375.0,0.0,0.0,0.0,0.0,0.0,0.0,0.0
15,Cell,3,3.0,71.0,375.0,0.0,0.0,0.0,0.0,0.0,0.0,0.0
15,Cell,4,4.0,71.0,375.0,0.0,0.0,0.0,0.0,0.0,0.0,0.0
15,Cell,5,5.0,71.0,375.0,0.0,0.0,0.0,0.0,0.0,0.0,0.0
15,Cell,6,6.0,71.0,375.0,0.0,0.0,0.0,0.0,0.0,0.0,0.0
15,Cell,7,7.0,71.0,375.0,0.0,0.0,0.0,0.0,0.0,0.0,0.0
15,Cell,8,8.0,71.0,375.0,0.0,0.0,0.0,0.0,0.0,0.0,0.0
15,Cell,9,9.0,71.0,375.0,0.0,0.0,0.0,0.0,0.0,0.0,0.0
15,Cell,10,10.0,71.0,375.0,0.0,0.0,0.0,0.0,0.0,0.0,0.0
15,Cell,11,11.0,71.0,375.0,0.0,0.0,0.0,0.0,0.0,0.0,0.0
15,Cell,12,12.0,71.0,375.0,0.0,0.0,0.0,0.0,0.0,0.0,0.0
15,Cell,13,13.0,71.0,375.0,0.0,0.0,0.0,0.0,0.0,0.0,0.0
15,Cell,14,14.0,71.0,375.0,0.0,0.0,0.0,0.0,0.0,0.0,0.0
15,Cell,15,15.0,71.0,375.0,0.0,0.0,0.0,0.0,0.0,0.0,0.0
15,Cell,16,16.0,71.0,375.0,0.0,0.0,0.0,0.0,0.0,0.0,0.0
15,Cell,17,17.0,71.0,375.0,0.0,0.0,0.0,0.0,0.0,0.0,0.0
15,Cell,18,18.0,71.0,375.0,0.0,0.0,0.0,0.0,0.0,0.0,0.0
15,Cell,19,19.0,71.0,375.0,0.0,0.0,0.0,0.0,0.0,0.0,0.0
15,Cell,20,20.0,71.0,375.0,0.0,0.0,0.0,0.0,0.0,0.0,0.0
15,Cell,21,21.0,71.0,375.0,0.0,0.0,0.0,0.0,0.0,0.0,0.0
14,Cell,0,0.0,328.0,129.0,0.0,0.0,0.0,0.0,0.0,0.0,0.0
14,Cell,1,1.0,331.5,119.0,3.5,-10.0,10.594810050208546,10.594810050208546,10.594810050208546,10.594810050208546,-70.70995378081128
14,Cell,2,2.0,344.5,101.0,16.5,-28.0,22.20360331117452,32.79841336138306,32.5,22.20360331117452,-54.16234704572172
14,Cell,3,3.0,345.0,101.0,17.0,-28.0,0.5,33.29841336138306,32.7566787083184,0.5,0.0
14,Cell,4,4.0,345.0,101.0,17.0,-28.0,0.0,33.29841336138306,32.7566787083184,0.0,0.0
14,Cell,5,5.0,346.0,113.0,18.0,-16.0,12.041594578792296,45.340007940175354,24.08318915758459,12.041594578792296,85.23635830927383
14,Cell,6,6.0,364.0,99.0,36.0,-30.0,22.80350850198276,68.14351644215812,46.861498055439924,22.80350850198276,-37.8749836510982
14,Cell,7,7.0,367.5,88.0,39.5,-41.0,11.543396380615196,79.68691282277331,56.931976954959154,11.543396380615196,-72.34987578006988
14,Cell,8,8.0,368.0,88.0,40.0,-41.0,0.5,80.18691282277331,57.28001396647874,0.5,0.0
14,Cell,9,9.0,357.0,87.0,29.0,-42.0,11.045361017187261,91.23227383996057,51.03920062069938,11.045361017187261,-174.80557109226518
14,Cell,10,10.0,346.0,86.0,18.0,-43.0,11.045361017187261,102.27763485714783,46.61544808322666,11.045361017187261,-174.80557109226518
14,Cell,11,11.0,344.0,85.0,16.0,-44.0,2.23606797749979,104.51370283464762,46.8187996428785,2.23606797749979,-153.43494882292202
14,Cell,12,12.0,364.0,101.0,36.0,-28.0,25.612496949731394,130.12619978437903,45.60701700396552,25.612496949731394,38.65980825409009
14,Cell,13,13.0,355.0,107.0,27.0,-22.0,10.816653826391969,140.94285361077098,34.828149534535996,10.816653826391969,146.30993247402023
14,Cell,14,14.0,343.0,107.0,15.0,-22.0,12.0,152.94285361077098,26.627053911388696,12.0,180.0
14,Cell,15,15.0,357.0,113.0,29.0,-16.0,15.231546211727817,168.1743998224988,33.12099032335839,15.231546211727817,23.19859051364819
14,Cell,16,16.0,360.0,108.0,32.0,-21.0,5.830951894845301,174.0053517173441,38.27531841800928,5.830951894845301,-59.03624346792648
14,Cell,17,17.0,388.0,84.0,60.0,-45.0,36.87817782917155,210.88352954651566,75.0,36.87817782917155,-40.60129464500447
14,Cell,18,18.0,388.0,84.0,60.0,-45.0,0.0,210.88352954651566,75.0,0.0,0.0
14,Cell,19,19.0,357.0,84.0,29.0,-45.0,31.0,241.88352954651566,53.53503525729669,31.0,180.0
14,Cell,20,20.0,338.0,107.0,10.0,-22.0,29.832867780352597,271.7163973268683,24.166091947189145,29.832867780352597,129.5596679689945
14,Cell,21,21.0,353.5,117.0,25.5,-12.0,18.445866745696716,290.162264072565,28.182441342083905,18.445866745696716,32.82854179141253
36,Cell,0,0.0,269.0,59.0,0.0,0.0,0.0,0.0,0.0,0.0,0.0
36,Cell,1,1.0,268.0,56.0,-1.0,-3.0,3.1622776601683795,3.1622776601683795,3.1622776601683795,3.1622776601683795,-108.43494882292201
36,Cell,2,2.0,257.0,56.0,-12.0,-3.0,11.0,14.16227766016838,12.36931687685298,11.0,180.0
36,Cell,3,3.0,257.0,56.0,-12.0,-3.0,0.0,14.16227766016838,12.36931687685298,0.0,0.0
36,Cell,4,4.0,257.0,56.0,-12.0,-3.0,0.0,14.16227766016838,12.36931687685298,0.0,0.0
36,Cell,5,5.0,257.0,57.0,-12.0,-2.0,1.0,15.16227766016838,12.165525060596439,1.0,90.0
36,Cell,6,6.0,260.0,60.0,-9.0,1.0,4.242640687119285,19.404918347287666,9.055385138137417,4.242640687119285,45.0
36,Cell,7,7.0,260.0,67.0,-9.0,8.0,7.0,26.404918347287666,12.041594578792296,7.0,90.0
36,Cell,8,8.0,254.0,70.0,-15.0,11.0,6.708203932499369,33.113122279787035,18.601075237738275,6.708203932499369,153.43494882292202
36,Cell,9,9.0,254.0,70.0,-15.0,11.0,0.0,33.113122279787035,18.601075237738275,0.0,0.0
36,Cell,10,10.0,254.0,71.0,-15.0,12.0,1.0,34.113122279787035,19.209372712298546,1.0,90.0
36,Cell,11,11.0,259.0,75.0,-10.0,16.0,6.4031242374328485,40.516246517219884,18.867962264113206,6.4031242374328485,38.65980825409009
36,Cell,12,12.0,259.0,75.0,-10.0,16.0,0.0,40.516246517219884,18.867962264113206,0.0,0.0
36,Cell,13,13.0,259.0,75.0,-10.0,16.0,0.0,40.516246517219884,18.867962264113206,0.0,0.0
36,Cell,14,14.0,261.0,80.0,-8.0,21.0,5.385164807134504,45.901411324354385,22.47220505424423,5.385164807134504,68.19859051364818
36,Cell,15,15.0,261.0,80.0,-8.0,21.0,0.0,45.901411324354385,22.47220505424423,0.0,0.0
36,Cell,16,16.0,261.0,87.0,-8.0,28.0,7.0,52.901411324354385,29.120439557122072,7.0,90.0
36,Cell,17,17.0,261.0,83.0,-8.0,24.0,4.0,56.901411324354385,25.298221281347036,4.0,-90.0
36,Cell,18,18.0,261.0,83.0,-8.0,24.0,0.0,56.901411324354385,25.298221281347036,0.0,0.0
36,Cell,19,19.0,261.0,83.0,-8.0,24.0,0.0,56.901411324354385,25.298221281347036,0.0,0.0
39,Cell,0,0.0,174.0,52.0,0.0,0.0,0.0,0.0,0.0,0.0,0.0
39,Cell,1,1.0,186.0,52.0,12.0,0.0,12.0,12.0,12.0,12.0,0.0
39,Cell,2,2.0,182.0,50.0,8.0,-2.0,4.47213595499958,16.47213595499958,8.246211251235321,4.47213595499958,-153.43494882292202
39,Cell,3,3.0,188.0,52.0,14.0,0.0,6.324555320336759,22.79669127533634,14.0,6.324555320336759,18.43494882292201
39,Cell,4,4.0,191.0,54.0,17.0,2.0,3.605551275463989,26.402242550800327,17.11724276862369,3.605551275463989,33.690067525979785
39,Cell,5,5.0,177.0,53.0,3.0,1.0,14.035668847618199,40.43791139841853,3.1622776601683795,14.035668847618199,-175.91438322002514
39,Cell,6,6.0,184.0,52.0,10.0,0.0,7.0710678118654755,47.508979210284004,10.0,7.0710678118654755,-8.13010235415598
39,Cell,7,7.0,181.0,52.0,7.0,0.0,3.0,50.508979210284004,7.0,3.0,180.0
39,Cell,8,8.0,188.0,55.0,14.0,3.0,7.615773105863909,58.12475231614791,14.317821063276353,7.615773105863909,23.19859051364819
39,Cell,9,9.0,181.0,54.0,7.0,2.0,7.0710678118654755,65.1958201280134,7.280109889280518,7.0710678118654755,-171.86989764584402
39,Cell,10,10.0,184.0,54.0,10.0,2.0,3.0,68.1958201280134,10.198039027185569,3.0,0.0
39,Cell,11,11.0,181.5,51.0,7.5,-1.0,3.905124837953327,72.10094496596672,7.566372975210778,3.905124837953327,-129.8055710922652
39,Cell,12,12.0,185.0,61.0,11.0,9.0,10.594810050208546,82.69575501617527,14.212670403551895,10.594810050208546,70.70995378081128
39,Cell,13,13.0,188.0,52.0,14.0,0.0,9.486832980505138,92.18258799668041,14.0,9.486832980505138,-71.56505117707799
39,Cell,14,14.0,184.0,62.0,10.0,10.0,10.770329614269007,102.95291761094941,14.142135623730951,10.770329614269007,111.80140948635182
39,Cell,15,15.0,183.0,52.0,9.0,0.0,10.04987562112089,113.0027932320703,9.0,10.04987562112089,-95.71059313749964
39,Cell,16,16.0,178.0,53.0,4.0,1.0,5.0990195135927845,118.10181274566308,4.123105625617661,5.0990195135927845,168.6900675259798
39,Cell,17,17.0,173.0,58.0,-1.0,6.0,7.0710678118654755,125.17288055752856,6.082762530298219,7.0710678118654755,135.0
39,Cell,18,18.0,165.0,63.0,-9.0,11.0,9.433981132056603,134.60686168958517,14.212670403551895,9.433981132056603,147.99461679191648
24,Cell,0,0.0,288.0,347.0,0.0,0.0,0.0,0.0,0.0,0.0,0.0
24,Cell,1,1.0,288.0,347.0,0.0,0.0,0.0,0.0,0.0,0.0,0.0
24,Cell,2,2.0,293.0,349.0,5.0,2.0,5.385164807134504,5.385164807134504,5.385164807134504,5.385164807134504,21.80140948635181
24,Cell,3,3.0,313.0,350.0,25.0,3.0,20.024984394500787,25.410149201635292,25.179356624028344,20.024984394500787,2.8624052261117474
24,Cell,4,4.0,312.0,340.0,24.0,-7.0,10.04987562112089,35.46002482275618,25.0,10.04987562112089,-95.71059313749964
24,Cell,5,5.0,311.0,352.0,23.0,5.0,12.041594578792296,47.50161940154848,23.53720459187964,12.041594578792296,94.76364169072617
24,Cell,6,6.0,311.0,352.0,23.0,5.0,0.0,47.50161940154848,23.53720459187964,0.0,0.0
24,Cell,7,7.0,311.0,352.0,23.0,5.0,0.0,47.50161940154848,23.53720459187964,0.0,0.0
24,Cell,8,8.0,311.0,352.0,23.0,5.0,0.0,47.50161940154848,23.53720459187964,0.0,0.0
24,Cell,9,9.0,310.0,336.0,22.0,-11.0,16.0312195418814,63.53283894342988,24.596747752497688,16.0312195418814,-93.57633437499737
24,Cell,10,10.0,310.0,336.0,22.0,-11.0,0.0,63.53283894342988,24.596747752497688,0.0,0.0
24,Cell,11,11.0,304.0,347.0,16.0,0.0,12.529964086141668,76.06280302957154,16.0,12.529964086141668,118.61045966596521
24,Cell,12,12.0,301.5,351.0,13.5,4.0,4.716990566028302,80.77979359559984,14.080127840328723,4.716990566028302,122.0053832080835
24,Cell,13,13.0,301.0,351.0,13.0,4.0,0.5,81.27979359559984,13.601470508735444,0.5,180.0
24,Cell,14,14.0,300.0,349.0,12.0,2.0,2.23606797749979,83.51586157309963,12.165525060596439,2.23606797749979,-116.56505117707799
24,Cell,15,15.0,308.5,344.5,20.5,-2.5,9.617692030835672,93.1335536039353,20.65187642806338,9.617692030835672,-27.89727103094763
24,Cell,16,16.0,309.0,344.0,21.0,-3.0,0.7071067811865476,93.84066038512185,21.213203435596427,0.7071067811865476,-45.0
24,Cell,17,17.0,307.0,358.0,19.0,11.0,14.142135623730951,107.9827960088528,21.95449840010015,14.142135623730951,98.130102354156
26,Cell,0,0.0,320.0,293.0,0.0,0.0,0.0,0.0,0.0,0.0,0.0
26,Cell,1,1.0,315.0,286.0,-5.0,-7.0,8.602325267042627,8.602325267042627,8.602325267042627,8.602325267042627,-125.53767779197439
26,Cell,2,2.0,310.0,278.0,-10.0,-15.0,9.433981132056603,18.03630639909923,18.027756377319946,9.433981132056603,-122.0053832080835
26,Cell,3,3.0,290.0,266.0,-30.0,-27.0,23.323807579381203,41.360113978480435,40.36087214122113,23.323807579381203,-149.03624346792648
26,Cell,4,4.0,282.0,273.0,-38.0,-20.0,10.63014581273465,51.99025979121508,42.941821107167776,10.63014581273465,138.81407483429035
26,Cell,5,5.0,311.0,273.0,-9.0,-20.0,29.0,80.99025979121508,21.93171219946131,29.0,0.0
26,Cell,6,6.0,311.0,273.0,-9.0,-20.0,0.0,80.99025979121508,21.93171219946131,0.0,0.0
26,Cell,7,7.0,303.0,287.0,-17.0,-6.0,16.1245154965971,97.11477528781218,18.027756377319946,16.1245154965971,119.74488129694224
26,Cell,8,8.0,289.0,274.0,-31.0,-19.0,19.1049731745428,116.21974846235497,36.359317925395686,19.1049731745428,-137.12109639666144
26,Cell,9,9.0,314.0,250.0,-6.0,-43.0,34.655446902326915,150.87519536468187,43.41658669218482,34.655446902326915,-43.830860672092584
26,Cell,10,10.0,314.0,242.0,-6.0,-51.0,8.0,158.87519536468187,51.35172830587107,8.0,-90.0
26,Cell,11,11.0,310.0,270.0,-10.0,-23.0,28.284271247461902,187.15946661214377,25.079872407968907,28.284271247461902,98.130102354156
26,Cell,12,12.0,306.0,271.0,-14.0,-22.0,4.123105625617661,191.28257223776143,26.076809620810597,4.123105625617661,165.96375653207352
26,Cell,13,13.0,319.0,264.0,-1.0,-29.0,14.7648230602334,206.04739529799483,29.017236257093817,14.7648230602334,-28.30075576600638
26,Cell,14,14.0,322.0,263.0,2.0,-30.0,3.1622776601683795,209.2096729581632,30.066592756745816,3.1622776601683795,-18.43494882292201
26,Cell,15,15.0,322.0,254.0,2.0,-39.0,9.0,218.2096729581632,39.05124837953327,9.0,-90.0
26,Cell,16,16.0,278.0,256.0,-42.0,-37.0,44.04543109109048,262.25510404925365,55.97320787662612,44.04543109109048,177.3974377975002
26,Cell,17,17.0,278.0,261.0,-42.0,-32.0,5.0,267.25510404925365,52.80151512977634,5.0,90.0
56,Cell,0,0.0,447.0,54.0,0.0,0.0,0.0,0.0,0.0,0.0,0.0
56,Cell,1,1.0,449.0,55.0,2.0,1.0,2.23606797749979,2.23606797749979,2.23606797749979,2.23606797749979,26.56505117707799
56,Cell,2,2.0,421.0,54.0,-26.0,0.0,28.0178514522438,30.25391942974359,26.0,28.0178514522438,-177.9545915111128
56,Cell,3,3.0,417.0,53.0,-30.0,-1.0,4.123105625617661,34.37702505536125,30.01666203960727,4.123105625617661,-165.96375653207352
56,Cell,4,4.0,417.0,53.0,-30.0,-1.0,0.0,34.37702505536125,30.01666203960727,0.0,0.0
56,Cell,5,5.0,417.0,66.0,-30.0,12.0,13.0,47.37702505536125,32.31098884280702,13.0,90.0
56,Cell,6,6.0,457.0,51.0,10.0,-3.0,42.720018726587654,90.09704378194891,10.44030650891055,42.720018726587654,-20.556045219583464
56,Cell,7,7.0,456.0,53.0,9.0,-1.0,2.23606797749979,92.3331117594487,9.055385138137417,2.23606797749979,116.56505117707799
56,Cell,8,8.0,456.0,51.0,9.0,-3.0,2.0,94.3331117594487,9.486832980505138,2.0,-90.0
56,Cell,9,9.0,438.0,53.0,-9.0,-1.0,18.110770276274835,112.44388203572353,9.055385138137417,18.110770276274835,173.6598082540901
56,Cell,10,10.0,423.0,46.0,-24.0,-8.0,16.55294535724685,128.99682739297037,25.298221281347036,16.55294535724685,-154.9831065219
56,Cell,11,11.0,446.0,49.0,-1.0,-5.0,23.194827009486403,152.19165440245678,5.0990195135927845,23.194827009486403,7.431407971172507
56,Cell,12,12.0,454.0,50.0,7.0,-4.0,8.06225774829855,160.25391215075533,8.06225774829855,8.06225774829855,7.125016348901798
19,Cell,0,0.0,191.0,417.0,0.0,0.0,0.0,0.0,0.0,0.0,0.0
19,Cell,1,1.0,191.0,417.0,0.0,0.0,0.0,0.0,0.0,0.0,0.0
19,Cell,2,2.0,191.0,417.0,0.0,0.0,0.0,0.0,0.0,0.0,0.0
19,Cell,3,3.0,191.0,417.0,0.0,0.0,0.0,0.0,0.0,0.0,0.0
19,Cell,4,4.0,191.0,417.0,0.0,0.0,0.0,0.0,0.0,0.0,0.0
19,Cell,5,5.0,191.0,417.0,0.0,0.0,0.0,0.0,0.0,0.0,0.0
19,Cell,6,6.0,191.0,417.0,0.0,0.0,0.0,0.0,0.0,0.0,0.0
19,Cell,7,7.0,191.0,417.0,0.0,0.0,0.0,0.0,0.0,0.0,0.0
19,Cell,8,8.0,191.0,417.0,0.0,0.0,0.0,0.0,0.0,0.0,0.0
19,Cell,9,9.0,191.0,417.0,0.0,0.0,0.0,0.0,0.0,0.0,0.0
19,Cell,10,10.0,191.0,417.0,0.0,0.0,0.0,0.0,0.0,0.0,0.0
6,Cell,0,0.0,456.0,126.0,0.0,0.0,0.0,0.0,0.0,0.0,0.0
6,Cell,1,1.0,456.0,126.0,0.0,0.0,0.0,0.0,0.0,0.0,0.0
6,Cell,2,2.0,453.0,123.0,-3.0,-3.0,4.242640687119285,4.242640687119285,4.242640687119285,4.242640687119285,-135.0
6,Cell,3,3.0,447.0,103.0,-9.0,-23.0,20.8806130178211,25.123253704940385,24.698178070456937,20.8806130178211,-106.69924423399362
6,Cell,4,4.0,451.5,92.0,-4.5,-34.0,11.884864324004713,37.0081180289451,34.29650127928503,11.884864324004713,-67.75097634278764
6,Cell,5,5.0,467.0,96.0,11.0,-30.0,16.00781059358212,53.01592862252722,31.953090617340916,16.00781059358212,14.470294100065889
6,Cell,6,6.0,463.0,107.0,7.0,-19.0,11.704699910719626,64.72062853324684,20.248456731316587,11.704699910719626,109.98310652189998
6,Cell,7,7.0,460.0,109.0,4.0,-17.0,3.605551275463989,68.32617980871083,17.46424919657298,3.605551275463989,146.30993247402023
54,Cell,0,0.0,418.0,55.0,0.0,0.0,0.0,0.0,0.0,0.0,0.0
54,Cell,1,1.0,418.0,55.0,0.0,0.0,0.0,0.0,0.0,0.0,0.0
54,Cell,2,2.0,419.0,55.0,1.0,0.0,1.0,1.0,1.0,1.0,0.0
54,Cell,3,3.0,429.0,57.0,11.0,2.0,10.198039027185569,11.198039027185569,11.180339887498949,10.198039027185569,11.309932474020213
54,Cell,4,4.0,456.0,59.0,38.0,4.0,27.073972741361768,38.27201176854734,38.2099463490856,27.073972741361768,4.236394799058841
54,Cell,5,5.0,448.0,59.0,30.0,4.0,8.0,46.27201176854734,30.265491900843113,8.0,180.0
54,Cell,6,6.0,447.0,61.0,29.0,6.0,2.23606797749979,48.50807974604713,29.614185789921695,2.23606797749979,116.56505117707799
54,Cell,7,7.0,438.0,70.0,20.0,15.0,12.727922061357855,61.23600180740499,25.0,12.727922061357855,135.0
40,Cell,0,0.0,234.0,52.0,0.0,0.0,0.0,0.0,0.0,0.0,0.0
40,Cell,1,1.0,233.0,52.0,-1.0,0.0,1.0,1.0,1.0,1.0,180.0
40,Cell,2,2.0,221.0,56.0,-13.0,4.0,12.649110640673518,13.649110640673518,13.601470508735444,12.649110640673518,161.56505117707798
40,Cell,3,3.0,220.0,51.0,-14.0,-1.0,5.0990195135927845,18.748130154266303,14.035668847618199,5.0990195135927845,-101.30993247402021
40,Cell,4,4.0,220.0,50.0,-14.0,-2.0,1.0,19.748130154266303,14.142135623730951,1.0,-90.0
40,Cell,5,5.0,214.0,58.0,-20.0,6.0,10.0,29.748130154266303,20.8806130178211,10.0,126.86989764584402
40,Cell,6,6.0,214.0,54.0,-20.0,2.0,4.0,33.748130154266306,20.09975124224178,4.0,-90.0
38,Cell,0,0.0,423.0,52.0,0.0,0.0,0.0,0.0,0.0,0.0,0.0
38,Cell,1,1.0,421.0,54.0,-2.0,2.0,2.8284271247461903,2.8284271247461903,2.8284271247461903,2.8284271247461903,135.0
38,Cell,2,2.0,411.0,54.0,-12.0,2.0,10.0,12.82842712474619,12.165525060596439,10.0,180.0
38,Cell,3,3.0,425.0,46.0,2.0,-6.0,16.1245154965971,28.95294262134329,6.324555320336759,16.1245154965971,-29.744881296942225
38,Cell,4,4.0,436.0,53.0,13.0,1.0,13.038404810405298,41.991347431748586,13.038404810405298,13.038404810405298,32.47119229084849
35,Cell,0,0.0,335.0,49.0,0.0,0.0,0.0,0.0,0.0,0.0,0.0
35,Cell,1,1.0,333.0,43.0,-2.0,-6.0,6.324555320336759,6.324555320336759,6.324555320336759,6.324555320336759,-108.43494882292201
35,Cell,2,2.0,319.0,51.0,-16.0,2.0,16.1245154965971,22.449070816933858,16.1245154965971,16.1245154965971,150.2551187030578
35,Cell,3,3.0,323.0,54.0,-12.0,5.0,5.0,27.449070816933858,13.0,5.0,36.86989764584402
41,Cell,0,0.0,234.0,48.0,0.0,0.0,0.0,0.0,0.0,0.0,0.0
41,Cell,1,1.0,221.0,46.0,-13.0,-2.0,13.152946437965905,13.152946437965905,13.152946437965905,13.152946437965905,-171.2538377374448
12,Cell,0,0.0,337.0,192.0,0.0,0.0,0.0,0.0,0.0,0.0,0.0
12,Cell,1,1.0,350.5,189.0,13.5,-3.0,13.82931668593933,13.82931668593933,13.82931668593933,13.82931668593933,-12.528807709151511
12,Cell,2,2.0,351.0,189.0,14.0,-3.0,0.5,14.32931668593933,14.317821063276353,0.5,0.0
12,Cell,3,3.0,365.0,191.0,28.0,-1.0,14.142135623730951,28.471452309670283,28.0178514522438,14.142135623730951,8.13010235415598
12,Cell,4,4.0,367.0,190.0,30.0,-2.0,2.23606797749979,30.707520287170073,30.066592756745816,2.23606797749979,-26.56505117707799
12,Cell,5,5.0,367.0,190.0,30.0,-2.0,0.0,30.707520287170073,30.066592756745816,0.0,0.0
12,Cell,6,6.0,376.0,190.0,39.0,-2.0,9.0,39.70752028717007,39.05124837953327,9.0,0.0
12,Cell,7,7.0,386.0,186.0,49.0,-6.0,10.770329614269007,50.47784990143908,49.36598018878993,10.770329614269007,-21.80140948635181
12,Cell,8,8.0,392.0,183.0,55.0,-9.0,6.708203932499369,57.186053833938445,55.731499172371095,6.708203932499369,-26.56505117707799
12,Cell,9,9.0,330.5,163.0,-6.5,-29.0,64.67031776634471,121.85637160028315,29.71952220342716,64.67031776634471,-161.9853060817948
12,Cell,10,10.0,348.0,168.0,11.0,-24.0,18.200274723201296,140.05664632348444,26.40075756488817,18.200274723201296,15.945395900922856
12,Cell,11,11.0,382.0,184.0,45.0,-8.0,37.57658845611187,177.6332347795963,45.70557952810576,37.57658845611187,25.201123645475075
12,Cell,12,12.0,388.0,189.0,51.0,-3.0,7.810249675906654,185.44348445550295,51.088159097779204,7.810249675906654,39.80557109226519
12,Cell,13,13.0,411.0,182.0,74.0,-10.0,24.041630560342615,209.48511501584557,74.67261881037788,24.041630560342615,-16.927513064147043
12,Cell,14,14.0,408.0,182.0,71.0,-10.0,3.0,212.48511501584557,71.7007670809734,3.0,180.0
12,Cell,15,15.0,408.0,182.0,71.0,-10.0,0.0,212.48511501584557,71.7007670809734,0.0,0.0
12,Cell,16,16.0,400.0,177.0,63.0,-15.0,9.433981132056603,221.91909614790217,64.76109943476871,9.433981132056603,-147.99461679191648
12,Cell,17,17.0,356.5,188.5,19.5,-3.5,44.99444410146657,266.91354024936874,19.81161275615895,44.99444410146657,165.1916229609576
12,Cell,18,18.0,370.0,181.0,33.0,-11.0,15.443445211480501,282.3569854608492,34.785054261852174,15.443445211480501,-29.054604099077146
12,Cell,19,19.0,377.5,178.0,40.5,-14.0,8.077747210701755,290.434732671551,42.85148772213166,8.077747210701755,-21.80140948635181
12,Cell,20,20.0,385.0,174.5,48.0,-17.5,8.276472678623424,298.7112053501744,51.090605790105876,8.276472678623424,-25.016893478100023
12,Cell,21,21.0,377.0,203.5,40.0,11.5,30.083217912982647,328.79442326315706,41.620307543313515,30.083217912982647,105.42216131873867
5,Cell,0,0.0,322.0,147.0,0.0,0.0,0.0,0.0,0.0,0.0,0.0
5,Cell,1,1.0,322.0,127.0,0.0,-20.0,20.0,20.0,20.0,20.0,-90.0
5,Cell,2,2.0,363.0,136.0,41.0,-11.0,41.97618372363071,61.97618372363071,42.44997055358225,41.97618372363071,12.380756928807175
5,Cell,3,3.0,360.0,131.0,38.0,-16.0,5.830951894845301,67.80713561847601,41.23105625617661,5.830951894845301,-120.96375653207352
5,Cell,4,4.0,318.0,112.0,-4.0,-35.0,46.09772228646444,113.90485790494046,35.22782990761707,46.09772228646444,-155.65891006330747
5,Cell,5,5.0,318.0,112.0,-4.0,-35.0,0.0,113.90485790494046,35.22782990761707,0.0,0.0
5,Cell,6,6.0,321.0,117.5,-1.0,-29.5,6.264982043070834,120.16983994801129,29.516944286290883,6.264982043070834,61.38954033403479
5,Cell,7,7.0,306.0,112.0,-16.0,-35.0,15.976545308670458,136.14638525668175,38.48376280978771,15.976545308670458,-159.86369657175186
5,Cell,8,8.0,306.0,112.0,-16.0,-35.0,0.0,136.14638525668175,38.48376280978771,0.0,0.0
5,Cell,9,9.0,306.0,112.0,-16.0,-35.0,0.0,136.14638525668175,38.48376280978771,0.0,0.0
5,Cell,10,10.0,315.5,113.0,-6.5,-34.0,9.5524865872714,145.69887184395316,34.61574786134195,9.5524865872714,6.009005957494525
5,Cell,11,11.0,301.0,121.0,-21.0,-26.0,16.560495161679196,162.25936700563236,33.421549934136806,16.560495161679196,151.1134182330893
5,Cell,12,12.0,296.0,121.0,-26.0,-26.0,5.0,167.25936700563236,36.76955262170047,5.0,180.0
5,Cell,13,13.0,296.0,121.0,-26.0,-26.0,0.0,167.25936700563236,36.76955262170047,0.0,0.0
5,Cell,14,14.0,296.0,121.0,-26.0,-26.0,0.0,167.25936700563236,36.76955262170047,0.0,0.0
5,Cell,15,15.0,312.5,119.0,-9.5,-28.0,16.62077013859466,183.880137144227,29.567718883945037,16.62077013859466,-6.911227119024681
5,Cell,16,16.0,315.0,119.0,-7.0,-28.0,2.5,186.380137144227,28.861739379323623,2.5,0.0
5,Cell,17,17.0,322.0,119.0,0.0,-28.0,7.0,193.380137144227,28.0,7.0,0.0
5,Cell,18,18.0,332.0,119.0,10.0,-28.0,10.0,203.380137144227,29.732137494637012,10.0,0.0
5,Cell,19,19.0,332.0,119.0,10.0,-28.0,0.0,203.380137144227,29.732137494637012,0.0,0.0
5,Cell,20,20.0,371.0,133.0,49.0,-14.0,41.43669871020132,244.81683585442832,50.96076922496363,41.43669871020132,19.74683660542612
5,Cell,21,21.0,376.5,121.0,54.5,-26.0,13.200378782444085,258.0172146368724,60.38418667167755,13.200378782444085,-65.37643521383639
5,Cell,22,22.0,378.0,121.0,56.0,-26.0,1.5,259.5172146368724,61.741396161732524,1.5,0.0
5,Cell,23,23.0,378.0,126.0,56.0,-21.0,5.0,264.5172146368724,59.80802621722272,5.0,90.0
5,Cell,24,24.0,373.0,131.0,51.0,-16.0,7.0710678118654755,271.58828244873786,53.45091205957107,7.0710678118654755,135.0
5,Cell,25,25.0,389.5,129.0,67.5,-18.0,16.62077013859466,288.2090525873325,69.85878613317011,16.62077013859466,-6.911227119024681
5,Cell,26,26.0,391.0,129.0,69.0,-18.0,1.5,289.7090525873325,71.30918594402827,1.5,0.0
5,Cell,27,27.0,388.0,140.0,66.0,-7.0,11.40175425099138,301.11080683832387,66.37017402418047,11.40175425099138,105.25511870305778
5,Cell,28,28.0,385.0,145.0,63.0,-2.0,5.830951894845301,306.9417587331692,63.0317380372777,5.830951894845301,120.96375653207352
5,Cell,29,29.0,385.0,133.0,63.0,-14.0,12.0,318.9417587331692,64.53681120105021,12.0,-90.0
5,Cell,30,30.0,384.0,133.0,62.0,-14.0,1.0,319.9417587331692,63.56099432828282,1.0,180.0
5,Cell,31,31.0,367.5,133.0,45.5,-14.0,16.5,336.4417587331692,47.60514678057405,16.5,180.0
5,Cell,32,32.0,363.5,127.0,41.5,-20.0,7.211102550927978,343.6528612840972,46.06788469204984,7.211102550927978,-123.6900675259798
5,Cell,33,33.0,396.0,110.0,74.0,-37.0,36.67764987018661,380.3305111542838,82.73451516749222,36.67764987018661,-27.613027823084472
5,Cell,34,34.0,396.0,110.0,74.0,-37.0,0.0,380.3305111542838,82.73451516749222,0.0,0.0
5,Cell,35,35.0,396.0,110.0,74.0,-37.0,0.0,380.3305111542838,82.73451516749222,0.0,0.0
5,Cell,36,36.0,389.0,117.5,67.0,-29.5,10.259142264341596,390.5896534186254,73.20689858203255,10.259142264341596,133.02506598911805
5,Cell,37,37.0,399.0,119.0,77.0,-28.0,10.111874208078342,400.70152762670375,81.93289937503738,10.111874208078342,8.530765609948133
5,Cell,38,38.0,399.0,119.0,77.0,-28.0,0.0,400.70152762670375,81.93289937503738,0.0,0.0
5,Cell,39,39.0,399.0,121.0,77.0,-26.0,2.0,402.70152762670375,81.27115109311545,2.0,90.0
5,Cell,40,40.0,399.0,121.0,77.0,-26.0,0.0,402.70152762670375,81.27115109311545,0.0,0.0
5,Cell,41,41.0,399.0,121.0,77.0,-26.0,0.0,402.70152762670375,81.27115109311545,0.0,0.0
5,Cell,42,42.0,421.0,118.0,99.0,-29.0,22.20360331117452,424.90513093787825,103.16006979447037,22.20360331117452,-7.765166018425334
5,Cell,43,43.0,446.5,113.0,124.5,-34.0,25.985572920372565,450.89070385825084,129.05909499140307,25.985572920372565,-11.093723011557849
5,Cell,44,44.0,450.5,114.0,128.5,-33.0,4.123105625617661,455.0138094838685,132.66970264532893,4.123105625617661,14.036243467926477
5,Cell,45,45.0,458.0,136.0,136.0,-11.0,23.243278598338918,478.2570880822074,136.444127759314,23.243278598338918,71.17528998175993
5,Cell,46,46.0,458.0,140.0,136.0,-7.0,4.0,482.2570880822074,136.1800279042415,4.0,90.0
5,Cell,47,47.0,451.0,121.0,129.0,-26.0,20.248456731316587,502.505544813524,131.59407281484982,20.248456731316587,-110.22485943116808
5,Cell,48,48.0,451.0,104.0,129.0,-43.0,17.0,519.505544813524,135.9779393872403,17.0,-90.0
5,Cell,49,49.0,452.5,104.0,130.5,-43.0,1.5,521.005544813524,137.40178310342264,1.5,0.0
5,Cell,50,50.0,454.0,107.0,132.0,-40.0,3.3541019662496847,524.3596467797737,137.92751719653333,3.3541019662496847,63.43494882292201
5,Cell,51,51.0,455.5394944707741,108.98104265402844,133.53949447077412,-38.01895734597156,2.5088988067724314,526.8685455865461,138.84609357552958,2.5088988067724314,52.148747859147186
5,Cell,52,52.0,456.0,110.0,134.0,-37.0,1.1181857696094204,527.9867313561556,139.01438774457844,1.1181857696094204,65.67998211146143
5,Cell,53,53.0,456.0,110.5,134.0,-36.5,0.5,528.4867313561556,138.8821442806814,0.5,90.0
5,Cell,54,54.0,454.0,99.0,132.0,-48.0,11.672617529928752,540.1593488860843,140.4563989286355,11.672617529928752,-99.86580694308437
5,Cell,55,55.0,447.0,98.0,125.0,-49.0,7.0710678118654755,547.2304166979497,134.2609399639374,7.0710678118654755,-171.86989764584402
5,Cell,56,56.0,447.0,98.0,125.0,-49.0,0.0,547.2304166979497,134.2609399639374,0.0,0.0
5,Cell,57,57.0,430.61711345789325,125.38288654210668,108.61711345789325,-21.617113457893325,31.909582366891442,579.1399990648412,110.74735631235758,31.909582366891442,120.89162934948577
5,Cell,58,58.0,434.0,150.0,112.0,3.0,24.84846466797415,603.9884637328153,112.04017136723775,24.84846466797415,82.1754157283587
5,Cell,59,59.0,431.0,153.0,109.0,6.0,4.242640687119285,608.2311044199346,109.16501271011697,4.242640687119285,135.0
5,Cell,60,60.0,432.0,154.0,110.0,7.0,1.4142135623730951,609.6453179823077,110.22250223978767,1.4142135623730951,45.0
5,Cell,61,61.0,432.0,154.0,110.0,7.0,0.0,609.6453179823077,110.22250223978767,0.0,0.0
5,Cell,62,62.0,454.5,154.0,132.5,7.0,22.5,632.1453179823077,132.6847768208546,22.5,0.0
5,Cell,63,63.0,461.0,154.0,139.0,7.0,6.5,638.6453179823077,139.17614738165446,6.5,0.0
5,Cell,64,64.0,447.0,154.0,125.0,7.0,14.0,652.6453179823077,125.19584657647394,14.0,180.0
5,Cell,65,65.0,451.0,143.0,129.0,-4.0,11.704699910719626,664.3500178930274,129.0620006043607,11.704699910719626,-70.01689347810003
5,Cell,66,66.0,451.0,143.0,129.0,-4.0,0.0,664.3500178930274,129.0620006043607,0.0,0.0
5,Cell,67,67.0,447.0,125.0,125.0,-22.0,18.439088914585774,682.7891068076132,126.92123541787639,18.439088914585774,-102.52880770915151
5,Cell,68,68.0,454.5,111.0,132.5,-36.0,15.88238017426859,698.6714869818818,137.3034959496662,15.88238017426859,-61.82140989004083
